# Blender 4.1.1
# www.blender.org
mtllib player.mtl
o 球
v 0.000000 0.386256 -0.324676
v 0.000000 0.259203 -0.470279
v 0.000000 0.093199 -0.549078
v 0.000000 0.003359 -0.559219
v 0.000000 -0.086481 -0.549078
v 0.000000 -0.252484 -0.470279
v 0.018008 0.455017 -0.132459
v 0.035324 0.428811 -0.229557
v 0.051283 0.386256 -0.319043
v 0.065271 0.328986 -0.397478
v 0.076751 0.259203 -0.461847
v 0.085281 0.179587 -0.509679
v 0.090534 0.093199 -0.539133
v 0.092307 0.003359 -0.549078
v 0.090534 -0.086481 -0.539133
v 0.085281 -0.172869 -0.509679
v 0.076751 -0.252484 -0.461847
v 0.065271 -0.322268 -0.397478
v 0.051283 -0.379538 -0.319043
v 0.035324 -0.422093 -0.229557
v 0.018008 -0.448299 -0.132459
v 0.035324 0.455017 -0.126600
v 0.069291 0.428811 -0.218064
v 0.100596 0.386256 -0.302358
v 0.128034 0.328986 -0.376242
v 0.150552 0.259203 -0.436877
v 0.167284 0.179587 -0.481933
v 0.177588 0.093199 -0.509679
v 0.181067 0.003359 -0.519047
v 0.177588 -0.086481 -0.509679
v 0.167284 -0.172869 -0.481933
v 0.150552 -0.252484 -0.436877
v 0.128034 -0.322268 -0.376242
v 0.100596 -0.379538 -0.302358
v 0.069291 -0.422093 -0.218064
v 0.035324 -0.448299 -0.126600
v 0.051283 0.455017 -0.117086
v 0.100596 0.428811 -0.199402
v 0.146042 0.386256 -0.275264
v 0.185876 0.328986 -0.341758
v 0.218567 0.259203 -0.396328
v 0.242859 0.179587 -0.436877
v 0.257818 0.093199 -0.461847
v 0.262869 0.003359 -0.470279
v 0.257818 -0.086481 -0.461847
v 0.242859 -0.172869 -0.436877
v 0.218567 -0.252484 -0.396328
v 0.185876 -0.322268 -0.341758
v 0.146042 -0.379538 -0.275264
v 0.100596 -0.422093 -0.199402
v 0.051283 -0.448299 -0.117086
v 0.065271 0.455017 -0.104282
v 0.128034 0.428811 -0.174286
v 0.185876 0.386256 -0.238801
v 0.236576 0.328986 -0.295350
v 0.278183 0.259203 -0.341758
v 0.309101 0.179587 -0.376242
v 0.328140 0.093199 -0.397478
v 0.334568 0.003359 -0.404648
v 0.328140 -0.086481 -0.397478
v 0.309101 -0.172869 -0.376242
v 0.278183 -0.252484 -0.341758
v 0.236576 -0.322268 -0.295350
v 0.185876 -0.379538 -0.238801
v 0.128034 -0.422093 -0.174286
v 0.065271 -0.448299 -0.104282
v 0.076751 0.455017 -0.088680
v 0.150552 0.428811 -0.143682
v 0.218567 0.386256 -0.194371
v 0.278184 0.328986 -0.238801
v 0.327109 0.259203 -0.275264
v 0.363464 0.179587 -0.302358
v 0.385852 0.093199 -0.319043
v 0.393411 0.003359 -0.324676
v 0.385852 -0.086481 -0.319043
v 0.363464 -0.172869 -0.302358
v 0.327109 -0.252484 -0.275264
v 0.278184 -0.322268 -0.238801
v 0.218567 -0.379538 -0.194371
v 0.150552 -0.422093 -0.143682
v 0.076751 -0.448299 -0.088680
v 0.000000 0.463865 -0.031481
v 0.085281 0.455017 -0.070881
v 0.167284 0.428811 -0.108766
v 0.242859 0.386256 -0.143682
v 0.309101 0.328986 -0.174286
v 0.363464 0.259203 -0.199401
v 0.403860 0.179587 -0.218064
v 0.428735 0.093199 -0.229557
v 0.437135 0.003359 -0.233437
v 0.428735 -0.086481 -0.229557
v 0.403860 -0.172869 -0.218064
v 0.363464 -0.252484 -0.199401
v 0.309101 -0.322268 -0.174286
v 0.242859 -0.379538 -0.143682
v 0.167284 -0.422093 -0.108766
v 0.085281 -0.448299 -0.070881
v 0.090534 0.455017 -0.051567
v 0.177588 0.428811 -0.070881
v 0.257818 0.386256 -0.088680
v 0.328140 0.328986 -0.104282
v 0.385852 0.259203 -0.117086
v 0.428735 0.179587 -0.126600
v 0.455143 0.093199 -0.132459
v 0.464060 0.003359 -0.134437
v 0.455143 -0.086481 -0.132459
v 0.428735 -0.172869 -0.126600
v 0.385852 -0.252484 -0.117086
v 0.328140 -0.322268 -0.104282
v 0.257818 -0.379538 -0.088680
v 0.177588 -0.422093 -0.070881
v 0.090534 -0.448299 -0.051567
v 0.092307 0.455017 -0.031481
v 0.181067 0.428811 -0.031481
v 0.262869 0.386256 -0.031481
v 0.334568 0.328986 -0.031481
v 0.393411 0.259203 -0.031481
v 0.437135 0.179587 -0.031481
v 0.464060 0.093199 -0.031481
v 0.473151 0.003359 -0.031481
v 0.464060 -0.086481 -0.031481
v 0.437135 -0.172869 -0.031481
v 0.393411 -0.252484 -0.031481
v 0.334568 -0.322268 -0.031481
v 0.262869 -0.379538 -0.031481
v 0.181067 -0.422093 -0.031481
v 0.092307 -0.448299 -0.031481
v 0.090534 0.455017 -0.011395
v 0.177588 0.428811 0.007919
v 0.257818 0.386256 0.025719
v 0.328140 0.328986 0.041320
v 0.385852 0.259203 0.054124
v 0.428735 0.179587 0.063639
v 0.455143 0.093199 0.069497
v 0.464060 0.003359 0.071476
v 0.455143 -0.086481 0.069497
v 0.428735 -0.172869 0.063639
v 0.385852 -0.252484 0.054124
v 0.328140 -0.322268 0.041320
v 0.257818 -0.379538 0.025719
v 0.177588 -0.422093 0.007919
v 0.090534 -0.448299 -0.011395
v 0.085281 0.455017 0.007919
v 0.167284 0.428811 0.045805
v 0.242859 0.386256 0.080720
v 0.309101 0.328986 0.111324
v 0.363464 0.259203 0.136440
v 0.403860 0.179587 0.155103
v 0.428735 0.093199 0.166595
v 0.437135 0.003359 0.170476
v 0.428735 -0.086481 0.166595
v 0.403860 -0.172869 0.155103
v 0.363464 -0.252484 0.136440
v 0.309101 -0.322268 0.111324
v 0.242859 -0.379538 0.080720
v 0.167284 -0.422093 0.045805
v 0.085281 -0.448299 0.007919
v 0.076751 0.455017 0.025719
v 0.150552 0.428811 0.080720
v 0.218567 0.386256 0.131410
v 0.278183 0.328986 0.175840
v 0.327109 0.259203 0.212302
v 0.363464 0.179587 0.239396
v 0.385852 0.093199 0.256081
v 0.393411 0.003359 0.261715
v 0.385852 -0.086481 0.256081
v 0.363464 -0.172869 0.239396
v 0.327109 -0.252484 0.212302
v 0.278183 -0.322268 0.175840
v 0.218567 -0.379538 0.131410
v 0.150552 -0.422093 0.080720
v 0.076751 -0.448299 0.025719
v 0.065271 0.455017 0.041320
v 0.128034 0.428811 0.111324
v 0.185876 0.386256 0.175840
v 0.236576 0.328986 0.232388
v 0.278183 0.259203 0.278796
v 0.309101 0.179587 0.313280
v 0.328140 0.093199 0.334516
v 0.334568 0.003359 0.341686
v 0.328140 -0.086481 0.334516
v 0.309101 -0.172869 0.313280
v 0.278183 -0.252484 0.278796
v 0.236576 -0.322268 0.232388
v 0.185876 -0.379538 0.175840
v 0.128034 -0.422093 0.111324
v 0.065271 -0.448299 0.041320
v 0.051283 0.455017 0.054124
v 0.100595 0.428811 0.136440
v 0.146042 0.386256 0.212302
v 0.185876 0.328986 0.278796
v 0.218567 0.259203 0.333366
v 0.242859 0.179587 0.373915
v 0.257818 0.093199 0.398886
v 0.262869 0.003359 0.407317
v 0.257818 -0.086481 0.398886
v 0.242859 -0.172869 0.373915
v 0.218567 -0.252484 0.333366
v 0.185876 -0.322268 0.278796
v 0.146042 -0.379538 0.212302
v 0.100595 -0.422093 0.136440
v 0.051283 -0.448299 0.054124
v 0.035324 0.455017 0.063639
v 0.069291 0.428811 0.155103
v 0.100595 0.386256 0.239396
v 0.128034 0.328986 0.313280
v 0.150552 0.259203 0.373915
v 0.167284 0.179587 0.418971
v 0.177588 0.093199 0.446717
v 0.181067 0.003359 0.456085
v 0.177588 -0.086481 0.446717
v 0.167284 -0.172869 0.418971
v 0.150552 -0.252484 0.373915
v 0.128034 -0.322268 0.313280
v 0.100595 -0.379538 0.239396
v 0.069291 -0.422093 0.155103
v 0.035324 -0.448299 0.063639
v 0.018008 0.455017 0.069497
v 0.035324 0.428811 0.166595
v 0.051283 0.386256 0.256081
v 0.065271 0.328986 0.334516
v 0.076751 0.259203 0.398886
v 0.085281 0.179587 0.446717
v 0.090533 0.093199 0.476171
v 0.092307 0.003359 0.486116
v 0.090533 -0.086481 0.476171
v 0.085281 -0.172869 0.446717
v 0.076751 -0.252484 0.398886
v 0.065271 -0.322268 0.334516
v 0.051283 -0.379538 0.256081
v 0.035324 -0.422093 0.166595
v 0.018008 -0.448299 0.069497
v -0.000000 0.455017 0.071476
v -0.000000 0.428811 0.170476
v -0.000000 0.386256 0.261714
v -0.000000 0.328986 0.341686
v -0.000000 0.259203 0.407317
v 0.000000 0.179587 0.456085
v -0.000000 0.093199 0.486116
v -0.000000 0.003359 0.496257
v -0.000000 -0.086481 0.486116
v 0.000000 -0.172869 0.456085
v -0.000000 -0.252484 0.407317
v -0.000000 -0.322268 0.341686
v -0.000000 -0.379538 0.261714
v -0.000000 -0.422093 0.170476
v -0.000000 -0.448299 0.071476
v -0.018008 0.455017 0.069497
v -0.035324 0.428811 0.166595
v -0.051283 0.386256 0.256081
v -0.065271 0.328986 0.334516
v -0.076751 0.259203 0.398885
v -0.085281 0.179587 0.446717
v -0.090534 0.093199 0.476171
v -0.092307 0.003359 0.486116
v -0.090534 -0.086481 0.476171
v -0.085281 -0.172869 0.446717
v -0.076751 -0.252484 0.398885
v -0.065271 -0.322268 0.334516
v -0.051283 -0.379538 0.256081
v -0.035324 -0.422093 0.166595
v -0.018008 -0.448299 0.069497
v -0.035324 0.455017 0.063639
v -0.069291 0.428811 0.155103
v -0.100596 0.386256 0.239396
v -0.128034 0.328986 0.313280
v -0.150552 0.259203 0.373915
v -0.167284 0.179587 0.418971
v -0.177588 0.093199 0.446717
v -0.181067 0.003359 0.456085
v -0.177588 -0.086481 0.446717
v -0.167284 -0.172869 0.418971
v -0.150552 -0.252484 0.373915
v -0.128034 -0.322268 0.313280
v -0.100596 -0.379538 0.239396
v -0.069291 -0.422093 0.155103
v -0.035324 -0.448299 0.063639
v -0.051283 0.455017 0.054124
v -0.100596 0.428811 0.136440
v -0.146042 0.386256 0.212302
v -0.185876 0.328986 0.278796
v -0.218567 0.259203 0.333366
v -0.242859 0.179587 0.373915
v -0.257818 0.093199 0.398885
v -0.262869 0.003359 0.407317
v -0.257818 -0.086481 0.398885
v -0.242859 -0.172869 0.373915
v -0.218567 -0.252484 0.333366
v -0.185876 -0.322268 0.278796
v -0.146042 -0.379538 0.212302
v -0.100596 -0.422093 0.136440
v -0.051283 -0.448299 0.054124
v -0.065271 0.455017 0.041320
v -0.128034 0.428811 0.111324
v -0.185876 0.386256 0.175839
v -0.236576 0.328986 0.232388
v -0.278183 0.259203 0.278796
v -0.309101 0.179587 0.313280
v -0.328140 0.093199 0.334516
v -0.334568 0.003359 0.341686
v -0.328140 -0.086481 0.334516
v -0.309101 -0.172869 0.313280
v -0.278183 -0.252484 0.278796
v -0.236576 -0.322268 0.232388
v -0.185876 -0.379538 0.175839
v -0.128034 -0.422093 0.111324
v -0.065271 -0.448299 0.041320
v 0.000000 -0.457147 -0.031481
v -0.076751 0.455017 0.025719
v -0.150552 0.428811 0.080720
v -0.218567 0.386256 0.131410
v -0.278183 0.328986 0.175840
v -0.327109 0.259203 0.212302
v -0.363464 0.179587 0.239396
v -0.385852 0.093199 0.256081
v -0.393411 0.003359 0.261714
v -0.385852 -0.086481 0.256081
v -0.363464 -0.172869 0.239396
v -0.327109 -0.252484 0.212302
v -0.278183 -0.322268 0.175840
v -0.218567 -0.379538 0.131410
v -0.150552 -0.422093 0.080720
v -0.076751 -0.448299 0.025719
v -0.085281 0.455017 0.007919
v -0.167284 0.428811 0.045804
v -0.242859 0.386256 0.080720
v -0.309101 0.328986 0.111324
v -0.363464 0.259203 0.136440
v -0.403860 0.179587 0.155103
v -0.428735 0.093199 0.166595
v -0.437134 0.003359 0.170475
v -0.428735 -0.086481 0.166595
v -0.403860 -0.172869 0.155103
v -0.363464 -0.252484 0.136440
v -0.309101 -0.322268 0.111324
v -0.242859 -0.379538 0.080720
v -0.167284 -0.422093 0.045804
v -0.085281 -0.448299 0.007919
v -0.090534 0.455017 -0.011395
v -0.177588 0.428811 0.007919
v -0.257818 0.386256 0.025719
v -0.328140 0.328986 0.041320
v -0.385851 0.259203 0.054124
v -0.428735 0.179587 0.063639
v -0.455143 0.093199 0.069497
v -0.464059 0.003359 0.071475
v -0.455143 -0.086481 0.069497
v -0.428735 -0.172869 0.063639
v -0.385851 -0.252484 0.054124
v -0.328140 -0.322268 0.041320
v -0.257818 -0.379538 0.025719
v -0.177588 -0.422093 0.007919
v -0.090534 -0.448299 -0.011395
v -0.092307 0.455017 -0.031481
v -0.181067 0.428811 -0.031481
v -0.262869 0.386256 -0.031481
v -0.334568 0.328986 -0.031481
v -0.393411 0.259203 -0.031481
v -0.437135 0.179587 -0.031481
v -0.464060 0.093199 -0.031481
v -0.473151 0.003359 -0.031481
v -0.464060 -0.086481 -0.031481
v -0.437135 -0.172869 -0.031481
v -0.393411 -0.252484 -0.031481
v -0.334568 -0.322268 -0.031481
v -0.262869 -0.379538 -0.031481
v -0.181067 -0.422093 -0.031481
v -0.092307 -0.448299 -0.031481
v -0.090533 0.455017 -0.051567
v -0.177588 0.428811 -0.070881
v -0.257818 0.386256 -0.088680
v -0.328140 0.328986 -0.104282
v -0.385851 0.259203 -0.117086
v -0.428735 0.179587 -0.126600
v -0.455143 0.093199 -0.132459
v -0.464059 0.003359 -0.134438
v -0.455143 -0.086481 -0.132459
v -0.428735 -0.172869 -0.126600
v -0.385851 -0.252484 -0.117086
v -0.328140 -0.322268 -0.104282
v -0.257818 -0.379538 -0.088680
v -0.177588 -0.422093 -0.070881
v -0.090533 -0.448299 -0.051567
v -0.085281 0.455017 -0.070881
v -0.167284 0.428811 -0.108766
v -0.242859 0.386256 -0.143682
v -0.309101 0.328986 -0.174286
v -0.363464 0.259203 -0.199402
v -0.403860 0.179587 -0.218064
v -0.428735 0.093199 -0.229557
v -0.437134 0.003359 -0.233437
v -0.428735 -0.086481 -0.229557
v -0.403860 -0.172869 -0.218064
v -0.363464 -0.252484 -0.199402
v -0.309101 -0.322268 -0.174286
v -0.242859 -0.379538 -0.143682
v -0.167284 -0.422093 -0.108766
v -0.085281 -0.448299 -0.070881
v -0.076751 0.455017 -0.088680
v -0.150552 0.428811 -0.143682
v -0.218567 0.386256 -0.194371
v -0.278183 0.328986 -0.238801
v -0.327109 0.259203 -0.275264
v -0.363464 0.179587 -0.302358
v -0.385851 0.093199 -0.319043
v -0.393410 0.003359 -0.324676
v -0.385851 -0.086481 -0.319043
v -0.363464 -0.172869 -0.302358
v -0.327109 -0.252484 -0.275264
v -0.278183 -0.322268 -0.238801
v -0.218567 -0.379538 -0.194371
v -0.150552 -0.422093 -0.143682
v -0.076751 -0.448299 -0.088680
v -0.065271 0.455017 -0.104282
v -0.128034 0.428811 -0.174286
v -0.185876 0.386256 -0.238801
v -0.236576 0.328986 -0.295350
v -0.278183 0.259203 -0.341758
v -0.309101 0.179587 -0.376242
v -0.328140 0.093199 -0.397477
v -0.334568 0.003359 -0.404648
v -0.328140 -0.086481 -0.397477
v -0.309101 -0.172869 -0.376242
v -0.278183 -0.252484 -0.341758
v -0.236576 -0.322268 -0.295350
v -0.185876 -0.379538 -0.238801
v -0.128034 -0.422093 -0.174286
v -0.065271 -0.448299 -0.104282
v -0.051283 0.455017 -0.117086
v -0.100595 0.428811 -0.199401
v -0.146042 0.386256 -0.275264
v -0.185876 0.328986 -0.341758
v -0.218567 0.259203 -0.396328
v -0.242859 0.179587 -0.436877
v -0.257818 0.093199 -0.461847
v -0.262868 0.003359 -0.470278
v -0.257818 -0.086481 -0.461847
v -0.242859 -0.172869 -0.436877
v -0.218567 -0.252484 -0.396328
v -0.185876 -0.322268 -0.341758
v -0.146042 -0.379538 -0.275264
v -0.100595 -0.422093 -0.199401
v -0.051283 -0.448299 -0.117086
v -0.035324 0.455017 -0.126600
v -0.069291 0.428811 -0.218064
v -0.100595 0.386256 -0.302358
v -0.128034 0.328986 -0.376242
v -0.150552 0.259203 -0.436877
v -0.167284 0.179587 -0.481933
v -0.177588 0.093199 -0.509678
v -0.181067 0.003359 -0.519047
v -0.177588 -0.086481 -0.509678
v -0.167284 -0.172869 -0.481933
v -0.150552 -0.252484 -0.436877
v -0.128034 -0.322268 -0.376242
v -0.100595 -0.379538 -0.302358
v -0.069291 -0.422093 -0.218064
v -0.035324 -0.448299 -0.126600
v -0.018008 0.455017 -0.132459
v -0.035324 0.428811 -0.229557
v -0.051283 0.386256 -0.319042
v -0.065271 0.328986 -0.397477
v -0.076751 0.259203 -0.461847
v -0.085281 0.179587 -0.509678
v -0.090533 0.093199 -0.539133
v -0.092307 0.003359 -0.549078
v -0.090533 -0.086481 -0.539133
v -0.085281 -0.172869 -0.509678
v -0.076751 -0.252484 -0.461847
v -0.065271 -0.322268 -0.397477
v -0.051283 -0.379538 -0.319042
v -0.035324 -0.422093 -0.229557
v -0.018008 -0.448299 -0.132459
v 0.000000 0.455017 -0.134437
v 0.000000 0.428811 -0.233437
v 0.000000 0.328986 -0.404648
v 0.000000 0.179587 -0.519047
v 0.000000 -0.172869 -0.519047
v 0.000000 -0.322268 -0.404648
v 0.000000 -0.379538 -0.324676
v 0.000000 -0.422093 -0.233437
v 0.000000 -0.448299 -0.134437
v -0.343218 -0.143298 0.180078
v -0.319409 -0.138566 0.117014
v -0.306523 -0.157446 0.065466
v -0.304865 -0.174974 0.046566
v -0.306523 -0.197063 0.033280
v -0.319409 -0.251385 0.025358
v -0.370124 -0.172674 0.247214
v -0.349894 -0.157874 0.217191
v -0.331250 -0.148291 0.186224
v -0.314909 -0.144295 0.155504
v -0.301498 -0.146039 0.126212
v -0.291532 -0.153456 0.099473
v -0.285396 -0.166261 0.076315
v -0.283324 -0.183961 0.057628
v -0.285396 -0.205877 0.044130
v -0.291532 -0.231167 0.036339
v -0.301498 -0.258858 0.034556
v -0.314909 -0.287886 0.038848
v -0.331250 -0.317136 0.049050
v -0.349894 -0.345484 0.064772
v -0.370124 -0.371840 0.085407
v -0.366730 -0.175250 0.250385
v -0.343237 -0.162926 0.223410
v -0.321585 -0.155627 0.195253
v -0.302607 -0.153631 0.166996
v -0.287033 -0.157017 0.139725
v -0.275460 -0.165654 0.114488
v -0.268333 -0.179210 0.092255
v -0.265927 -0.197164 0.073880
v -0.268333 -0.218827 0.060069
v -0.275460 -0.243365 0.051354
v -0.287033 -0.269836 0.048068
v -0.302607 -0.297222 0.050339
v -0.321585 -0.324471 0.058079
v -0.343237 -0.350537 0.070991
v -0.366730 -0.374416 0.088578
v -0.364275 -0.178549 0.254446
v -0.338421 -0.169398 0.231376
v -0.314594 -0.165022 0.206817
v -0.293709 -0.165589 0.181715
v -0.276569 -0.171078 0.157032
v -0.263833 -0.181278 0.133719
v -0.255991 -0.195796 0.112670
v -0.253343 -0.214075 0.094696
v -0.255991 -0.235413 0.080485
v -0.263833 -0.258989 0.070585
v -0.276569 -0.283897 0.065376
v -0.293709 -0.309180 0.065058
v -0.314594 -0.333867 0.069644
v -0.338421 -0.357008 0.078957
v -0.364275 -0.377715 0.092639
v -0.362853 -0.182445 0.259241
v -0.335632 -0.177040 0.240782
v -0.310545 -0.176116 0.220473
v -0.288556 -0.179710 0.199096
v -0.270510 -0.187682 0.177470
v -0.257100 -0.199727 0.156428
v -0.248843 -0.215382 0.136778
v -0.246055 -0.234045 0.119276
v -0.248843 -0.254999 0.104593
v -0.257100 -0.277438 0.093294
v -0.270510 -0.300501 0.085814
v -0.288556 -0.323301 0.082439
v -0.310545 -0.344961 0.083300
v -0.335632 -0.364650 0.088363
v -0.362853 -0.381611 0.097434
v -0.362519 -0.186788 0.264587
v -0.334977 -0.185559 0.251268
v -0.309594 -0.188484 0.235696
v -0.287345 -0.195450 0.218470
v -0.269087 -0.206191 0.200253
v -0.255519 -0.220293 0.181743
v -0.247164 -0.237215 0.163652
v -0.244343 -0.256306 0.146676
v -0.247164 -0.276831 0.131467
v -0.255519 -0.298004 0.118609
v -0.269087 -0.319010 0.108596
v -0.287345 -0.339041 0.101814
v -0.309594 -0.357329 0.098523
v -0.334977 -0.373169 0.098849
v -0.362519 -0.385954 0.102780
v -0.391162 -0.192124 0.275141
v -0.363286 -0.191411 0.270277
v -0.336481 -0.194627 0.262429
v -0.311778 -0.201648 0.251900
v -0.290125 -0.212206 0.239094
v -0.272355 -0.225894 0.224504
v -0.259151 -0.242186 0.208689
v -0.251019 -0.260455 0.192259
v -0.248274 -0.280001 0.175843
v -0.251019 -0.300072 0.160073
v -0.259151 -0.319896 0.145555
v -0.272355 -0.338712 0.132848
v -0.290125 -0.355797 0.122438
v -0.311778 -0.370493 0.114727
v -0.336481 -0.382237 0.110010
v -0.363286 -0.390577 0.108470
v -0.365124 -0.196136 0.276093
v -0.340087 -0.203896 0.273838
v -0.317012 -0.215105 0.268463
v -0.296787 -0.229333 0.260175
v -0.280189 -0.246032 0.249292
v -0.267855 -0.264563 0.236233
v -0.260260 -0.284211 0.221499
v -0.257696 -0.304222 0.205656
v -0.260260 -0.323827 0.189313
v -0.267855 -0.342273 0.173099
v -0.280189 -0.358851 0.157636
v -0.296787 -0.372923 0.143519
v -0.317012 -0.383950 0.131290
v -0.340087 -0.391506 0.121419
v -0.365124 -0.395302 0.114286
v -0.367963 -0.200782 0.281812
v -0.345655 -0.213009 0.285056
v -0.325096 -0.228335 0.284749
v -0.307076 -0.246172 0.280903
v -0.292287 -0.265834 0.273666
v -0.281298 -0.286565 0.263315
v -0.274531 -0.307568 0.250249
v -0.272246 -0.328037 0.234969
v -0.274531 -0.347185 0.218063
v -0.281298 -0.364275 0.200181
v -0.292287 -0.378652 0.182009
v -0.307076 -0.389763 0.164247
v -0.325096 -0.397180 0.147576
v -0.345655 -0.400619 0.132637
v -0.367963 -0.399948 0.120005
v -0.371693 -0.205170 0.287213
v -0.352972 -0.221617 0.295651
v -0.335719 -0.240832 0.300131
v -0.320596 -0.262078 0.300481
v -0.308185 -0.284536 0.296686
v -0.298963 -0.307346 0.288894
v -0.293285 -0.329629 0.277404
v -0.291367 -0.350530 0.262656
v -0.293285 -0.369246 0.245218
v -0.298963 -0.385057 0.225760
v -0.308185 -0.397355 0.205030
v -0.320596 -0.405668 0.183824
v -0.335719 -0.409677 0.162958
v -0.352972 -0.409227 0.143232
v -0.371693 -0.404336 0.125406
v -0.376171 -0.209132 0.292090
v -0.361757 -0.229389 0.305217
v -0.348472 -0.252115 0.314019
v -0.336828 -0.276437 0.318156
v -0.327272 -0.301422 0.317471
v -0.320172 -0.326108 0.311988
v -0.315799 -0.349547 0.301920
v -0.314323 -0.370838 0.287653
v -0.315799 -0.389164 0.269735
v -0.320172 -0.403819 0.248854
v -0.327272 -0.414240 0.225814
v -0.336828 -0.420028 0.201500
v -0.348472 -0.420960 0.176845
v -0.361757 -0.416999 0.152798
v -0.376171 -0.408298 0.130283
v -0.381226 -0.212515 0.296254
v -0.371672 -0.236025 0.313386
v -0.362866 -0.261750 0.325878
v -0.355149 -0.288700 0.333250
v -0.348815 -0.315841 0.335219
v -0.344108 -0.342130 0.331710
v -0.341210 -0.366556 0.322856
v -0.340231 -0.388180 0.308999
v -0.341210 -0.406173 0.290671
v -0.344108 -0.419841 0.268576
v -0.348815 -0.428660 0.243563
v -0.355149 -0.432291 0.216594
v -0.362866 -0.430594 0.188704
v -0.371672 -0.423635 0.160967
v -0.381226 -0.411682 0.134447
v -0.386662 -0.215190 0.299546
v -0.382335 -0.241272 0.319844
v -0.378348 -0.269366 0.335253
v -0.374853 -0.298394 0.345182
v -0.371984 -0.327240 0.349250
v -0.369853 -0.354796 0.347300
v -0.368540 -0.380002 0.339407
v -0.368097 -0.401890 0.325874
v -0.368540 -0.419619 0.307221
v -0.369853 -0.432507 0.284166
v -0.371984 -0.440059 0.257594
v -0.374853 -0.441985 0.228526
v -0.378348 -0.438211 0.198080
v -0.382335 -0.428882 0.167425
v -0.386662 -0.414356 0.137739
v -0.392271 -0.217053 0.301840
v -0.393338 -0.244926 0.324342
v -0.394322 -0.274672 0.341784
v -0.395184 -0.305147 0.353495
v -0.395891 -0.335181 0.359024
v -0.396416 -0.363619 0.358160
v -0.396740 -0.389369 0.350936
v -0.396849 -0.411440 0.337629
v -0.396740 -0.428985 0.318751
v -0.396416 -0.441330 0.295026
v -0.395891 -0.448000 0.267368
v -0.395184 -0.448738 0.236838
v -0.394322 -0.443517 0.204611
v -0.393338 -0.432537 0.171923
v -0.392271 -0.416219 0.140033
v -0.397838 -0.218033 0.303046
v -0.404258 -0.246849 0.326709
v -0.410174 -0.277463 0.345220
v -0.415360 -0.308700 0.357867
v -0.419616 -0.339358 0.364166
v -0.422778 -0.368261 0.363874
v -0.424725 -0.394296 0.357001
v -0.425383 -0.416464 0.343813
v -0.424725 -0.433913 0.324816
v -0.422778 -0.445972 0.300740
v -0.419616 -0.452177 0.272510
v -0.415360 -0.452291 0.241211
v -0.410174 -0.446308 0.208046
v -0.404258 -0.434459 0.174290
v -0.397838 -0.417199 0.141239
v -0.403148 -0.218093 0.303119
v -0.414674 -0.246965 0.326852
v -0.425296 -0.277632 0.345428
v -0.434606 -0.308915 0.358133
v -0.442247 -0.339612 0.364478
v -0.447925 -0.368542 0.364220
v -0.451421 -0.394595 0.357369
v -0.452602 -0.416769 0.344188
v -0.451421 -0.434212 0.325184
v -0.447925 -0.446253 0.301086
v -0.442247 -0.452430 0.272821
v -0.434606 -0.452506 0.241476
v -0.425296 -0.446477 0.208254
v -0.414674 -0.434576 0.174433
v -0.403148 -0.417259 0.141312
v -0.407998 -0.217229 0.302056
v -0.424186 -0.245271 0.324767
v -0.439106 -0.275173 0.342401
v -0.452183 -0.305785 0.354280
v -0.462915 -0.335931 0.359948
v -0.470890 -0.364453 0.359186
v -0.475801 -0.390254 0.352025
v -0.477459 -0.412342 0.338739
v -0.475801 -0.429870 0.319840
v -0.470890 -0.442163 0.296052
v -0.462915 -0.448750 0.268291
v -0.452183 -0.449376 0.237623
v -0.439106 -0.444018 0.205227
v -0.424186 -0.432882 0.172348
v -0.407998 -0.416395 0.140249
v -0.412200 -0.215476 0.299898
v -0.432430 -0.241832 0.320534
v -0.451074 -0.270180 0.336255
v -0.467415 -0.299430 0.346457
v -0.480826 -0.328458 0.350749
v -0.490791 -0.356149 0.348966
v -0.496928 -0.381439 0.341175
v -0.499000 -0.403355 0.327677
v -0.496928 -0.421055 0.308990
v -0.490791 -0.433860 0.285832
v -0.480826 -0.441277 0.259093
v -0.467415 -0.443021 0.229801
v -0.451074 -0.439025 0.199081
v -0.432430 -0.429442 0.168115
v -0.412200 -0.414642 0.138091
v -0.415594 -0.212900 0.296728
v -0.439087 -0.236780 0.314315
v -0.460739 -0.262845 0.327226
v -0.479717 -0.290094 0.334966
v -0.495291 -0.317481 0.337237
v -0.506864 -0.343951 0.333952
v -0.513991 -0.368490 0.325236
v -0.516397 -0.390152 0.311425
v -0.513991 -0.408106 0.293051
v -0.506864 -0.421662 0.270818
v -0.495291 -0.430299 0.245581
v -0.479717 -0.433685 0.218310
v -0.460739 -0.431690 0.190053
v -0.439087 -0.424390 0.161896
v -0.415594 -0.412066 0.134921
v -0.418049 -0.209601 0.292667
v -0.443903 -0.230308 0.306349
v -0.467730 -0.253449 0.315661
v -0.488615 -0.278136 0.320247
v -0.505755 -0.303419 0.319929
v -0.518490 -0.328327 0.314720
v -0.526333 -0.351903 0.304820
v -0.528981 -0.373241 0.290610
v -0.526333 -0.391520 0.272635
v -0.518490 -0.406038 0.251586
v -0.505755 -0.416238 0.228273
v -0.488615 -0.421727 0.203591
v -0.467730 -0.422294 0.178488
v -0.443903 -0.417918 0.153930
v -0.418049 -0.408767 0.130860
v -0.419471 -0.205705 0.287871
v -0.446692 -0.222666 0.296942
v -0.471779 -0.242355 0.302005
v -0.493768 -0.264016 0.302866
v -0.511814 -0.286815 0.299491
v -0.525224 -0.309878 0.292011
v -0.533481 -0.332317 0.280712
v -0.536269 -0.353271 0.266029
v -0.533481 -0.371934 0.248527
v -0.525224 -0.387589 0.228877
v -0.511814 -0.399634 0.207835
v -0.493768 -0.407606 0.186210
v -0.471779 -0.411200 0.164832
v -0.446692 -0.410276 0.144523
v -0.419471 -0.404871 0.126064
v -0.391162 -0.395192 0.110164
v -0.419805 -0.201362 0.282526
v -0.447347 -0.214147 0.286457
v -0.472730 -0.229988 0.286783
v -0.494978 -0.248275 0.283491
v -0.513237 -0.268306 0.276709
v -0.526805 -0.289312 0.266697
v -0.535160 -0.310485 0.253839
v -0.537981 -0.331011 0.238629
v -0.535160 -0.350101 0.221653
v -0.526805 -0.367023 0.203563
v -0.513237 -0.381125 0.185053
v -0.494978 -0.391866 0.166835
v -0.472730 -0.398832 0.149609
v -0.447347 -0.401757 0.134038
v -0.419805 -0.400528 0.120719
v -0.419038 -0.196739 0.276836
v -0.445843 -0.205079 0.275295
v -0.470546 -0.216823 0.270578
v -0.492199 -0.231520 0.262867
v -0.509969 -0.248604 0.252458
v -0.523173 -0.267420 0.239750
v -0.531305 -0.287244 0.225232
v -0.534050 -0.307315 0.209462
v -0.531305 -0.326861 0.193047
v -0.523173 -0.345131 0.176616
v -0.509969 -0.361422 0.160801
v -0.492199 -0.375110 0.146211
v -0.470546 -0.385668 0.133405
v -0.445843 -0.392689 0.122876
v -0.419038 -0.395905 0.115029
v -0.417200 -0.192014 0.271019
v -0.442237 -0.195810 0.263886
v -0.465312 -0.203367 0.254015
v -0.485537 -0.214393 0.241786
v -0.502135 -0.228465 0.227669
v -0.514469 -0.245043 0.212206
v -0.522064 -0.263489 0.195992
v -0.524628 -0.283094 0.179650
v -0.522064 -0.303105 0.163807
v -0.514469 -0.322754 0.149072
v -0.502135 -0.341284 0.136013
v -0.485537 -0.357984 0.125130
v -0.465312 -0.372211 0.116842
v -0.442237 -0.383421 0.111467
v -0.417200 -0.391180 0.109212
v -0.414361 -0.187368 0.265301
v -0.436669 -0.186697 0.252668
v -0.457228 -0.190136 0.237730
v -0.475248 -0.197553 0.221059
v -0.490037 -0.208664 0.203296
v -0.501026 -0.223041 0.185125
v -0.507793 -0.240132 0.167242
v -0.510077 -0.259279 0.150336
v -0.507793 -0.279748 0.135057
v -0.501026 -0.300752 0.121991
v -0.490037 -0.321482 0.111640
v -0.475248 -0.341144 0.104402
v -0.457228 -0.358981 0.100556
v -0.436669 -0.374307 0.100249
v -0.414361 -0.386534 0.103494
v -0.410631 -0.182980 0.259899
v -0.429352 -0.178089 0.242073
v -0.446605 -0.177639 0.222348
v -0.461728 -0.181648 0.201481
v -0.474138 -0.189961 0.180275
v -0.483360 -0.202260 0.159545
v -0.489039 -0.218070 0.140087
v -0.490957 -0.236786 0.122649
v -0.489039 -0.257687 0.107902
v -0.483360 -0.279970 0.096411
v -0.474138 -0.302780 0.088619
v -0.461728 -0.325239 0.084825
v -0.446605 -0.346484 0.085174
v -0.429352 -0.365699 0.089654
v -0.410631 -0.382146 0.098092
v -0.406153 -0.179018 0.255023
v -0.420567 -0.170317 0.232507
v -0.433852 -0.166357 0.208460
v -0.445495 -0.167288 0.183806
v -0.455051 -0.173076 0.159491
v -0.462152 -0.183497 0.136451
v -0.466525 -0.198152 0.115571
v -0.468001 -0.216478 0.097653
v -0.466525 -0.237769 0.083385
v -0.462152 -0.261208 0.073317
v -0.455051 -0.285894 0.067835
v -0.445495 -0.310879 0.067149
v -0.433852 -0.335201 0.071287
v -0.420567 -0.357928 0.080088
v -0.406153 -0.378184 0.093216
v -0.401098 -0.175635 0.250858
v -0.410652 -0.163681 0.224338
v -0.419457 -0.156722 0.196601
v -0.427175 -0.155025 0.168712
v -0.433509 -0.158656 0.141743
v -0.438216 -0.167476 0.116730
v -0.441114 -0.181144 0.094635
v -0.442092 -0.199136 0.076307
v -0.441114 -0.220760 0.062449
v -0.438216 -0.245186 0.053596
v -0.433509 -0.271475 0.050086
v -0.427175 -0.298616 0.052055
v -0.419457 -0.325567 0.059428
v -0.410652 -0.351291 0.071919
v -0.401098 -0.374801 0.089051
v -0.395662 -0.172960 0.247566
v -0.399988 -0.158434 0.217881
v -0.403976 -0.149105 0.187226
v -0.407471 -0.145331 0.156779
v -0.410340 -0.147257 0.127712
v -0.412471 -0.154810 0.101139
v -0.413784 -0.167698 0.078084
v -0.414227 -0.185426 0.059432
v -0.413784 -0.207314 0.045899
v -0.412471 -0.232520 0.038005
v -0.410340 -0.260076 0.036055
v -0.407471 -0.288922 0.040123
v -0.403976 -0.317950 0.050052
v -0.399988 -0.346045 0.065462
v -0.395662 -0.372126 0.085759
v -0.390052 -0.171097 0.245273
v -0.388985 -0.154780 0.213382
v -0.388002 -0.143799 0.180695
v -0.387140 -0.138578 0.148467
v -0.386433 -0.139317 0.117937
v -0.385907 -0.145986 0.090279
v -0.385584 -0.158331 0.066555
v -0.385475 -0.175876 0.047676
v -0.385584 -0.197947 0.034369
v -0.385907 -0.223697 0.027145
v -0.386433 -0.252135 0.026281
v -0.387140 -0.282169 0.031811
v -0.388002 -0.312644 0.043521
v -0.388985 -0.342390 0.060963
v -0.390052 -0.370263 0.083466
v -0.384486 -0.170117 0.244066
v -0.378066 -0.152857 0.211016
v -0.372150 -0.141008 0.177259
v -0.366964 -0.135026 0.144094
v -0.362708 -0.135139 0.112796
v -0.359546 -0.141345 0.084566
v -0.357598 -0.153403 0.060490
v -0.356941 -0.170852 0.041492
v -0.357598 -0.193020 0.028304
v -0.359546 -0.219055 0.021432
v -0.362708 -0.247958 0.021139
v -0.366964 -0.278616 0.027438
v -0.372150 -0.309853 0.040086
v -0.378066 -0.340467 0.058597
v -0.384486 -0.369283 0.082259
v -0.379176 -0.170057 0.243993
v -0.367650 -0.152741 0.210872
v -0.357028 -0.140839 0.177051
v -0.347718 -0.134810 0.143829
v -0.340077 -0.134886 0.112484
v -0.334399 -0.141063 0.084219
v -0.330903 -0.153105 0.060122
v -0.329722 -0.170547 0.041118
v -0.330903 -0.192721 0.027936
v -0.334399 -0.218774 0.021085
v -0.340077 -0.247705 0.020828
v -0.347718 -0.278401 0.027173
v -0.357028 -0.309684 0.039878
v -0.367650 -0.340351 0.058453
v -0.379176 -0.369223 0.082186
v -0.374326 -0.170921 0.245056
v -0.358137 -0.154434 0.212957
v -0.330141 -0.137940 0.147682
v -0.311434 -0.145153 0.089253
v -0.311434 -0.222863 0.026119
v -0.330141 -0.281531 0.031026
v -0.343218 -0.312143 0.042905
v -0.358137 -0.342045 0.060538
v -0.374326 -0.370087 0.083249
v -0.181749 0.187363 0.451693
v -0.177870 0.210850 0.427746
v -0.172348 0.220296 0.402008
v -0.169226 0.219212 0.389697
v -0.166022 0.214262 0.378396
v -0.159856 0.193668 0.360505
v -0.181607 0.153187 0.470739
v -0.179369 0.170961 0.462881
v -0.176659 0.186724 0.453220
v -0.173581 0.199869 0.442129
v -0.170253 0.209893 0.430032
v -0.166802 0.216408 0.417395
v -0.163362 0.219166 0.404703
v -0.160064 0.218060 0.392445
v -0.157036 0.213133 0.381091
v -0.154394 0.204573 0.371078
v -0.152238 0.192711 0.362790
v -0.150653 0.178001 0.356547
v -0.149699 0.161009 0.352587
v -0.149412 0.142388 0.351063
v -0.149804 0.122854 0.352033
v -0.179872 0.152216 0.471452
v -0.175966 0.169058 0.464279
v -0.171719 0.183961 0.455250
v -0.167293 0.196353 0.444712
v -0.162859 0.205758 0.433069
v -0.158587 0.211814 0.420770
v -0.154641 0.214289 0.408286
v -0.151172 0.213087 0.396098
v -0.148315 0.208256 0.384674
v -0.146178 0.199979 0.374453
v -0.144845 0.188576 0.365828
v -0.144365 0.174485 0.359130
v -0.144759 0.158246 0.354616
v -0.146009 0.140485 0.352461
v -0.148070 0.121884 0.352746
v -0.178256 0.150538 0.472313
v -0.172797 0.165765 0.465969
v -0.167118 0.179181 0.457704
v -0.161438 0.190270 0.447835
v -0.155974 0.198605 0.436742
v -0.150936 0.203866 0.424850
v -0.146519 0.205851 0.412618
v -0.142891 0.204484 0.400515
v -0.140193 0.199818 0.389006
v -0.138527 0.192031 0.378534
v -0.137959 0.181423 0.369500
v -0.138510 0.168401 0.362253
v -0.140158 0.153467 0.357070
v -0.142840 0.137193 0.354151
v -0.146454 0.120206 0.353608
v -0.176822 0.148216 0.473291
v -0.169984 0.161210 0.467887
v -0.163034 0.172568 0.460488
v -0.156239 0.181853 0.451378
v -0.149861 0.188708 0.440908
v -0.144144 0.192869 0.429480
v -0.139308 0.194177 0.417533
v -0.135539 0.192581 0.405526
v -0.132982 0.188144 0.393921
v -0.131735 0.181034 0.383163
v -0.131846 0.171526 0.373667
v -0.133311 0.159985 0.365796
v -0.136073 0.146854 0.359854
v -0.140027 0.132638 0.356068
v -0.145020 0.117884 0.354585
v -0.175624 0.145339 0.474347
v -0.167634 0.155568 0.469958
v -0.159623 0.164376 0.463495
v -0.151897 0.171427 0.455206
v -0.144755 0.176448 0.445409
v -0.138471 0.179246 0.434481
v -0.133286 0.179715 0.422842
v -0.129399 0.177836 0.410939
v -0.126960 0.173682 0.399230
v -0.126062 0.167411 0.388164
v -0.126741 0.159266 0.378167
v -0.128969 0.149558 0.369624
v -0.132662 0.138662 0.362861
v -0.137677 0.126995 0.358140
v -0.143822 0.115007 0.355641
v -0.183285 0.134084 0.476493
v -0.174709 0.142019 0.475441
v -0.165838 0.149054 0.472104
v -0.157016 0.154920 0.466610
v -0.148580 0.159391 0.459170
v -0.140854 0.162295 0.450070
v -0.134136 0.163521 0.439660
v -0.128684 0.163022 0.428340
v -0.124707 0.160816 0.416545
v -0.122358 0.156988 0.404728
v -0.121727 0.151686 0.393344
v -0.122839 0.145114 0.382829
v -0.125651 0.137523 0.373588
v -0.130055 0.129206 0.365976
v -0.135881 0.120482 0.360285
v -0.142906 0.111686 0.356735
v -0.174111 0.138382 0.476530
v -0.164666 0.141920 0.474241
v -0.155313 0.144563 0.469712
v -0.146413 0.146209 0.463119
v -0.138306 0.146795 0.454714
v -0.131305 0.146298 0.444820
v -0.125678 0.144738 0.433818
v -0.121643 0.142173 0.422130
v -0.119353 0.138704 0.410206
v -0.118896 0.134463 0.398503
v -0.120292 0.129613 0.387472
v -0.123485 0.124341 0.377537
v -0.128353 0.118849 0.369078
v -0.134709 0.113348 0.362422
v -0.142309 0.108049 0.357824
v -0.173854 0.134568 0.477574
v -0.164161 0.134440 0.476287
v -0.154581 0.133703 0.472683
v -0.145481 0.132387 0.466900
v -0.137210 0.130542 0.459160
v -0.130087 0.128239 0.449761
v -0.124385 0.125566 0.439063
v -0.120324 0.122626 0.427478
v -0.118060 0.119532 0.415451
v -0.117678 0.116404 0.403444
v -0.119196 0.113360 0.391919
v -0.122552 0.110519 0.381318
v -0.127620 0.107989 0.372050
v -0.134204 0.105867 0.364469
v -0.142051 0.104236 0.358868
v -0.173947 0.130725 0.478531
v -0.164344 0.126900 0.478165
v -0.154847 0.122758 0.475409
v -0.145819 0.118456 0.470369
v -0.137608 0.114161 0.463240
v -0.130529 0.110037 0.454293
v -0.124854 0.106243 0.443875
v -0.120802 0.102925 0.432384
v -0.118529 0.100210 0.420263
v -0.118120 0.098202 0.407977
v -0.119593 0.096979 0.395998
v -0.122891 0.096588 0.384787
v -0.127886 0.097043 0.374775
v -0.134387 0.098328 0.366346
v -0.142145 0.100392 0.359825
v -0.174387 0.126999 0.479365
v -0.165208 0.119592 0.479801
v -0.156100 0.112147 0.477784
v -0.147414 0.104952 0.473393
v -0.139484 0.098281 0.466795
v -0.132613 0.092393 0.458243
v -0.127067 0.087512 0.448068
v -0.123059 0.083827 0.436659
v -0.120742 0.081479 0.424456
v -0.120205 0.080558 0.411927
v -0.121469 0.081100 0.399553
v -0.124486 0.083083 0.387811
v -0.129140 0.086433 0.377151
v -0.135251 0.091019 0.367983
v -0.142585 0.096667 0.360659
v -0.175157 0.123534 0.480044
v -0.166719 0.112795 0.481133
v -0.158293 0.102280 0.479718
v -0.150206 0.092393 0.475854
v -0.142766 0.083514 0.469689
v -0.136261 0.075984 0.461459
v -0.130939 0.070092 0.451482
v -0.127006 0.066066 0.440140
v -0.124613 0.064059 0.427870
v -0.123852 0.064149 0.415143
v -0.124752 0.066332 0.402447
v -0.127278 0.070525 0.390272
v -0.131333 0.076565 0.379084
v -0.136761 0.084223 0.369315
v -0.143355 0.093202 0.361338
v -0.176228 0.120463 0.480542
v -0.168819 0.106771 0.482110
v -0.161342 0.093535 0.481136
v -0.154086 0.081262 0.477659
v -0.147329 0.070425 0.471811
v -0.141330 0.061441 0.463817
v -0.136321 0.054653 0.453985
v -0.132494 0.050324 0.442692
v -0.129995 0.048620 0.430373
v -0.128922 0.049606 0.417500
v -0.129314 0.053243 0.404569
v -0.131158 0.059394 0.392077
v -0.134381 0.067820 0.380502
v -0.138861 0.078199 0.370291
v -0.144426 0.090131 0.361836
v -0.177558 0.117904 0.480839
v -0.171427 0.101751 0.482694
v -0.165129 0.086247 0.481984
v -0.158906 0.071987 0.478737
v -0.152996 0.059519 0.473079
v -0.147628 0.049322 0.465227
v -0.143007 0.041789 0.455481
v -0.139310 0.037208 0.444218
v -0.136681 0.035755 0.431869
v -0.135219 0.037487 0.418910
v -0.134982 0.042337 0.405838
v -0.135978 0.050119 0.393155
v -0.138168 0.060533 0.381350
v -0.141470 0.073179 0.370875
v -0.145755 0.087572 0.362134
v -0.179096 0.115955 0.480925
v -0.174444 0.097929 0.482862
v -0.169509 0.080698 0.482228
v -0.164480 0.064925 0.479049
v -0.159551 0.051214 0.473445
v -0.154911 0.040095 0.465633
v -0.150738 0.031993 0.455913
v -0.147193 0.027220 0.444658
v -0.144412 0.025959 0.432301
v -0.142502 0.028260 0.419317
v -0.141536 0.034033 0.406204
v -0.141552 0.043056 0.393467
v -0.142548 0.054984 0.381594
v -0.144487 0.069357 0.371044
v -0.147293 0.085623 0.362220
v -0.180783 0.114692 0.480796
v -0.177753 0.095451 0.482609
v -0.174313 0.077101 0.481861
v -0.170594 0.060346 0.478581
v -0.166741 0.045830 0.472895
v -0.162900 0.034112 0.465022
v -0.159219 0.025641 0.455264
v -0.155841 0.020744 0.443996
v -0.152893 0.019608 0.431652
v -0.150491 0.022277 0.418705
v -0.148726 0.028648 0.405653
v -0.147666 0.038477 0.392998
v -0.147352 0.051386 0.381227
v -0.147796 0.066879 0.370790
v -0.148980 0.084360 0.362090
v -0.182554 0.114163 0.480457
v -0.181227 0.094412 0.481943
v -0.179357 0.075593 0.480895
v -0.177014 0.058426 0.477351
v -0.174290 0.043573 0.471449
v -0.171288 0.031604 0.463415
v -0.168124 0.022979 0.453558
v -0.164919 0.018030 0.442257
v -0.161798 0.016946 0.429946
v -0.158879 0.019769 0.417099
v -0.156275 0.026391 0.404208
v -0.154086 0.036558 0.391769
v -0.152396 0.049878 0.380261
v -0.151270 0.065840 0.370125
v -0.150751 0.083830 0.361751
v -0.184341 0.114387 0.479921
v -0.184733 0.094853 0.480891
v -0.184447 0.076232 0.479367
v -0.183492 0.059241 0.475408
v -0.181907 0.044531 0.469164
v -0.179752 0.032668 0.460876
v -0.177109 0.024109 0.450863
v -0.174081 0.019181 0.439509
v -0.170783 0.018075 0.427251
v -0.167343 0.020833 0.414559
v -0.163893 0.027349 0.401922
v -0.160564 0.037372 0.389825
v -0.157486 0.050518 0.378734
v -0.154776 0.066281 0.369073
v -0.152539 0.084055 0.361215
v -0.186076 0.115357 0.479208
v -0.188136 0.096756 0.479493
v -0.189387 0.078995 0.477338
v -0.189780 0.062757 0.472824
v -0.189301 0.048665 0.466126
v -0.187967 0.037262 0.457501
v -0.185831 0.028986 0.447280
v -0.182973 0.024154 0.435856
v -0.179505 0.022952 0.423668
v -0.175558 0.025427 0.411184
v -0.171286 0.031484 0.398885
v -0.166852 0.040888 0.387242
v -0.162426 0.053281 0.376704
v -0.158179 0.068184 0.367675
v -0.154274 0.085025 0.360502
v -0.187691 0.117036 0.478346
v -0.191305 0.100048 0.477803
v -0.193988 0.083775 0.474884
v -0.195636 0.068840 0.469701
v -0.196186 0.055819 0.462454
v -0.195618 0.045211 0.453420
v -0.193953 0.037424 0.442948
v -0.191254 0.032757 0.431439
v -0.187627 0.031390 0.419336
v -0.183209 0.033376 0.407104
v -0.178172 0.038637 0.395212
v -0.172708 0.046972 0.384119
v -0.167027 0.058060 0.374250
v -0.161348 0.071476 0.365985
v -0.155889 0.086703 0.359641
v -0.189126 0.119358 0.477369
v -0.194119 0.104603 0.475886
v -0.198072 0.090388 0.472100
v -0.200834 0.077257 0.466158
v -0.202299 0.065716 0.458287
v -0.202410 0.056207 0.448791
v -0.201163 0.049098 0.438033
v -0.198606 0.044660 0.426428
v -0.194837 0.043064 0.414421
v -0.190002 0.044372 0.402474
v -0.184285 0.048534 0.391046
v -0.177906 0.055388 0.380576
v -0.171111 0.064673 0.371466
v -0.164161 0.076031 0.364067
v -0.157323 0.089026 0.358663
v -0.150860 0.103157 0.355461
v -0.190324 0.122234 0.476313
v -0.196468 0.110246 0.473814
v -0.201483 0.098579 0.469093
v -0.205176 0.087683 0.462330
v -0.207404 0.077976 0.453787
v -0.208083 0.069830 0.443790
v -0.207185 0.063560 0.432724
v -0.204746 0.059405 0.421015
v -0.200859 0.057526 0.409112
v -0.195674 0.057995 0.397473
v -0.189390 0.060794 0.386545
v -0.182248 0.065815 0.376748
v -0.174523 0.072865 0.368459
v -0.166511 0.081674 0.361996
v -0.158521 0.091902 0.357607
v -0.191239 0.125555 0.475219
v -0.198264 0.116760 0.471669
v -0.204090 0.108036 0.465978
v -0.208494 0.099718 0.458366
v -0.211306 0.092128 0.449125
v -0.212418 0.085555 0.438610
v -0.211787 0.080253 0.427226
v -0.209439 0.076426 0.415409
v -0.205462 0.074220 0.403614
v -0.200009 0.073720 0.392294
v -0.193291 0.074946 0.381884
v -0.185566 0.077850 0.372784
v -0.177130 0.082321 0.365344
v -0.168307 0.088187 0.359850
v -0.159437 0.095223 0.356513
v -0.191837 0.129192 0.474130
v -0.199437 0.123894 0.469532
v -0.205793 0.118393 0.462876
v -0.210661 0.112901 0.454417
v -0.213854 0.107628 0.444482
v -0.215249 0.102778 0.433451
v -0.214793 0.098537 0.421748
v -0.212503 0.095068 0.409824
v -0.208467 0.092504 0.398136
v -0.202840 0.090943 0.387134
v -0.195839 0.090446 0.377240
v -0.187733 0.091032 0.368835
v -0.178832 0.092678 0.362242
v -0.169479 0.095321 0.357713
v -0.160035 0.098860 0.355424
v -0.192094 0.133005 0.473086
v -0.199941 0.131374 0.467485
v -0.206525 0.129253 0.459904
v -0.211593 0.126723 0.450636
v -0.214950 0.123881 0.440035
v -0.216467 0.120838 0.428510
v -0.216086 0.117709 0.416503
v -0.213821 0.114615 0.404476
v -0.209760 0.111676 0.392891
v -0.204058 0.109003 0.382193
v -0.196935 0.106699 0.372794
v -0.188665 0.104854 0.365054
v -0.179564 0.103538 0.359271
v -0.169984 0.102802 0.355667
v -0.160292 0.102673 0.354380
v -0.192001 0.136849 0.472129
v -0.199758 0.138913 0.465608
v -0.206259 0.140198 0.457179
v -0.211255 0.140654 0.447167
v -0.214552 0.140262 0.435956
v -0.216025 0.139039 0.423977
v -0.215617 0.137032 0.411691
v -0.213343 0.134317 0.399570
v -0.209291 0.130998 0.388079
v -0.203616 0.127204 0.377661
v -0.196538 0.123080 0.368714
v -0.188327 0.118785 0.361585
v -0.179299 0.114484 0.356545
v -0.169801 0.110341 0.353789
v -0.160198 0.106517 0.353423
v -0.191560 0.140575 0.471295
v -0.198895 0.146222 0.463971
v -0.205006 0.150808 0.454803
v -0.209659 0.154158 0.444143
v -0.212676 0.156142 0.432401
v -0.213941 0.156684 0.420027
v -0.213404 0.155763 0.407498
v -0.211087 0.153415 0.395295
v -0.207078 0.149729 0.383886
v -0.201532 0.144849 0.373711
v -0.194662 0.138960 0.365160
v -0.186731 0.132290 0.358561
v -0.178045 0.125094 0.354170
v -0.168938 0.117650 0.352153
v -0.159758 0.110243 0.352589
v -0.190790 0.144040 0.470616
v -0.197384 0.153019 0.462639
v -0.202813 0.160676 0.452870
v -0.206868 0.166717 0.441682
v -0.209394 0.170909 0.429507
v -0.210293 0.173093 0.416811
v -0.209532 0.173183 0.404084
v -0.207139 0.171176 0.391814
v -0.203206 0.167149 0.380472
v -0.197885 0.161258 0.370495
v -0.191379 0.153728 0.362265
v -0.183940 0.144848 0.356100
v -0.175852 0.134961 0.352236
v -0.167427 0.124446 0.350821
v -0.158988 0.113707 0.351910
v -0.189720 0.147111 0.470118
v -0.195284 0.159043 0.461663
v -0.199764 0.169421 0.451452
v -0.202988 0.177848 0.439877
v -0.204831 0.183998 0.427385
v -0.205224 0.187636 0.414454
v -0.204150 0.188621 0.401581
v -0.201651 0.186917 0.389262
v -0.197824 0.182588 0.377969
v -0.192815 0.175801 0.368137
v -0.186817 0.166816 0.360143
v -0.180059 0.155979 0.354295
v -0.172803 0.143707 0.350818
v -0.165327 0.130470 0.349844
v -0.157918 0.116778 0.351412
v -0.188390 0.149670 0.469820
v -0.192675 0.164062 0.461079
v -0.195977 0.176709 0.450604
v -0.198168 0.187123 0.438799
v -0.199164 0.194904 0.426116
v -0.198926 0.199754 0.413044
v -0.197465 0.201486 0.400085
v -0.194835 0.200034 0.387736
v -0.191139 0.195453 0.376473
v -0.186517 0.187919 0.366728
v -0.181149 0.177722 0.358875
v -0.175240 0.165254 0.353217
v -0.169016 0.150994 0.349970
v -0.162718 0.135490 0.349261
v -0.156588 0.119337 0.351115
v -0.186852 0.151618 0.469735
v -0.189659 0.167885 0.460910
v -0.191597 0.182258 0.450360
v -0.192593 0.194185 0.438487
v -0.192609 0.203209 0.425750
v -0.191643 0.208982 0.412638
v -0.189733 0.211282 0.399653
v -0.186952 0.210022 0.387296
v -0.183407 0.205249 0.376041
v -0.179234 0.197147 0.366321
v -0.174594 0.186027 0.358509
v -0.169665 0.172317 0.352905
v -0.164637 0.156543 0.349726
v -0.159702 0.139312 0.349092
v -0.155050 0.121286 0.351029
v -0.185165 0.152882 0.469864
v -0.186350 0.170363 0.461164
v -0.186793 0.185855 0.450727
v -0.186479 0.198764 0.438956
v -0.185419 0.208593 0.426301
v -0.183654 0.214964 0.413249
v -0.181252 0.217633 0.400302
v -0.178305 0.216497 0.387958
v -0.174926 0.211600 0.376690
v -0.171245 0.203129 0.366932
v -0.167405 0.191411 0.359059
v -0.163551 0.176896 0.353373
v -0.159833 0.160141 0.350093
v -0.156392 0.141790 0.349345
v -0.153363 0.122549 0.351158
v -0.183394 0.153411 0.470203
v -0.182875 0.171401 0.461829
v -0.180059 0.200683 0.440185
v -0.175266 0.217472 0.414855
v -0.162858 0.205637 0.368539
v -0.157131 0.178815 0.354603
v -0.154789 0.161649 0.351059
v -0.152918 0.142829 0.350011
v -0.151592 0.123079 0.351497
v 0.341975 -0.143298 0.180078
v 0.318166 -0.138566 0.117014
v 0.305280 -0.157446 0.065466
v 0.303622 -0.174974 0.046566
v 0.305280 -0.197063 0.033280
v 0.318166 -0.251385 0.025358
v 0.368881 -0.172674 0.247214
v 0.348651 -0.157874 0.217191
v 0.330008 -0.148291 0.186224
v 0.313666 -0.144295 0.155504
v 0.300255 -0.146039 0.126212
v 0.290290 -0.153456 0.099473
v 0.284153 -0.166261 0.076315
v 0.282081 -0.183961 0.057628
v 0.284153 -0.205877 0.044130
v 0.290290 -0.231167 0.036339
v 0.300255 -0.258858 0.034556
v 0.313666 -0.287886 0.038848
v 0.330008 -0.317136 0.049050
v 0.348651 -0.345484 0.064772
v 0.368881 -0.371840 0.085407
v 0.365487 -0.175250 0.250385
v 0.341994 -0.162926 0.223410
v 0.320342 -0.155627 0.195253
v 0.301365 -0.153631 0.166996
v 0.285790 -0.157017 0.139725
v 0.274217 -0.165654 0.114488
v 0.267090 -0.179210 0.092255
v 0.264684 -0.197164 0.073880
v 0.267090 -0.218827 0.060069
v 0.274217 -0.243365 0.051354
v 0.285790 -0.269836 0.048068
v 0.301365 -0.297222 0.050339
v 0.320342 -0.324471 0.058079
v 0.341994 -0.350537 0.070991
v 0.365487 -0.374416 0.088578
v 0.363032 -0.178549 0.254446
v 0.337178 -0.169398 0.231376
v 0.313351 -0.165022 0.206817
v 0.292466 -0.165589 0.181715
v 0.275327 -0.171078 0.157032
v 0.262591 -0.181278 0.133719
v 0.254748 -0.195796 0.112670
v 0.252100 -0.214075 0.094696
v 0.254748 -0.235413 0.080485
v 0.262591 -0.258989 0.070585
v 0.275327 -0.283897 0.065376
v 0.292466 -0.309180 0.065058
v 0.313351 -0.333867 0.069644
v 0.337178 -0.357008 0.078957
v 0.363032 -0.377715 0.092639
v 0.361610 -0.182445 0.259241
v 0.334389 -0.177040 0.240782
v 0.309302 -0.176116 0.220473
v 0.287313 -0.179710 0.199096
v 0.269267 -0.187682 0.177470
v 0.255858 -0.199727 0.156428
v 0.247600 -0.215382 0.136778
v 0.244812 -0.234045 0.119276
v 0.247600 -0.254999 0.104593
v 0.255858 -0.277438 0.093294
v 0.269267 -0.300501 0.085814
v 0.287313 -0.323301 0.082439
v 0.309302 -0.344961 0.083300
v 0.334389 -0.364650 0.088363
v 0.361610 -0.381611 0.097434
v 0.361276 -0.186788 0.264587
v 0.333734 -0.185559 0.251268
v 0.308351 -0.188484 0.235696
v 0.286103 -0.195450 0.218470
v 0.267844 -0.206191 0.200253
v 0.254276 -0.220293 0.181743
v 0.245922 -0.237215 0.163652
v 0.243100 -0.256306 0.146676
v 0.245922 -0.276831 0.131467
v 0.254276 -0.298004 0.118609
v 0.267844 -0.319010 0.108596
v 0.286103 -0.339041 0.101814
v 0.308351 -0.357329 0.098523
v 0.333734 -0.373169 0.098849
v 0.361276 -0.385954 0.102780
v 0.389919 -0.192124 0.275141
v 0.362043 -0.191411 0.270277
v 0.335238 -0.194627 0.262429
v 0.310535 -0.201648 0.251900
v 0.288882 -0.212206 0.239094
v 0.271112 -0.225894 0.224504
v 0.257908 -0.242186 0.208689
v 0.249777 -0.260455 0.192259
v 0.247031 -0.280001 0.175843
v 0.249777 -0.300072 0.160073
v 0.257908 -0.319896 0.145555
v 0.271112 -0.338712 0.132848
v 0.288882 -0.355797 0.122438
v 0.310535 -0.370493 0.114727
v 0.335238 -0.382237 0.110010
v 0.362043 -0.390577 0.108470
v 0.363881 -0.196136 0.276093
v 0.338844 -0.203896 0.273838
v 0.315769 -0.215105 0.268463
v 0.295544 -0.229333 0.260175
v 0.278946 -0.246032 0.249292
v 0.266612 -0.264563 0.236233
v 0.259017 -0.284211 0.221499
v 0.256453 -0.304222 0.205656
v 0.259017 -0.323827 0.189313
v 0.266612 -0.342273 0.173099
v 0.278946 -0.358851 0.157636
v 0.295544 -0.372923 0.143519
v 0.315769 -0.383950 0.131290
v 0.338844 -0.391506 0.121419
v 0.363881 -0.395302 0.114286
v 0.366720 -0.200782 0.281812
v 0.344412 -0.213009 0.285056
v 0.323853 -0.228335 0.284749
v 0.305833 -0.246172 0.280903
v 0.291045 -0.265834 0.273666
v 0.280056 -0.286565 0.263315
v 0.273289 -0.307568 0.250249
v 0.271004 -0.328037 0.234969
v 0.273289 -0.347185 0.218063
v 0.280056 -0.364275 0.200181
v 0.291045 -0.378652 0.182009
v 0.305833 -0.389763 0.164247
v 0.323853 -0.397180 0.147576
v 0.344412 -0.400619 0.132637
v 0.366720 -0.399948 0.120005
v 0.370450 -0.205170 0.287213
v 0.351729 -0.221617 0.295651
v 0.334476 -0.240832 0.300131
v 0.319354 -0.262078 0.300481
v 0.306943 -0.284536 0.296686
v 0.297721 -0.307346 0.288894
v 0.292042 -0.329629 0.277404
v 0.290124 -0.350530 0.262656
v 0.292042 -0.369246 0.245218
v 0.297721 -0.385057 0.225760
v 0.306943 -0.397355 0.205030
v 0.319354 -0.405668 0.183824
v 0.334476 -0.409677 0.162958
v 0.351729 -0.409227 0.143232
v 0.370450 -0.404336 0.125406
v 0.374929 -0.209132 0.292090
v 0.360514 -0.229389 0.305217
v 0.347230 -0.252115 0.314019
v 0.335586 -0.276437 0.318156
v 0.326030 -0.301422 0.317471
v 0.318929 -0.326108 0.311988
v 0.314556 -0.349547 0.301920
v 0.313080 -0.370838 0.287653
v 0.314556 -0.389164 0.269735
v 0.318929 -0.403819 0.248854
v 0.326030 -0.414240 0.225814
v 0.335586 -0.420028 0.201500
v 0.347230 -0.420960 0.176845
v 0.360514 -0.416999 0.152798
v 0.374929 -0.408298 0.130283
v 0.379983 -0.212515 0.296254
v 0.370429 -0.236025 0.313386
v 0.361624 -0.261750 0.325878
v 0.353906 -0.288700 0.333250
v 0.347572 -0.315841 0.335219
v 0.342865 -0.342130 0.331710
v 0.339967 -0.366556 0.322856
v 0.338989 -0.388180 0.308999
v 0.339967 -0.406173 0.290671
v 0.342865 -0.419841 0.268576
v 0.347572 -0.428660 0.243563
v 0.353906 -0.432291 0.216594
v 0.361624 -0.430594 0.188704
v 0.370429 -0.423635 0.160967
v 0.379983 -0.411682 0.134447
v 0.385420 -0.215190 0.299546
v 0.381093 -0.241272 0.319844
v 0.377105 -0.269366 0.335253
v 0.373610 -0.298394 0.345182
v 0.370742 -0.327240 0.349250
v 0.368610 -0.354796 0.347300
v 0.367298 -0.380002 0.339407
v 0.366854 -0.401890 0.325874
v 0.367298 -0.419619 0.307221
v 0.368610 -0.432507 0.284166
v 0.370742 -0.440059 0.257594
v 0.373610 -0.441985 0.228526
v 0.377105 -0.438211 0.198080
v 0.381093 -0.428882 0.167425
v 0.385420 -0.414356 0.137739
v 0.391029 -0.217053 0.301840
v 0.392096 -0.244926 0.324342
v 0.393079 -0.274672 0.341784
v 0.393941 -0.305147 0.353495
v 0.394648 -0.335181 0.359024
v 0.395174 -0.363619 0.358160
v 0.395497 -0.389369 0.350936
v 0.395607 -0.411440 0.337629
v 0.395497 -0.428985 0.318751
v 0.395174 -0.441330 0.295026
v 0.394648 -0.448000 0.267368
v 0.393941 -0.448738 0.236838
v 0.393079 -0.443517 0.204611
v 0.392096 -0.432537 0.171923
v 0.391029 -0.416219 0.140033
v 0.396595 -0.218033 0.303046
v 0.403015 -0.246849 0.326709
v 0.408931 -0.277463 0.345220
v 0.414117 -0.308700 0.357867
v 0.418373 -0.339358 0.364166
v 0.421535 -0.368261 0.363874
v 0.423483 -0.394296 0.357001
v 0.424140 -0.416464 0.343813
v 0.423483 -0.433913 0.324816
v 0.421535 -0.445972 0.300740
v 0.418373 -0.452177 0.272510
v 0.414117 -0.452291 0.241211
v 0.408931 -0.446308 0.208046
v 0.403015 -0.434459 0.174290
v 0.396595 -0.417199 0.141239
v 0.401906 -0.218093 0.303119
v 0.413431 -0.246965 0.326852
v 0.424053 -0.277632 0.345428
v 0.433364 -0.308915 0.358133
v 0.441004 -0.339612 0.364478
v 0.446682 -0.368542 0.364220
v 0.450178 -0.394595 0.357369
v 0.451359 -0.416769 0.344188
v 0.450178 -0.434212 0.325184
v 0.446682 -0.446253 0.301086
v 0.441004 -0.452430 0.272821
v 0.433364 -0.452506 0.241476
v 0.424053 -0.446477 0.208254
v 0.413431 -0.434576 0.174433
v 0.401906 -0.417259 0.141312
v 0.406755 -0.217229 0.302056
v 0.422944 -0.245271 0.324767
v 0.437863 -0.275173 0.342401
v 0.450940 -0.305785 0.354280
v 0.461673 -0.335931 0.359948
v 0.469647 -0.364453 0.359186
v 0.474558 -0.390254 0.352025
v 0.476216 -0.412342 0.338739
v 0.474558 -0.429870 0.319840
v 0.469647 -0.442163 0.296052
v 0.461673 -0.448750 0.268291
v 0.450940 -0.449376 0.237623
v 0.437863 -0.444018 0.205227
v 0.422944 -0.432882 0.172348
v 0.406755 -0.416395 0.140249
v 0.410957 -0.215476 0.299898
v 0.431187 -0.241832 0.320534
v 0.449831 -0.270180 0.336255
v 0.466172 -0.299430 0.346457
v 0.479583 -0.328458 0.350749
v 0.489549 -0.356149 0.348966
v 0.495685 -0.381439 0.341175
v 0.497757 -0.403355 0.327677
v 0.495685 -0.421055 0.308990
v 0.489549 -0.433860 0.285832
v 0.479583 -0.441277 0.259093
v 0.466172 -0.443021 0.229801
v 0.449831 -0.439025 0.199081
v 0.431187 -0.429442 0.168115
v 0.410957 -0.414642 0.138091
v 0.414351 -0.212900 0.296728
v 0.437845 -0.236780 0.314315
v 0.459496 -0.262845 0.327226
v 0.478474 -0.290094 0.334966
v 0.494048 -0.317481 0.337237
v 0.505621 -0.343951 0.333952
v 0.512748 -0.368490 0.325236
v 0.515154 -0.390152 0.311425
v 0.512748 -0.408106 0.293051
v 0.505621 -0.421662 0.270818
v 0.494048 -0.430299 0.245581
v 0.478474 -0.433685 0.218310
v 0.459496 -0.431690 0.190053
v 0.437845 -0.424390 0.161896
v 0.414351 -0.412066 0.134921
v 0.416806 -0.209601 0.292667
v 0.442660 -0.230308 0.306349
v 0.466488 -0.253449 0.315661
v 0.487372 -0.278136 0.320247
v 0.504512 -0.303419 0.319929
v 0.517248 -0.328327 0.314720
v 0.525090 -0.351903 0.304820
v 0.527739 -0.373241 0.290610
v 0.525090 -0.391520 0.272635
v 0.517248 -0.406038 0.251586
v 0.504512 -0.416238 0.228273
v 0.487372 -0.421727 0.203591
v 0.466488 -0.422294 0.178488
v 0.442660 -0.417918 0.153930
v 0.416806 -0.408767 0.130860
v 0.418228 -0.205705 0.287871
v 0.445449 -0.222666 0.296942
v 0.470537 -0.242355 0.302005
v 0.492526 -0.264016 0.302866
v 0.510571 -0.286815 0.299491
v 0.523981 -0.309878 0.292011
v 0.532238 -0.332317 0.280712
v 0.535026 -0.353271 0.266029
v 0.532238 -0.371934 0.248527
v 0.523981 -0.387589 0.228877
v 0.510571 -0.399634 0.207835
v 0.492526 -0.407606 0.186210
v 0.470537 -0.411200 0.164832
v 0.445449 -0.410276 0.144523
v 0.418228 -0.404871 0.126064
v 0.389919 -0.395192 0.110164
v 0.418562 -0.201362 0.282526
v 0.446104 -0.214147 0.286457
v 0.471487 -0.229988 0.286783
v 0.493736 -0.248275 0.283491
v 0.511995 -0.268306 0.276709
v 0.525562 -0.289312 0.266697
v 0.533917 -0.310485 0.253839
v 0.536738 -0.331011 0.238629
v 0.533917 -0.350101 0.221653
v 0.525562 -0.367023 0.203563
v 0.511995 -0.381125 0.185053
v 0.493736 -0.391866 0.166835
v 0.471487 -0.398832 0.149609
v 0.446104 -0.401757 0.134038
v 0.418562 -0.400528 0.120719
v 0.417795 -0.196739 0.276836
v 0.444600 -0.205079 0.275295
v 0.469304 -0.216823 0.270578
v 0.490956 -0.231520 0.262867
v 0.508726 -0.248604 0.252458
v 0.521931 -0.267420 0.239750
v 0.530062 -0.287244 0.225232
v 0.532807 -0.307315 0.209462
v 0.530062 -0.326861 0.193047
v 0.521931 -0.345131 0.176616
v 0.508726 -0.361422 0.160801
v 0.490956 -0.375110 0.146211
v 0.469304 -0.385668 0.133405
v 0.444600 -0.392689 0.122876
v 0.417795 -0.395905 0.115029
v 0.415957 -0.192014 0.271019
v 0.440995 -0.195810 0.263886
v 0.464069 -0.203367 0.254015
v 0.484294 -0.214393 0.241786
v 0.500892 -0.228465 0.227669
v 0.513226 -0.245043 0.212206
v 0.520821 -0.263489 0.195992
v 0.523386 -0.283094 0.179650
v 0.520821 -0.303105 0.163807
v 0.513226 -0.322754 0.149072
v 0.500892 -0.341284 0.136013
v 0.484294 -0.357984 0.125130
v 0.464069 -0.372211 0.116842
v 0.440995 -0.383421 0.111467
v 0.415957 -0.391180 0.109212
v 0.413119 -0.187368 0.265301
v 0.435426 -0.186697 0.252668
v 0.455985 -0.190136 0.237730
v 0.474005 -0.197553 0.221059
v 0.488794 -0.208664 0.203296
v 0.499783 -0.223041 0.185125
v 0.506550 -0.240132 0.167242
v 0.508835 -0.259279 0.150336
v 0.506550 -0.279748 0.135057
v 0.499783 -0.300752 0.121991
v 0.488794 -0.321482 0.111640
v 0.474005 -0.341144 0.104402
v 0.455985 -0.358981 0.100556
v 0.435426 -0.374307 0.100249
v 0.413119 -0.386534 0.103494
v 0.409388 -0.182980 0.259899
v 0.428109 -0.178089 0.242073
v 0.445362 -0.177639 0.222348
v 0.460485 -0.181648 0.201481
v 0.472896 -0.189961 0.180275
v 0.482118 -0.202260 0.159545
v 0.487797 -0.218070 0.140087
v 0.489714 -0.236786 0.122649
v 0.487797 -0.257687 0.107902
v 0.482118 -0.279970 0.096411
v 0.472896 -0.302780 0.088619
v 0.460485 -0.325239 0.084825
v 0.445362 -0.346484 0.085174
v 0.428109 -0.365699 0.089654
v 0.409388 -0.382146 0.098092
v 0.404910 -0.179018 0.255023
v 0.419324 -0.170317 0.232507
v 0.432609 -0.166357 0.208460
v 0.444253 -0.167288 0.183806
v 0.453809 -0.173076 0.159491
v 0.460909 -0.183497 0.136451
v 0.465282 -0.198152 0.115571
v 0.466758 -0.216478 0.097653
v 0.465282 -0.237769 0.083385
v 0.460909 -0.261208 0.073317
v 0.453809 -0.285894 0.067835
v 0.444253 -0.310879 0.067149
v 0.432609 -0.335201 0.071287
v 0.419324 -0.357928 0.080088
v 0.404910 -0.378184 0.093216
v 0.399855 -0.175635 0.250858
v 0.409410 -0.163681 0.224338
v 0.418215 -0.156722 0.196601
v 0.425933 -0.155025 0.168712
v 0.432267 -0.158656 0.141743
v 0.436973 -0.167476 0.116730
v 0.439871 -0.181144 0.094635
v 0.440850 -0.199136 0.076307
v 0.439871 -0.220760 0.062449
v 0.436973 -0.245186 0.053596
v 0.432267 -0.271475 0.050086
v 0.425933 -0.298616 0.052055
v 0.418215 -0.325567 0.059428
v 0.409410 -0.351291 0.071919
v 0.399855 -0.374801 0.089051
v 0.394419 -0.172960 0.247566
v 0.398746 -0.158434 0.217881
v 0.402733 -0.149105 0.187226
v 0.406229 -0.145331 0.156779
v 0.409097 -0.147257 0.127712
v 0.411228 -0.154810 0.101139
v 0.412541 -0.167698 0.078084
v 0.412984 -0.185426 0.059432
v 0.412541 -0.207314 0.045899
v 0.411228 -0.232520 0.038005
v 0.409097 -0.260076 0.036055
v 0.406229 -0.288922 0.040123
v 0.402733 -0.317950 0.050052
v 0.398746 -0.346045 0.065462
v 0.394419 -0.372126 0.085759
v 0.388810 -0.171097 0.245273
v 0.387743 -0.154780 0.213382
v 0.386759 -0.143799 0.180695
v 0.385898 -0.138578 0.148467
v 0.385190 -0.139317 0.117937
v 0.384665 -0.145986 0.090279
v 0.384341 -0.158331 0.066555
v 0.384232 -0.175876 0.047676
v 0.384341 -0.197947 0.034369
v 0.384665 -0.223697 0.027145
v 0.385190 -0.252135 0.026281
v 0.385898 -0.282169 0.031811
v 0.386759 -0.312644 0.043521
v 0.387743 -0.342390 0.060963
v 0.388810 -0.370263 0.083466
v 0.383243 -0.170117 0.244066
v 0.376823 -0.152857 0.211016
v 0.370907 -0.141008 0.177259
v 0.365721 -0.135026 0.144094
v 0.361465 -0.135139 0.112796
v 0.358303 -0.141345 0.084566
v 0.356356 -0.153403 0.060490
v 0.355698 -0.170852 0.041492
v 0.356356 -0.193020 0.028304
v 0.358303 -0.219055 0.021432
v 0.361466 -0.247958 0.021139
v 0.365721 -0.278616 0.027438
v 0.370907 -0.309853 0.040086
v 0.376823 -0.340467 0.058597
v 0.383243 -0.369283 0.082259
v 0.377933 -0.170057 0.243993
v 0.366407 -0.152741 0.210872
v 0.355785 -0.140839 0.177051
v 0.346475 -0.134810 0.143829
v 0.338834 -0.134886 0.112484
v 0.333156 -0.141063 0.084219
v 0.329660 -0.153105 0.060122
v 0.328480 -0.170547 0.041118
v 0.329660 -0.192721 0.027936
v 0.333156 -0.218774 0.021085
v 0.338834 -0.247705 0.020828
v 0.346475 -0.278401 0.027173
v 0.355785 -0.309684 0.039878
v 0.366407 -0.340351 0.058453
v 0.377933 -0.369223 0.082186
v 0.373084 -0.170921 0.245056
v 0.356895 -0.154434 0.212957
v 0.328898 -0.137940 0.147682
v 0.310191 -0.145153 0.089253
v 0.310191 -0.222863 0.026119
v 0.328898 -0.281531 0.031026
v 0.341975 -0.312143 0.042905
v 0.356895 -0.342045 0.060538
v 0.373084 -0.370087 0.083249
v 0.178422 0.186344 0.451693
v 0.175978 0.210023 0.427746
v 0.171040 0.219787 0.402008
v 0.167858 0.218895 0.389697
v 0.164359 0.214149 0.378396
v 0.156953 0.193968 0.360505
v 0.176203 0.152239 0.470739
v 0.175050 0.170117 0.462881
v 0.173303 0.186015 0.453220
v 0.171029 0.199323 0.442129
v 0.168316 0.209531 0.430032
v 0.165268 0.216244 0.417395
v 0.162002 0.219206 0.404703
v 0.158643 0.218302 0.392445
v 0.155321 0.213568 0.381091
v 0.152163 0.205185 0.371078
v 0.149291 0.193475 0.362790
v 0.146815 0.178889 0.356547
v 0.144829 0.161987 0.352587
v 0.143412 0.143418 0.351063
v 0.142616 0.123896 0.352033
v 0.174412 0.151376 0.471452
v 0.171538 0.168424 0.464279
v 0.168204 0.183558 0.455250
v 0.164540 0.196196 0.444712
v 0.160685 0.205853 0.433069
v 0.156789 0.212158 0.420770
v 0.153000 0.214868 0.408286
v 0.149465 0.213879 0.396098
v 0.146320 0.209230 0.384674
v 0.143684 0.201099 0.374453
v 0.141660 0.189798 0.365828
v 0.140325 0.175761 0.359130
v 0.139730 0.159529 0.354616
v 0.139899 0.141725 0.352461
v 0.140825 0.123033 0.352746
v 0.172698 0.149799 0.472313
v 0.168174 0.165330 0.465969
v 0.163321 0.179066 0.457704
v 0.158325 0.190480 0.447835
v 0.153378 0.199131 0.436742
v 0.148669 0.204689 0.424850
v 0.144381 0.206939 0.412618
v 0.140677 0.205795 0.400515
v 0.137700 0.201301 0.389006
v 0.135564 0.193630 0.378534
v 0.134352 0.183076 0.369500
v 0.134110 0.170045 0.362253
v 0.134848 0.155038 0.357070
v 0.136536 0.138632 0.354151
v 0.139111 0.121456 0.353608
v 0.171125 0.147569 0.473291
v 0.165089 0.160955 0.467887
v 0.158842 0.172714 0.460488
v 0.152625 0.182395 0.451378
v 0.146675 0.189624 0.440908
v 0.141221 0.194125 0.429480
v 0.136474 0.195725 0.417533
v 0.132615 0.194361 0.405526
v 0.129793 0.190087 0.393921
v 0.128116 0.183066 0.383163
v 0.127649 0.173569 0.373667
v 0.128410 0.161960 0.365796
v 0.130369 0.148686 0.359854
v 0.133451 0.134256 0.356068
v 0.137538 0.119225 0.354585
v 0.169754 0.144770 0.474347
v 0.162401 0.155465 0.469958
v 0.154940 0.164745 0.463495
v 0.147657 0.172251 0.455206
v 0.140834 0.177697 0.445409
v 0.134731 0.180873 0.434481
v 0.129584 0.181656 0.422842
v 0.125590 0.180017 0.410939
v 0.122903 0.176018 0.399230
v 0.121626 0.169814 0.388164
v 0.121808 0.161642 0.378167
v 0.123442 0.151817 0.369624
v 0.126466 0.140716 0.362861
v 0.130763 0.128767 0.358140
v 0.136167 0.116427 0.355641
v 0.176717 0.133070 0.476493
v 0.168639 0.141511 0.475441
v 0.160213 0.149073 0.472104
v 0.151763 0.155464 0.466610
v 0.143614 0.160440 0.459170
v 0.136079 0.163808 0.450070
v 0.129448 0.165440 0.439660
v 0.123976 0.165273 0.428340
v 0.119872 0.163313 0.416545
v 0.117295 0.159635 0.404728
v 0.116343 0.154381 0.393344
v 0.117054 0.147753 0.382829
v 0.119399 0.140005 0.373588
v 0.123289 0.131436 0.365976
v 0.128574 0.122374 0.360285
v 0.135052 0.113168 0.356735
v 0.167821 0.137917 0.476530
v 0.158609 0.142023 0.474241
v 0.149434 0.145230 0.469712
v 0.140650 0.147414 0.463119
v 0.132594 0.148491 0.454714
v 0.125576 0.148421 0.444820
v 0.119864 0.147205 0.433818
v 0.115680 0.144891 0.422130
v 0.113184 0.141567 0.410206
v 0.112471 0.137362 0.398503
v 0.113568 0.132436 0.387472
v 0.116435 0.126980 0.377537
v 0.120960 0.121202 0.369078
v 0.126970 0.115325 0.362422
v 0.134234 0.109574 0.357824
v 0.167333 0.134127 0.477574
v 0.157650 0.134587 0.476287
v 0.148043 0.134435 0.472683
v 0.138879 0.133674 0.466900
v 0.130512 0.132335 0.459160
v 0.123262 0.130469 0.449761
v 0.117409 0.128148 0.439063
v 0.113176 0.125460 0.427478
v 0.110728 0.122510 0.415451
v 0.110157 0.119410 0.403444
v 0.111486 0.116280 0.391919
v 0.114664 0.113240 0.381318
v 0.119569 0.110406 0.372050
v 0.126012 0.107889 0.364469
v 0.133745 0.105783 0.358868
v 0.167192 0.130285 0.478531
v 0.157375 0.127051 0.478165
v 0.147643 0.123493 0.475409
v 0.138370 0.119748 0.470369
v 0.129913 0.115960 0.463240
v 0.122597 0.112274 0.454293
v 0.116702 0.108832 0.443875
v 0.112456 0.105766 0.432384
v 0.110021 0.103194 0.420263
v 0.109492 0.101215 0.407977
v 0.110888 0.099905 0.395998
v 0.114155 0.099314 0.384787
v 0.119169 0.099465 0.374775
v 0.125736 0.100352 0.366346
v 0.133605 0.101941 0.359825
v 0.167405 0.126539 0.479365
v 0.157792 0.119703 0.479801
v 0.148249 0.112826 0.477784
v 0.139142 0.106172 0.473393
v 0.130821 0.099996 0.466795
v 0.123605 0.094536 0.458243
v 0.117773 0.090001 0.448068
v 0.113547 0.086566 0.436659
v 0.111092 0.084363 0.424456
v 0.110500 0.083477 0.411927
v 0.111795 0.083941 0.399553
v 0.114927 0.085738 0.387811
v 0.119775 0.088798 0.377151
v 0.126154 0.093005 0.367983
v 0.133818 0.098196 0.360659
v 0.167963 0.123033 0.480044
v 0.158887 0.112827 0.481133
v 0.149839 0.102844 0.479718
v 0.141165 0.093467 0.475854
v 0.133199 0.085056 0.469689
v 0.126248 0.077935 0.461459
v 0.120579 0.072378 0.451482
v 0.116408 0.068598 0.440140
v 0.113898 0.066740 0.427870
v 0.113143 0.066876 0.415143
v 0.114174 0.069001 0.402447
v 0.116950 0.073032 0.390272
v 0.121365 0.078815 0.379084
v 0.127249 0.086128 0.369315
v 0.134376 0.094690 0.361338
v 0.168845 0.119903 0.480542
v 0.160617 0.106687 0.482110
v 0.152350 0.093929 0.481136
v 0.144361 0.082121 0.477659
v 0.136958 0.071714 0.471811
v 0.130425 0.063111 0.463817
v 0.125012 0.056641 0.453985
v 0.120929 0.052552 0.442692
v 0.118331 0.051003 0.430373
v 0.117320 0.052052 0.417500
v 0.117933 0.055659 0.404569
v 0.120146 0.061686 0.392077
v 0.123876 0.069901 0.380502
v 0.128979 0.079988 0.370291
v 0.135258 0.091560 0.361836
v 0.170017 0.117268 0.480839
v 0.162916 0.101518 0.482694
v 0.155687 0.086425 0.481984
v 0.148609 0.072570 0.478737
v 0.141952 0.060484 0.473079
v 0.135974 0.050632 0.465226
v 0.130903 0.043394 0.455481
v 0.126935 0.039046 0.444218
v 0.124223 0.037756 0.431869
v 0.122869 0.039573 0.418910
v 0.122927 0.044429 0.405838
v 0.124394 0.052135 0.393155
v 0.127213 0.062397 0.381350
v 0.131277 0.074819 0.370875
v 0.136430 0.088925 0.362134
v 0.171433 0.115230 0.480925
v 0.165695 0.097519 0.482862
v 0.159721 0.080620 0.482228
v 0.153743 0.065181 0.479049
v 0.147990 0.051796 0.473445
v 0.142683 0.040979 0.465633
v 0.138025 0.033146 0.455913
v 0.134197 0.028597 0.444658
v 0.131345 0.027508 0.432301
v 0.129578 0.029920 0.419317
v 0.128965 0.035741 0.406204
v 0.129528 0.044747 0.393467
v 0.131248 0.056592 0.381594
v 0.134056 0.070821 0.371044
v 0.137846 0.086886 0.362220
v 0.173041 0.113866 0.480796
v 0.168847 0.094845 0.482609
v 0.164298 0.076737 0.481861
v 0.159568 0.060239 0.478581
v 0.154839 0.045985 0.472895
v 0.150293 0.034522 0.465022
v 0.146105 0.026291 0.455264
v 0.142435 0.021608 0.443996
v 0.139424 0.020653 0.431652
v 0.137188 0.023463 0.418705
v 0.135814 0.029930 0.405653
v 0.135353 0.039805 0.392998
v 0.135824 0.052709 0.381227
v 0.137209 0.068146 0.370790
v 0.139453 0.085523 0.362090
v 0.174776 0.113230 0.480457
v 0.172252 0.093597 0.481943
v 0.169241 0.074926 0.480895
v 0.165859 0.057933 0.477351
v 0.162237 0.043273 0.471449
v 0.158513 0.031509 0.463415
v 0.154831 0.023092 0.453558
v 0.151332 0.018347 0.442257
v 0.148150 0.017454 0.429946
v 0.145408 0.020450 0.417099
v 0.143211 0.027218 0.404208
v 0.141644 0.037499 0.391769
v 0.140767 0.050897 0.380261
v 0.140613 0.066898 0.370125
v 0.141189 0.084887 0.361751
v 0.176574 0.113345 0.479921
v 0.175778 0.093824 0.480891
v 0.174360 0.075255 0.479367
v 0.172375 0.058352 0.475408
v 0.169899 0.043766 0.469164
v 0.167026 0.032056 0.460876
v 0.163868 0.023673 0.450863
v 0.160546 0.018939 0.439509
v 0.157187 0.018036 0.427251
v 0.153921 0.020997 0.414559
v 0.150873 0.027711 0.401922
v 0.148160 0.037918 0.389825
v 0.145887 0.051226 0.378734
v 0.144140 0.067125 0.369073
v 0.142987 0.085002 0.361215
v 0.178364 0.114208 0.479208
v 0.179290 0.095516 0.479493
v 0.179459 0.077712 0.477338
v 0.178865 0.061480 0.472824
v 0.177530 0.047444 0.466126
v 0.175506 0.036143 0.457501
v 0.172870 0.028011 0.447280
v 0.169724 0.023362 0.435856
v 0.166189 0.022374 0.423668
v 0.162401 0.025084 0.411184
v 0.158504 0.031389 0.398885
v 0.154650 0.041046 0.387242
v 0.150986 0.053684 0.376704
v 0.147652 0.068817 0.367675
v 0.144777 0.085865 0.360502
v 0.180079 0.115785 0.478346
v 0.182654 0.098610 0.477803
v 0.184342 0.082203 0.474884
v 0.185079 0.067196 0.469701
v 0.184837 0.054165 0.462454
v 0.183625 0.043611 0.453420
v 0.181490 0.035940 0.442948
v 0.178513 0.031446 0.431439
v 0.174809 0.030302 0.419336
v 0.170520 0.032552 0.407104
v 0.165812 0.038110 0.395212
v 0.160865 0.046762 0.384119
v 0.155868 0.058175 0.374250
v 0.151015 0.071911 0.365985
v 0.146492 0.087442 0.359641
v 0.181652 0.118016 0.477369
v 0.185739 0.102985 0.475886
v 0.188821 0.088556 0.472100
v 0.190780 0.075281 0.466158
v 0.191541 0.063672 0.458287
v 0.191074 0.054175 0.448791
v 0.189397 0.047154 0.438033
v 0.186575 0.042880 0.426428
v 0.182716 0.041516 0.414421
v 0.177968 0.043116 0.402474
v 0.172515 0.047617 0.391046
v 0.166565 0.054847 0.380576
v 0.160347 0.064527 0.371466
v 0.154100 0.076287 0.364067
v 0.148065 0.089673 0.358663
v 0.142472 0.104171 0.355461
v 0.183022 0.120815 0.476313
v 0.188427 0.108475 0.473814
v 0.192724 0.096525 0.469093
v 0.195747 0.085424 0.462330
v 0.197382 0.075599 0.453787
v 0.197564 0.067428 0.443790
v 0.196287 0.061223 0.432724
v 0.193600 0.057225 0.421015
v 0.189606 0.055585 0.409112
v 0.184459 0.056369 0.397473
v 0.178356 0.059544 0.386545
v 0.171532 0.064990 0.376748
v 0.164250 0.072497 0.368459
v 0.156789 0.081776 0.361996
v 0.149435 0.092471 0.357607
v 0.184138 0.124073 0.475219
v 0.190615 0.114867 0.471669
v 0.195901 0.105805 0.465978
v 0.199791 0.097236 0.458366
v 0.202136 0.089488 0.449125
v 0.202847 0.082860 0.438610
v 0.201895 0.077606 0.427226
v 0.199318 0.073929 0.415409
v 0.195214 0.071969 0.403614
v 0.189742 0.071801 0.392294
v 0.183110 0.073433 0.381884
v 0.175576 0.076802 0.372784
v 0.167427 0.081777 0.365344
v 0.158977 0.088168 0.359850
v 0.150551 0.095730 0.356513
v 0.184956 0.127667 0.474130
v 0.192219 0.121917 0.469532
v 0.198229 0.116040 0.462876
v 0.202755 0.110262 0.454417
v 0.205621 0.104805 0.444482
v 0.206719 0.099879 0.433451
v 0.206006 0.095674 0.421748
v 0.203509 0.092350 0.409824
v 0.199325 0.090036 0.398136
v 0.193614 0.088820 0.387134
v 0.186596 0.088750 0.377240
v 0.178540 0.089827 0.368835
v 0.169756 0.092011 0.362242
v 0.160581 0.095218 0.357713
v 0.151369 0.099324 0.355424
v 0.185444 0.131458 0.473086
v 0.193178 0.129353 0.467485
v 0.199620 0.126835 0.459904
v 0.204525 0.124002 0.450636
v 0.207703 0.120962 0.440035
v 0.209032 0.117831 0.428510
v 0.208462 0.114732 0.416503
v 0.206013 0.111781 0.404476
v 0.201781 0.109094 0.392891
v 0.195927 0.106772 0.382193
v 0.188678 0.104906 0.372794
v 0.180310 0.103567 0.365054
v 0.171147 0.102807 0.359271
v 0.161539 0.102654 0.355667
v 0.151857 0.103115 0.354380
v 0.185585 0.135300 0.472129
v 0.193453 0.136889 0.465608
v 0.200020 0.137776 0.457179
v 0.205034 0.137927 0.447167
v 0.208302 0.137336 0.435956
v 0.209698 0.136026 0.423977
v 0.209168 0.134047 0.411691
v 0.206733 0.131475 0.399570
v 0.202487 0.128409 0.388079
v 0.196593 0.124967 0.377661
v 0.189276 0.121281 0.368714
v 0.180819 0.117493 0.361585
v 0.171547 0.113748 0.356545
v 0.161815 0.110191 0.353789
v 0.151998 0.106957 0.353423
v 0.185372 0.139046 0.471295
v 0.193035 0.144237 0.463971
v 0.199414 0.148443 0.454803
v 0.204263 0.151504 0.444143
v 0.207394 0.153301 0.432401
v 0.208689 0.153765 0.420027
v 0.208098 0.152878 0.407498
v 0.205642 0.150675 0.395295
v 0.201417 0.147240 0.383886
v 0.195584 0.142706 0.373711
v 0.188369 0.137245 0.365160
v 0.180048 0.131069 0.358561
v 0.170940 0.124415 0.354170
v 0.161397 0.117538 0.352153
v 0.151785 0.110703 0.352589
v 0.184814 0.142551 0.470616
v 0.191941 0.151113 0.462639
v 0.197825 0.158426 0.452870
v 0.202240 0.164209 0.441682
v 0.205016 0.168241 0.429507
v 0.206046 0.170365 0.416811
v 0.205292 0.170501 0.404084
v 0.202781 0.168643 0.391814
v 0.198611 0.164863 0.380472
v 0.192941 0.159306 0.370495
v 0.185990 0.152185 0.362265
v 0.178025 0.143775 0.356100
v 0.169351 0.134398 0.352236
v 0.160302 0.124414 0.350821
v 0.151227 0.114208 0.351910
v 0.183932 0.145682 0.470118
v 0.190211 0.157253 0.461663
v 0.195313 0.167340 0.451452
v 0.199043 0.175555 0.439877
v 0.201257 0.181582 0.427385
v 0.201870 0.185189 0.414454
v 0.200858 0.186238 0.401581
v 0.198261 0.184689 0.389262
v 0.194177 0.180601 0.377969
v 0.188765 0.174130 0.368137
v 0.182231 0.165527 0.360143
v 0.174828 0.155121 0.354295
v 0.166839 0.143312 0.350818
v 0.158572 0.130555 0.349844
v 0.150345 0.117338 0.351412
v 0.182760 0.148317 0.469820
v 0.187912 0.162422 0.461079
v 0.191976 0.174844 0.450604
v 0.194796 0.185106 0.438799
v 0.196263 0.192813 0.426116
v 0.196321 0.197668 0.413044
v 0.194967 0.199486 0.400085
v 0.192254 0.198196 0.387736
v 0.188286 0.193848 0.376473
v 0.183216 0.186609 0.366728
v 0.177237 0.176757 0.358875
v 0.170581 0.164672 0.353217
v 0.163502 0.150816 0.349970
v 0.156274 0.135723 0.349261
v 0.149173 0.119973 0.351115
v 0.181343 0.150355 0.469735
v 0.185133 0.166421 0.460910
v 0.187942 0.180649 0.450360
v 0.189661 0.192494 0.438487
v 0.190225 0.201500 0.425750
v 0.189612 0.207321 0.412638
v 0.187845 0.209734 0.399653
v 0.184993 0.208644 0.387296
v 0.181164 0.204096 0.376041
v 0.176507 0.196262 0.366321
v 0.171200 0.185445 0.358509
v 0.165446 0.172060 0.352905
v 0.159468 0.156621 0.349726
v 0.153495 0.139722 0.349092
v 0.147756 0.122012 0.351029
v 0.179736 0.151719 0.469864
v 0.181981 0.169095 0.461164
v 0.183365 0.184532 0.450727
v 0.183836 0.197436 0.438956
v 0.183376 0.207312 0.426301
v 0.182001 0.213779 0.413249
v 0.179766 0.216589 0.400302
v 0.176755 0.215634 0.387958
v 0.173085 0.210951 0.376690
v 0.168896 0.202720 0.366932
v 0.164350 0.191256 0.359059
v 0.159621 0.177002 0.353373
v 0.154892 0.160504 0.350093
v 0.150343 0.142397 0.349345
v 0.146149 0.123375 0.351158
v 0.178000 0.152355 0.470203
v 0.178576 0.170343 0.461829
v 0.177545 0.199742 0.440185
v 0.173781 0.216791 0.414855
v 0.160676 0.205732 0.368539
v 0.153330 0.179308 0.354603
v 0.149949 0.162316 0.351059
v 0.146938 0.143645 0.350011
v 0.144413 0.124012 0.351497
vn 0.0281 0.9663 -0.2558
vn 0.1032 -0.3266 -0.9395
vn 0.0464 0.9053 -0.4222
vn 0.0933 -0.5201 -0.8490
vn 0.0638 0.8114 -0.5810
vn 0.0798 -0.6829 -0.7261
vn 0.0798 0.6829 -0.7261
vn 0.0638 -0.8114 -0.5810
vn 0.0933 0.5201 -0.8490
vn 0.0464 -0.9053 -0.4222
vn 0.1032 0.3266 -0.9395
vn 0.0281 -0.9663 -0.2558
vn 0.1085 0.1115 -0.9878
vn 0.0094 0.9963 -0.0856
vn 0.0094 -0.9963 -0.0856
vn 0.1085 -0.1115 -0.9878
vn 0.0279 0.9962 -0.0823
vn 0.0279 -0.9962 -0.0823
vn 0.3185 -0.1105 -0.9414
vn 0.0832 0.9657 -0.2458
vn 0.3032 -0.3240 -0.8962
vn 0.1371 0.9038 -0.4054
vn 0.2744 -0.5167 -0.8110
vn 0.1885 0.8089 -0.5570
vn 0.2351 -0.6796 -0.6949
vn 0.2351 0.6796 -0.6949
vn 0.1885 -0.8089 -0.5570
vn 0.2744 0.5166 -0.8110
vn 0.1371 -0.9038 -0.4054
vn 0.3032 0.3240 -0.8962
vn 0.0832 -0.9657 -0.2458
vn 0.3185 0.1105 -0.9414
vn 0.3784 0.6737 -0.6348
vn 0.3043 -0.8043 -0.5104
vn 0.4403 0.5105 -0.7386
vn 0.2220 -0.9011 -0.3725
vn 0.4853 0.3193 -0.8140
vn 0.1349 -0.9647 -0.2263
vn 0.5090 0.1088 -0.8538
vn 0.0452 0.9961 -0.0759
vn 0.0452 -0.9961 -0.0759
vn 0.5090 -0.1088 -0.8538
vn 0.1349 0.9647 -0.2263
vn 0.4853 -0.3193 -0.8140
vn 0.2220 0.9011 -0.3725
vn 0.4403 -0.5105 -0.7386
vn 0.3043 0.8043 -0.5104
vn 0.3784 -0.6737 -0.6348
vn 0.6714 -0.1066 -0.7334
vn 0.1813 0.9633 -0.1981
vn 0.6412 -0.3135 -0.7005
vn 0.2977 0.8976 -0.3252
vn 0.5836 -0.5028 -0.6376
vn 0.4065 0.7984 -0.4441
vn 0.5036 -0.6661 -0.5502
vn 0.5036 0.6661 -0.5502
vn 0.4065 -0.7984 -0.4441
vn 0.5836 0.5028 -0.6376
vn 0.2977 -0.8976 -0.3252
vn 0.6412 0.3135 -0.7005
vn 0.1813 -0.9633 -0.1981
vn 0.6714 0.1066 -0.7334
vn 0.0609 0.9959 -0.0665
vn 0.0609 -0.9959 -0.0665
vn 0.4915 -0.7922 -0.3617
vn 0.6999 0.4949 -0.5150
vn 0.3612 -0.8938 -0.2658
vn 0.7664 0.3075 -0.5639
vn 0.2206 -0.9618 -0.1623
vn 0.8011 0.1044 -0.5894
vn 0.0741 0.9958 -0.0546
vn 0.0741 -0.9958 -0.0546
vn 0.8011 -0.1044 -0.5894
vn 0.2206 0.9618 -0.1623
vn 0.7664 -0.3075 -0.5639
vn 0.3612 0.8938 -0.2658
vn 0.6999 -0.4949 -0.5150
vn 0.4915 0.7922 -0.3617
vn 0.6064 -0.6582 -0.4462
vn 0.6064 0.6582 -0.4462
vn 0.2513 0.9604 -0.1204
vn 0.8596 -0.3023 -0.4119
vn 0.4105 0.8904 -0.1967
vn 0.7872 -0.4878 -0.3772
vn 0.5568 0.7866 -0.2668
vn 0.6844 -0.6512 -0.3280
vn 0.6844 0.6512 -0.3280
vn 0.5568 -0.7866 -0.2668
vn 0.7872 0.4878 -0.3772
vn 0.4105 -0.8904 -0.1967
vn 0.8596 0.3023 -0.4119
vn 0.2513 -0.9604 -0.1204
vn 0.8971 0.1024 -0.4299
vn 0.0846 0.9956 -0.0405
vn 0.0846 -0.9956 -0.0405
vn 0.8971 -0.1024 -0.4299
vn 0.8451 0.4827 -0.2298
vn 0.4441 -0.8878 -0.1208
vn 0.9210 0.2985 -0.2505
vn 0.2724 -0.9593 -0.0741
vn 0.9600 0.1010 -0.2611
vn 0.0918 0.9955 -0.0250
vn 0.0918 -0.9955 -0.0250
vn 0.9600 -0.1010 -0.2611
vn 0.2724 0.9593 -0.0741
vn 0.9210 -0.2985 -0.2505
vn 0.4441 0.8878 -0.1208
vn 0.8451 -0.4827 -0.2298
vn 0.6009 0.7824 -0.1634
vn 0.7366 -0.6460 -0.2003
vn 0.7366 0.6460 -0.2003
vn 0.6009 -0.7824 -0.1634
vn 0.9513 -0.2965 -0.0840
vn 0.4611 0.8864 -0.0407
vn 0.8739 -0.4799 -0.0772
vn 0.6232 0.7802 -0.0550
vn 0.7628 -0.6432 -0.0674
vn 0.7628 0.6432 -0.0674
vn 0.6232 -0.7802 -0.0550
vn 0.8739 0.4799 -0.0772
vn 0.4611 -0.8864 -0.0407
vn 0.9513 0.2965 -0.0840
vn 0.2831 -0.9588 -0.0250
vn 0.9911 0.1003 -0.0875
vn 0.0954 0.9954 -0.0084
vn 0.0954 -0.9954 -0.0084
vn 0.9911 -0.1003 -0.0875
vn 0.2831 0.9588 -0.0250
vn 0.4611 -0.8864 0.0407
vn 0.9513 0.2965 0.0840
vn 0.2831 -0.9588 0.0250
vn 0.9911 0.1003 0.0875
vn 0.0954 0.9954 0.0084
vn 0.0954 -0.9954 0.0084
vn 0.9911 -0.1003 0.0875
vn 0.2831 0.9588 0.0250
vn 0.9513 -0.2965 0.0840
vn 0.4611 0.8864 0.0407
vn 0.8739 -0.4799 0.0772
vn 0.6232 0.7802 0.0550
vn 0.7628 -0.6432 0.0674
vn 0.7628 0.6432 0.0674
vn 0.6232 -0.7802 0.0550
vn 0.8739 0.4799 0.0772
vn 0.8451 -0.4827 0.2298
vn 0.6009 0.7824 0.1634
vn 0.7366 -0.6460 0.2003
vn 0.7366 0.6460 0.2003
vn 0.6009 -0.7824 0.1634
vn 0.8451 0.4827 0.2298
vn 0.4441 -0.8878 0.1208
vn 0.9210 0.2985 0.2505
vn 0.2724 -0.9593 0.0741
vn 0.9600 0.1010 0.2611
vn 0.0918 0.9955 0.0250
vn 0.0918 -0.9955 0.0250
vn 0.9600 -0.1010 0.2611
vn 0.2724 0.9593 0.0741
vn 0.9210 -0.2985 0.2505
vn 0.4441 0.8878 0.1208
vn 0.2513 -0.9604 0.1204
vn 0.8971 0.1024 0.4299
vn 0.0846 0.9956 0.0405
vn 0.0846 -0.9956 0.0405
vn 0.8971 -0.1024 0.4299
vn 0.2513 0.9604 0.1204
vn 0.8596 -0.3023 0.4119
vn 0.4105 0.8904 0.1967
vn 0.7872 -0.4878 0.3772
vn 0.5568 0.7866 0.2668
vn 0.6844 -0.6512 0.3280
vn 0.6844 0.6512 0.3280
vn 0.5568 -0.7866 0.2668
vn 0.7872 0.4878 0.3772
vn 0.4105 -0.8904 0.1967
vn 0.8596 0.3023 0.4119
vn 0.4915 0.7922 0.3617
vn 0.6064 -0.6582 0.4462
vn 0.6064 0.6582 0.4462
vn 0.4915 -0.7922 0.3617
vn 0.6999 0.4949 0.5150
vn 0.3612 -0.8938 0.2658
vn 0.7664 0.3075 0.5639
vn 0.2206 -0.9618 0.1623
vn 0.8011 0.1044 0.5894
vn 0.0741 0.9958 0.0546
vn 0.0741 -0.9958 0.0546
vn 0.8011 -0.1044 0.5894
vn 0.2206 0.9618 0.1623
vn 0.7664 -0.3075 0.5639
vn 0.3612 0.8938 0.2658
vn 0.6999 -0.4949 0.5150
vn 0.6714 0.1066 0.7334
vn 0.0609 0.9959 0.0665
vn 0.0609 -0.9959 0.0665
vn 0.6714 -0.1066 0.7334
vn 0.1813 0.9633 0.1981
vn 0.6412 -0.3135 0.7005
vn 0.2977 0.8976 0.3252
vn 0.5836 -0.5028 0.6376
vn 0.4065 0.7984 0.4441
vn 0.5036 -0.6661 0.5502
vn 0.5036 0.6661 0.5502
vn 0.4065 -0.7984 0.4441
vn 0.5836 0.5028 0.6376
vn 0.2977 -0.8976 0.3252
vn 0.6412 0.3135 0.7005
vn 0.1813 -0.9633 0.1981
vn 0.3784 -0.6737 0.6348
vn 0.3784 0.6737 0.6348
vn 0.3043 -0.8043 0.5104
vn 0.4403 0.5105 0.7386
vn 0.2220 -0.9011 0.3725
vn 0.4853 0.3193 0.8140
vn 0.1349 -0.9647 0.2263
vn 0.5090 0.1087 0.8538
vn 0.0452 0.9961 0.0759
vn 0.0452 -0.9961 0.0759
vn 0.5090 -0.1087 0.8538
vn 0.1349 0.9647 0.2263
vn 0.4853 -0.3193 0.8140
vn 0.2220 0.9011 0.3725
vn 0.4403 -0.5105 0.7386
vn 0.3043 0.8043 0.5104
vn 0.0279 0.9962 0.0823
vn 0.0279 -0.9962 0.0823
vn 0.3185 -0.1105 0.9414
vn 0.0832 0.9657 0.2458
vn 0.3032 -0.3240 0.8962
vn 0.1371 0.9038 0.4054
vn 0.2744 -0.5167 0.8110
vn 0.1885 0.8089 0.5570
vn 0.2351 -0.6796 0.6949
vn 0.2351 0.6796 0.6949
vn 0.1885 -0.8089 0.5570
vn 0.2744 0.5166 0.8110
vn 0.1371 -0.9038 0.4054
vn 0.3032 0.3240 0.8962
vn 0.0832 -0.9657 0.2458
vn 0.3185 0.1105 0.9414
vn 0.0798 0.6829 0.7261
vn 0.0638 -0.8114 0.5810
vn 0.0933 0.5201 0.8490
vn 0.0464 -0.9053 0.4222
vn 0.1032 0.3266 0.9395
vn 0.0281 -0.9663 0.2558
vn 0.1085 0.1115 0.9878
vn 0.0094 0.9963 0.0856
vn 0.0094 -0.9963 0.0856
vn 0.1085 -0.1115 0.9878
vn 0.0281 0.9663 0.2558
vn 0.1032 -0.3266 0.9395
vn 0.0464 0.9053 0.4222
vn 0.0933 -0.5201 0.8490
vn 0.0638 0.8114 0.5810
vn 0.0798 -0.6829 0.7261
vn -0.1085 -0.1115 0.9878
vn -0.0281 0.9663 0.2558
vn -0.1032 -0.3266 0.9395
vn -0.0464 0.9053 0.4222
vn -0.0933 -0.5201 0.8490
vn -0.0638 0.8114 0.5810
vn -0.0798 -0.6829 0.7261
vn -0.0798 0.6829 0.7261
vn -0.0638 -0.8114 0.5810
vn -0.0933 0.5201 0.8490
vn -0.0464 -0.9053 0.4222
vn -0.1032 0.3266 0.9395
vn -0.0281 -0.9663 0.2558
vn -0.1085 0.1115 0.9878
vn -0.0094 0.9963 0.0856
vn -0.0094 -0.9963 0.0856
vn -0.1885 -0.8089 0.5570
vn -0.2744 0.5167 0.8110
vn -0.1371 -0.9038 0.4054
vn -0.3032 0.3240 0.8962
vn -0.0832 -0.9657 0.2458
vn -0.3185 0.1105 0.9414
vn -0.0279 0.9962 0.0823
vn -0.0279 -0.9962 0.0823
vn -0.3185 -0.1105 0.9414
vn -0.0832 0.9657 0.2458
vn -0.3032 -0.3240 0.8962
vn -0.1371 0.9038 0.4054
vn -0.2744 -0.5167 0.8110
vn -0.1885 0.8089 0.5570
vn -0.2351 -0.6796 0.6949
vn -0.2351 0.6796 0.6949
vn -0.4853 -0.3193 0.8140
vn -0.2220 0.9011 0.3725
vn -0.4403 -0.5105 0.7386
vn -0.3043 0.8043 0.5104
vn -0.3784 -0.6737 0.6348
vn -0.3784 0.6737 0.6348
vn -0.3043 -0.8043 0.5104
vn -0.4403 0.5105 0.7386
vn -0.2220 -0.9011 0.3725
vn -0.4853 0.3193 0.8140
vn -0.1349 -0.9647 0.2263
vn -0.5090 0.1087 0.8538
vn -0.0452 0.9961 0.0759
vn -0.0452 -0.9961 0.0759
vn -0.5090 -0.1087 0.8538
vn -0.1349 0.9647 0.2263
vn -0.2977 -0.8976 0.3252
vn -0.6412 0.3135 0.7005
vn -0.1813 -0.9633 0.1981
vn -0.6714 0.1066 0.7334
vn -0.0609 0.9959 0.0665
vn -0.0609 -0.9959 0.0665
vn -0.6714 -0.1066 0.7334
vn -0.1813 0.9633 0.1981
vn -0.6412 -0.3135 0.7005
vn -0.2977 0.8976 0.3252
vn -0.5836 -0.5028 0.6376
vn -0.4065 0.7984 0.4441
vn -0.5036 -0.6661 0.5502
vn -0.5036 0.6661 0.5502
vn -0.4065 -0.7984 0.4441
vn -0.5836 0.5028 0.6376
vn -0.3612 0.8938 0.2658
vn -0.6999 -0.4949 0.5150
vn -0.4915 0.7922 0.3617
vn -0.6064 -0.6582 0.4462
vn -0.6064 0.6582 0.4462
vn -0.4915 -0.7922 0.3617
vn -0.6999 0.4949 0.5150
vn -0.3612 -0.8938 0.2658
vn -0.7664 0.3075 0.5639
vn -0.2206 -0.9618 0.1623
vn -0.8011 0.1044 0.5894
vn -0.0741 0.9958 0.0546
vn -0.0741 -0.9958 0.0546
vn -0.8011 -0.1044 0.5894
vn -0.2206 0.9618 0.1623
vn -0.7664 -0.3075 0.5639
vn -0.8596 0.3023 0.4119
vn -0.2513 -0.9604 0.1204
vn -0.8971 0.1024 0.4299
vn -0.0846 0.9956 0.0405
vn -0.0846 -0.9956 0.0405
vn -0.8971 -0.1024 0.4299
vn -0.2513 0.9604 0.1204
vn -0.8596 -0.3023 0.4119
vn -0.4105 0.8904 0.1967
vn -0.7872 -0.4878 0.3772
vn -0.5568 0.7866 0.2668
vn -0.6844 -0.6512 0.3280
vn -0.6844 0.6512 0.3280
vn -0.5568 -0.7866 0.2668
vn -0.7872 0.4878 0.3772
vn -0.4105 -0.8904 0.1967
vn -0.8451 -0.4827 0.2298
vn -0.6009 0.7824 0.1634
vn -0.7366 -0.6460 0.2003
vn -0.7366 0.6460 0.2003
vn -0.6009 -0.7824 0.1634
vn -0.8451 0.4827 0.2298
vn -0.4441 -0.8878 0.1208
vn -0.9210 0.2985 0.2505
vn -0.2724 -0.9593 0.0741
vn -0.9600 0.1010 0.2611
vn -0.0918 0.9955 0.0250
vn -0.0918 -0.9955 0.0250
vn -0.9600 -0.1010 0.2611
vn -0.2724 0.9593 0.0741
vn -0.9210 -0.2985 0.2505
vn -0.4441 0.8878 0.1208
vn -0.2831 -0.9588 0.0250
vn -0.9911 0.1003 0.0875
vn -0.0954 0.9954 0.0084
vn -0.0954 -0.9954 0.0084
vn -0.9911 -0.1003 0.0875
vn -0.2831 0.9588 0.0250
vn -0.9513 -0.2965 0.0840
vn -0.4611 0.8864 0.0407
vn -0.8739 -0.4799 0.0772
vn -0.6232 0.7802 0.0550
vn -0.7628 -0.6432 0.0674
vn -0.7628 0.6432 0.0674
vn -0.6232 -0.7802 0.0550
vn -0.8739 0.4799 0.0772
vn -0.4611 -0.8864 0.0407
vn -0.9513 0.2965 0.0840
vn -0.6232 0.7802 -0.0550
vn -0.7628 -0.6432 -0.0674
vn -0.7628 0.6432 -0.0674
vn -0.6232 -0.7802 -0.0550
vn -0.8739 0.4799 -0.0772
vn -0.4611 -0.8864 -0.0407
vn -0.9513 0.2965 -0.0840
vn -0.2831 -0.9588 -0.0250
vn -0.9911 0.1003 -0.0875
vn -0.0954 0.9954 -0.0084
vn -0.0954 -0.9954 -0.0084
vn -0.9911 -0.1003 -0.0875
vn -0.2831 0.9588 -0.0250
vn -0.9513 -0.2965 -0.0840
vn -0.4611 0.8864 -0.0407
vn -0.8739 -0.4799 -0.0772
vn -0.9600 0.1010 -0.2611
vn -0.0918 0.9955 -0.0250
vn -0.0918 -0.9955 -0.0250
vn -0.9600 -0.1010 -0.2611
vn -0.2724 0.9593 -0.0741
vn -0.9210 -0.2985 -0.2505
vn -0.4441 0.8878 -0.1208
vn -0.8451 -0.4827 -0.2298
vn -0.6009 0.7824 -0.1634
vn -0.7366 -0.6460 -0.2003
vn -0.7366 0.6460 -0.2003
vn -0.6009 -0.7824 -0.1634
vn -0.8451 0.4827 -0.2298
vn -0.4441 -0.8878 -0.1208
vn -0.9210 0.2985 -0.2505
vn -0.2724 -0.9593 -0.0741
vn -0.6844 -0.6512 -0.3280
vn -0.6844 0.6512 -0.3280
vn -0.5568 -0.7866 -0.2668
vn -0.7872 0.4878 -0.3772
vn -0.4105 -0.8904 -0.1967
vn -0.8596 0.3023 -0.4119
vn -0.2513 -0.9604 -0.1204
vn -0.8971 0.1024 -0.4299
vn -0.0846 0.9956 -0.0405
vn -0.0846 -0.9956 -0.0405
vn -0.8971 -0.1024 -0.4299
vn -0.2513 0.9604 -0.1204
vn -0.8596 -0.3023 -0.4119
vn -0.4105 0.8904 -0.1967
vn -0.7872 -0.4878 -0.3772
vn -0.5568 0.7866 -0.2668
vn -0.0741 -0.9958 -0.0546
vn -0.8011 -0.1044 -0.5894
vn -0.2206 0.9618 -0.1623
vn -0.7664 -0.3075 -0.5639
vn -0.3612 0.8938 -0.2658
vn -0.6999 -0.4949 -0.5150
vn -0.4915 0.7922 -0.3617
vn -0.6064 -0.6582 -0.4462
vn -0.6064 0.6582 -0.4462
vn -0.4915 -0.7922 -0.3617
vn -0.6999 0.4949 -0.5150
vn -0.3612 -0.8938 -0.2658
vn -0.7664 0.3075 -0.5639
vn -0.2206 -0.9618 -0.1623
vn -0.8011 0.1044 -0.5894
vn -0.0741 0.9958 -0.0546
vn -0.4065 -0.7984 -0.4441
vn -0.5836 0.5028 -0.6376
vn -0.2977 -0.8976 -0.3252
vn -0.6412 0.3135 -0.7005
vn -0.1813 -0.9633 -0.1981
vn -0.6714 0.1066 -0.7334
vn -0.0609 0.9959 -0.0665
vn -0.0609 -0.9959 -0.0665
vn -0.6714 -0.1066 -0.7334
vn -0.1813 0.9633 -0.1981
vn -0.6412 -0.3135 -0.7005
vn -0.2977 0.8976 -0.3252
vn -0.5836 -0.5028 -0.6376
vn -0.4065 0.7984 -0.4441
vn -0.5036 -0.6661 -0.5502
vn -0.5036 0.6661 -0.5502
vn -0.1349 0.9647 -0.2263
vn -0.4853 -0.3193 -0.8140
vn -0.2220 0.9011 -0.3725
vn -0.4403 -0.5105 -0.7386
vn -0.3043 0.8043 -0.5104
vn -0.3784 -0.6737 -0.6348
vn -0.3784 0.6737 -0.6348
vn -0.3043 -0.8043 -0.5104
vn -0.4403 0.5105 -0.7386
vn -0.2220 -0.9011 -0.3725
vn -0.4853 0.3193 -0.8140
vn -0.1349 -0.9647 -0.2263
vn -0.5090 0.1087 -0.8538
vn -0.0452 0.9961 -0.0759
vn -0.0452 -0.9961 -0.0759
vn -0.5090 -0.1087 -0.8538
vn -0.2744 0.5167 -0.8110
vn -0.1371 -0.9038 -0.4054
vn -0.3032 0.3240 -0.8962
vn -0.0832 -0.9657 -0.2458
vn -0.3185 0.1105 -0.9414
vn -0.0279 0.9962 -0.0823
vn -0.0279 -0.9962 -0.0823
vn -0.3185 -0.1105 -0.9414
vn -0.0832 0.9657 -0.2458
vn -0.3032 -0.3240 -0.8962
vn -0.1371 0.9038 -0.4054
vn -0.2744 -0.5167 -0.8110
vn -0.1885 0.8089 -0.5570
vn -0.2351 -0.6796 -0.6949
vn -0.2351 0.6796 -0.6949
vn -0.1885 -0.8089 -0.5570
vn -0.1032 -0.3266 -0.9395
vn -0.0464 0.9053 -0.4222
vn -0.0933 -0.5201 -0.8490
vn -0.0638 0.8114 -0.5810
vn -0.0798 -0.6829 -0.7261
vn -0.0798 0.6829 -0.7261
vn -0.0638 -0.8114 -0.5810
vn -0.0933 0.5201 -0.8490
vn -0.0464 -0.9053 -0.4222
vn -0.1032 0.3266 -0.9395
vn -0.0281 -0.9663 -0.2558
vn -0.1085 0.1115 -0.9878
vn -0.0094 0.9963 -0.0856
vn -0.0094 -0.9963 -0.0856
vn -0.1085 -0.1115 -0.9878
vn -0.0281 0.9663 -0.2558
vn 0.2564 -0.4429 -0.8591
vn 0.4234 0.9013 -0.0922
vn 0.1785 -0.5644 -0.8060
vn 0.4986 0.8078 -0.3145
vn 0.1051 -0.6618 -0.7423
vn 0.5454 0.6379 -0.5437
vn 0.0347 0.8077 0.5886
vn 0.0347 -0.7416 -0.6700
vn 0.5454 0.4016 -0.7357
vn 0.1051 0.8621 0.4958
vn 0.4986 0.1424 -0.8551
vn 0.1785 0.9045 0.3873
vn 0.4234 -0.0943 -0.9010
vn 0.2564 0.9316 0.2576
vn 0.3391 -0.2890 -0.8952
vn 0.3391 0.9354 0.0996
vn 0.4881 -0.3441 -0.8021
vn 0.4881 0.8556 0.1725
vn 0.3723 -0.4842 -0.7918
vn 0.6026 0.7980 0.0032
vn 0.2607 -0.5937 -0.7613
vn 0.7014 0.6860 -0.1935
vn 0.1541 -0.6797 -0.7171
vn 0.7611 0.5110 -0.3996
vn 0.0509 0.8011 0.5963
vn 0.0509 -0.7477 -0.6620
vn 0.7611 0.2865 -0.5820
vn 0.1540 0.8411 0.5184
vn 0.7014 0.0489 -0.7111
vn 0.2607 0.8668 0.4252
vn 0.6026 -0.1666 -0.7804
vn 0.3723 0.8742 0.3117
vn 0.0652 0.7934 0.6052
vn 0.0652 -0.7548 -0.6527
vn 0.8972 0.1622 -0.4107
vn 0.1966 0.8158 0.5439
vn 0.8366 -0.0492 -0.5457
vn 0.3304 0.8204 0.4667
vn 0.7316 -0.2407 -0.6378
vn 0.4668 0.8031 0.3702
vn 0.6032 -0.4003 -0.6899
vn 0.6032 0.7572 0.2505
vn 0.4668 -0.5269 -0.7103
vn 0.7316 0.6736 0.1050
vn 0.3304 -0.6249 -0.7074
vn 0.8366 0.5442 -0.0636
vn 0.1966 -0.6995 -0.6871
vn 0.8972 0.3688 -0.2428
vn 0.6822 0.6532 0.3284
vn 0.5369 -0.5698 -0.6221
vn 0.8117 0.5473 0.2040
vn 0.3850 -0.6572 -0.6480
vn 0.9119 0.4062 0.0596
vn 0.2310 -0.7205 -0.6538
vn 0.9673 0.2347 -0.0961
vn 0.0770 0.7849 0.6148
vn 0.0770 -0.7625 -0.6423
vn 0.9673 0.0460 -0.2494
vn 0.2310 0.7875 0.5713
vn 0.9119 -0.1415 -0.3853
vn 0.3850 0.7689 0.5105
vn 0.8117 -0.3117 -0.4939
vn 0.5369 0.7256 0.4303
vn 0.6822 -0.4553 -0.5721
vn 0.9926 -0.0565 -0.1079
vn 0.2562 0.7580 0.5998
vn 0.9437 -0.2254 -0.2421
vn 0.4231 0.7160 0.5553
vn 0.8524 -0.3786 -0.3608
vn 0.5826 0.6483 0.4903
vn 0.7285 -0.5087 -0.4588
vn 0.7285 0.5532 0.4040
vn 0.5826 -0.6126 -0.5341
vn 0.8524 0.4307 0.2967
vn 0.4231 -0.6901 -0.5871
vn 0.9437 0.2831 0.1710
vn 0.2562 -0.7423 -0.6191
vn 0.9926 0.1172 0.0332
vn 0.0858 0.7759 0.6250
vn 0.0858 -0.7707 -0.6315
vn 0.6056 -0.6556 -0.4510
vn 0.8635 0.3281 0.3830
vn 0.4448 -0.7235 -0.5279
vn 0.9461 0.1770 0.2713
vn 0.2715 -0.7646 -0.5846
vn 0.9891 0.0160 0.1463
vn 0.0912 0.7669 0.6353
vn 0.0912 -0.7789 -0.6205
vn 0.9891 -0.1465 0.0143
vn 0.2715 0.7288 0.6287
vn 0.9461 -0.3018 -0.1177
vn 0.4448 0.6649 0.6001
vn 0.8635 -0.4420 -0.2428
vn 0.6056 0.5757 0.5493
vn 0.7476 -0.5612 -0.3552
vn 0.7476 0.4626 0.4766
vn 0.2765 0.7013 0.6571
vn 0.9277 -0.3732 -0.0100
vn 0.4503 0.6180 0.6444
vn 0.8524 -0.5038 -0.1399
vn 0.6083 0.5109 0.6074
vn 0.7443 -0.6137 -0.2634
vn 0.7443 0.3835 0.5468
vn 0.6083 -0.6991 -0.3757
vn 0.8524 0.2401 0.4644
vn 0.4503 -0.7573 -0.4729
vn 0.9277 0.0862 0.3632
vn 0.2765 -0.7868 -0.5518
vn 0.9663 -0.0718 0.2471
vn 0.0932 0.7581 0.6454
vn 0.0932 -0.7870 -0.6099
vn 0.9663 -0.2271 0.1209
vn 0.8233 0.1653 0.5430
vn 0.4405 -0.7912 -0.4241
vn 0.8931 0.0079 0.4498
vn 0.2714 -0.8085 -0.5222
vn 0.9287 -0.1497 0.3394
vn 0.0916 0.7501 0.6549
vn 0.0916 -0.7947 -0.6001
vn 0.9287 -0.3015 0.2160
vn 0.2714 0.6767 0.6844
vn 0.8931 -0.4419 0.0843
vn 0.4405 0.5772 0.6876
vn 0.8233 -0.5653 -0.0506
vn 0.5927 0.4555 0.6643
vn 0.7219 -0.6672 -0.1837
vn 0.7219 0.3164 0.6154
vn 0.5927 -0.7435 -0.3098
vn 0.8436 -0.5100 0.1682
vn 0.4161 0.5436 0.7290
vn 0.7776 -0.6281 0.0267
vn 0.5598 0.4103 0.7199
vn 0.6818 -0.7223 -0.1159
vn 0.6818 0.2614 0.6832
vn 0.5598 -0.7887 -0.2542
vn 0.7776 0.1025 0.6203
vn 0.4161 -0.8248 -0.3828
vn 0.8436 -0.0602 0.5337
vn 0.2563 -0.8292 -0.4967
vn 0.8771 -0.2205 0.4266
vn 0.0866 0.7431 0.6635
vn 0.0866 -0.8016 -0.5915
vn 0.8771 -0.3724 0.3032
vn 0.2563 0.6560 0.7099
vn 0.3776 -0.8574 -0.3498
vn 0.7778 -0.1199 0.6169
vn 0.2318 -0.8482 -0.4762
vn 0.8102 -0.2865 0.5113
vn 0.0782 0.7374 0.6709
vn 0.0782 -0.8077 -0.5844
vn 0.8102 -0.4418 0.3851
vn 0.2318 0.6398 0.7327
vn 0.7778 -0.5793 0.2437
vn 0.3776 0.5180 0.7676
vn 0.7147 -0.6931 0.0933
vn 0.5101 0.3758 0.7737
vn 0.6241 -0.7791 -0.0598
vn 0.6241 0.2181 0.7503
vn 0.5101 -0.8343 -0.2094
vn 0.7147 0.0507 0.6976
vn 0.6320 -0.7605 0.1492
vn 0.4432 0.3524 0.8242
vn 0.5471 -0.8369 -0.0158
vn 0.5471 0.1869 0.8159
vn 0.4432 -0.8789 -0.1761
vn 0.6320 0.0097 0.7749
vn 0.3255 -0.8876 -0.3260
vn 0.6924 -0.1718 0.7008
vn 0.1987 -0.8647 -0.4613
vn 0.7239 -0.3487 0.5953
vn 0.0668 0.7332 0.6767
vn 0.0668 -0.8125 -0.5791
vn 0.7239 -0.5113 0.4632
vn 0.1987 0.6286 0.7519
vn 0.6924 -0.6507 0.3117
vn 0.3255 0.5009 0.8020
vn 0.1578 -0.8777 -0.4525
vn 0.6113 -0.4072 0.6786
vn 0.0528 0.7306 0.6808
vn 0.0528 -0.8160 -0.5757
vn 0.6113 -0.5808 0.5375
vn 0.1578 0.6226 0.7664
vn 0.5812 -0.7240 0.3716
vn 0.2606 0.4925 0.8304
vn 0.5249 -0.8289 0.1935
vn 0.3588 0.3405 0.8691
vn 0.4487 -0.8936 0.0149
vn 0.4487 0.1684 0.8777
vn 0.3588 -0.9204 -0.1553
vn 0.5249 -0.0196 0.8509
vn 0.2606 -0.9137 -0.3120
vn 0.5812 -0.2155 0.7847
vn 0.2568 0.3403 0.9046
vn 0.3263 -0.9448 0.0304
vn 0.3263 0.1637 0.9310
vn 0.2568 -0.9551 -0.1479
vn 0.3882 -0.0351 0.9209
vn 0.1841 -0.9334 -0.3080
vn 0.4361 -0.2482 0.8650
vn 0.1105 -0.8863 -0.4498
vn 0.4626 -0.4594 0.7582
vn 0.0368 0.7297 0.6828
vn 0.0368 -0.8178 -0.5743
vn 0.4626 -0.6481 0.6050
vn 0.1105 0.6218 0.7754
vn 0.4361 -0.7959 0.4201
vn 0.1841 0.4926 0.8505
vn 0.3882 -0.8942 0.2230
vn 0.2665 -0.4986 0.8248
vn 0.0194 0.7304 0.6828
vn 0.0194 -0.8179 -0.5751
vn 0.2666 -0.7052 0.6570
vn 0.0584 0.6257 0.7778
vn 0.2485 -0.8579 0.4498
vn 0.0982 0.5010 0.8599
vn 0.2173 -0.9479 0.2327
vn 0.1387 0.3518 0.9257
vn 0.1792 -0.9834 0.0279
vn 0.1792 0.1741 0.9683
vn 0.1387 -0.9782 -0.1548
vn 0.2173 -0.0337 0.9755
vn 0.0982 -0.9443 -0.3142
vn 0.2485 -0.2646 0.9318
vn 0.0584 -0.8895 -0.4532
vn 0.0113 -0.9999 0.0052
vn 0.0113 0.1997 0.9798
vn 0.0086 -0.9843 -0.1762
vn 0.0139 -0.0116 0.9998
vn 0.0060 -0.9439 -0.3303
vn 0.0162 -0.2563 0.9665
vn 0.0036 -0.8867 -0.4624
vn 0.0176 -0.5116 0.8590
vn 0.0012 0.7327 0.6806
vn 0.0012 -0.8162 -0.5778
vn 0.0176 -0.7361 0.6767
vn 0.0036 0.6341 0.7732
vn 0.0162 -0.8935 0.4488
vn 0.0060 0.5166 0.8562
vn 0.0139 -0.9763 0.2162
vn 0.0086 0.3741 0.9274
vn -0.0171 0.7365 0.6763
vn -0.0171 -0.8127 -0.5824
vn -0.2686 -0.7179 0.6422
vn -0.0517 0.6464 0.7612
vn -0.2455 -0.8809 0.4046
vn -0.0879 0.5382 0.8382
vn -0.2085 -0.9634 0.1687
vn -0.1263 0.4053 0.9054
vn -0.1670 -0.9852 -0.0383
vn -0.1670 0.2393 0.9565
vn -0.1263 -0.9692 -0.2113
vn -0.2085 0.0322 0.9775
vn -0.0879 -0.9307 -0.3551
vn -0.2455 -0.2156 0.9451
vn -0.0517 -0.8775 -0.4768
vn -0.2686 -0.4816 0.8342
vn -0.3391 0.2890 0.8952
vn -0.2564 -0.9316 -0.2576
vn -0.4234 0.0943 0.9010
vn -0.1785 -0.9045 -0.3873
vn -0.4986 -0.1424 0.8551
vn -0.1051 -0.8621 -0.4958
vn -0.5454 -0.4016 0.7357
vn -0.0347 0.7416 0.6700
vn -0.0347 -0.8077 -0.5886
vn -0.5454 -0.6379 0.5437
vn -0.1051 0.6618 0.7423
vn -0.4986 -0.8078 0.3145
vn -0.1785 0.5644 0.8060
vn -0.4234 -0.9013 0.0922
vn -0.2564 0.4429 0.8591
vn -0.3392 -0.9354 -0.0996
vn -0.7611 -0.5110 0.3996
vn -0.1541 0.6797 0.7171
vn -0.7014 -0.6860 0.1935
vn -0.2607 0.5937 0.7613
vn -0.6026 -0.7980 -0.0032
vn -0.3723 0.4842 0.7918
vn -0.4881 -0.8556 -0.1725
vn -0.4881 0.3441 0.8021
vn -0.3722 -0.8742 -0.3117
vn -0.6026 0.1666 0.7804
vn -0.2607 -0.8668 -0.4252
vn -0.7014 -0.0489 0.7111
vn -0.1541 -0.8411 -0.5184
vn -0.7611 -0.2865 0.5820
vn -0.0509 0.7478 0.6620
vn -0.0509 -0.8011 -0.5963
vn -0.4668 -0.8031 -0.3702
vn -0.7316 0.2407 0.6378
vn -0.3304 -0.8204 -0.4667
vn -0.8366 0.0491 0.5457
vn -0.1966 -0.8158 -0.5439
vn -0.8972 -0.1622 0.4107
vn -0.0652 0.7548 0.6527
vn -0.0652 -0.7934 -0.6052
vn -0.8972 -0.3688 0.2428
vn -0.1966 0.6995 0.6871
vn -0.8366 -0.5442 0.0636
vn -0.3304 0.6249 0.7074
vn -0.7316 -0.6736 -0.1050
vn -0.4668 0.5269 0.7103
vn -0.6032 -0.7572 -0.2505
vn -0.6032 0.4003 0.6899
vn -0.9119 -0.4062 -0.0596
vn -0.3850 0.6572 0.6480
vn -0.8117 -0.5473 -0.2040
vn -0.5369 0.5698 0.6221
vn -0.6822 -0.6532 -0.3284
vn -0.6822 0.4553 0.5721
vn -0.5369 -0.7256 -0.4303
vn -0.8117 0.3117 0.4939
vn -0.3850 -0.7689 -0.5105
vn -0.9119 0.1415 0.3853
vn -0.2310 -0.7875 -0.5713
vn -0.9673 -0.0460 0.2494
vn -0.0770 0.7625 0.6423
vn -0.0770 -0.7849 -0.6148
vn -0.9673 -0.2347 0.0961
vn -0.2310 0.7205 0.6538
vn -0.4231 -0.7160 -0.5553
vn -0.9437 0.2254 0.2421
vn -0.2562 -0.7580 -0.5998
vn -0.9926 0.0565 0.1079
vn -0.0858 0.7707 0.6314
vn -0.0858 -0.7759 -0.6250
vn -0.9926 -0.1172 -0.0332
vn -0.2562 0.7423 0.6191
vn -0.9437 -0.2831 -0.1710
vn -0.4231 0.6901 0.5871
vn -0.8524 -0.4307 -0.2967
vn -0.5826 0.6126 0.5341
vn -0.7285 -0.5532 -0.4040
vn -0.7285 0.5087 0.4588
vn -0.5826 -0.6483 -0.4903
vn -0.8524 0.3786 0.3608
vn -0.4448 0.7235 0.5279
vn -0.8635 -0.3281 -0.3830
vn -0.6056 0.6556 0.4510
vn -0.7476 -0.4626 -0.4766
vn -0.7476 0.5612 0.3552
vn -0.6056 -0.5757 -0.5493
vn -0.8635 0.4420 0.2428
vn -0.4448 -0.6649 -0.6001
vn -0.9461 0.3018 0.1177
vn -0.2715 -0.7288 -0.6286
vn -0.9891 0.1465 -0.0143
vn -0.0912 0.7789 0.6205
vn -0.0912 -0.7669 -0.6353
vn -0.9891 -0.0160 -0.1463
vn -0.2715 0.7646 0.5846
vn -0.9461 -0.1770 -0.2713
vn -0.9277 0.3732 0.0100
vn -0.2765 -0.7013 -0.6571
vn -0.9663 0.2271 -0.1209
vn -0.0932 0.7870 0.6099
vn -0.0932 -0.7581 -0.6454
vn -0.9663 0.0718 -0.2471
vn -0.2765 0.7868 0.5518
vn -0.9277 -0.0862 -0.3632
vn -0.4503 0.7573 0.4729
vn -0.8524 -0.2401 -0.4644
vn -0.6083 0.6991 0.3757
vn -0.7443 -0.3835 -0.5468
vn -0.7443 0.6137 0.2634
vn -0.6083 -0.5109 -0.6074
vn -0.8524 0.5038 0.1399
vn -0.4503 -0.6180 -0.6444
vn -0.8233 -0.1653 -0.5430
vn -0.5927 0.7435 0.3098
vn -0.7219 -0.3164 -0.6154
vn -0.7219 0.6672 0.1837
vn -0.5927 -0.4555 -0.6643
vn -0.8233 0.5653 0.0506
vn -0.4405 -0.5772 -0.6876
vn -0.8931 0.4419 -0.0843
vn -0.2714 -0.6767 -0.6845
vn -0.9287 0.3015 -0.2160
vn -0.0916 0.7947 0.6001
vn -0.0916 -0.7501 -0.6549
vn -0.9287 0.1497 -0.3394
vn -0.2714 0.8085 0.5222
vn -0.8931 -0.0079 -0.4498
vn -0.4405 0.7912 0.4241
vn -0.2563 -0.6560 -0.7099
vn -0.8771 0.3724 -0.3032
vn -0.0866 0.8016 0.5915
vn -0.0866 -0.7431 -0.6635
vn -0.8771 0.2205 -0.4266
vn -0.2563 0.8292 0.4967
vn -0.8436 0.0602 -0.5337
vn -0.4161 0.8248 0.3828
vn -0.7776 -0.1025 -0.6203
vn -0.5598 0.7887 0.2542
vn -0.6818 -0.2614 -0.6832
vn -0.6818 0.7223 0.1159
vn -0.5598 -0.4103 -0.7199
vn -0.7776 0.6281 -0.0267
vn -0.4161 -0.5436 -0.7290
vn -0.8436 0.5100 -0.1682
vn -0.5101 0.8343 0.2094
vn -0.6241 -0.2181 -0.7503
vn -0.6241 0.7791 0.0598
vn -0.5101 -0.3758 -0.7737
vn -0.7147 0.6931 -0.0933
vn -0.3776 -0.5180 -0.7676
vn -0.7778 0.5793 -0.2437
vn -0.2318 -0.6398 -0.7327
vn -0.8102 0.4418 -0.3851
vn -0.0782 0.8077 0.5844
vn -0.0782 -0.7374 -0.6709
vn -0.8102 0.2865 -0.5113
vn -0.2318 0.8482 0.4762
vn -0.7778 0.1199 -0.6169
vn -0.3776 0.8574 0.3498
vn -0.7147 -0.0507 -0.6976
vn -0.7239 0.5113 -0.4632
vn -0.0668 0.8125 0.5791
vn -0.0668 -0.7332 -0.6767
vn -0.7239 0.3487 -0.5953
vn -0.1987 0.8647 0.4613
vn -0.6924 0.1718 -0.7008
vn -0.3255 0.8876 0.3260
vn -0.6320 -0.0097 -0.7749
vn -0.4432 0.8789 0.1761
vn -0.5471 -0.1869 -0.8159
vn -0.5471 0.8369 0.0158
vn -0.4432 -0.3524 -0.8242
vn -0.6320 0.7605 -0.1492
vn -0.3255 -0.5009 -0.8020
vn -0.6924 0.6507 -0.3117
vn -0.1987 -0.6286 -0.7519
vn -0.4487 -0.1684 -0.8777
vn -0.4487 0.8936 -0.0149
vn -0.3588 -0.3405 -0.8691
vn -0.5249 0.8289 -0.1935
vn -0.2606 -0.4925 -0.8304
vn -0.5812 0.7240 -0.3716
vn -0.1578 -0.6226 -0.7664
vn -0.6113 0.5808 -0.5375
vn -0.0528 0.8160 0.5757
vn -0.0528 -0.7306 -0.6808
vn -0.6113 0.4072 -0.6786
vn -0.1578 0.8777 0.4525
vn -0.5812 0.2155 -0.7847
vn -0.2606 0.9137 0.3120
vn -0.5249 0.0196 -0.8509
vn -0.3588 0.9204 0.1553
vn -0.0368 -0.7297 -0.6828
vn -0.4626 0.4594 -0.7582
vn -0.1105 0.8863 0.4498
vn -0.4361 0.2482 -0.8650
vn -0.1841 0.9334 0.3080
vn -0.3882 0.0351 -0.9209
vn -0.2568 0.9551 0.1479
vn -0.3263 -0.1637 -0.9310
vn -0.3263 0.9448 -0.0304
vn -0.2568 -0.3403 -0.9046
vn -0.3882 0.8942 -0.2230
vn -0.1841 -0.4926 -0.8505
vn -0.4361 0.7959 -0.4201
vn -0.1105 -0.6218 -0.7754
vn -0.4626 0.6481 -0.6050
vn -0.0368 0.8178 0.5743
vn -0.1387 -0.3518 -0.9257
vn -0.2173 0.9479 -0.2327
vn -0.0982 -0.5010 -0.8599
vn -0.2485 0.8579 -0.4498
vn -0.0584 -0.6257 -0.7778
vn -0.2666 0.7052 -0.6570
vn -0.0194 0.8179 0.5751
vn -0.0194 -0.7304 -0.6828
vn -0.2666 0.4986 -0.8248
vn -0.0584 0.8895 0.4532
vn -0.2485 0.2645 -0.9318
vn -0.0982 0.9443 0.3142
vn -0.2173 0.0337 -0.9755
vn -0.1387 0.9782 0.1548
vn -0.1792 -0.1741 -0.9683
vn -0.1792 0.9834 -0.0279
vn -0.0036 0.8867 0.4624
vn -0.0162 0.2563 -0.9665
vn -0.0060 0.9439 0.3303
vn -0.0139 0.0116 -0.9998
vn -0.0086 0.9843 0.1762
vn -0.0113 -0.1997 -0.9798
vn -0.0113 0.9999 -0.0052
vn -0.0086 -0.3741 -0.9274
vn -0.0139 0.9763 -0.2162
vn -0.0060 -0.5166 -0.8562
vn -0.0162 0.8935 -0.4488
vn -0.0036 -0.6341 -0.7732
vn -0.0176 0.7361 -0.6767
vn -0.0012 0.8162 0.5778
vn -0.0012 -0.7327 -0.6806
vn -0.0176 0.5116 -0.8590
vn 0.2085 0.9634 -0.1687
vn 0.0879 -0.5382 -0.8382
vn 0.2455 0.8809 -0.4046
vn 0.0518 -0.6464 -0.7612
vn 0.2686 0.7179 -0.6422
vn 0.0171 0.8127 0.5824
vn 0.0171 -0.7365 -0.6763
vn 0.2686 0.4816 -0.8342
vn 0.0517 0.8775 0.4768
vn 0.2455 0.2156 -0.9451
vn 0.0879 0.9307 0.3551
vn 0.2085 -0.0322 -0.9775
vn 0.1263 0.9692 0.2113
vn 0.1670 -0.2393 -0.9565
vn 0.1670 0.9852 0.0383
vn 0.1263 -0.4053 -0.9054
vn 0.2808 -0.0533 -0.9583
vn 0.1398 0.9888 -0.0516
vn -0.2395 0.2992 0.9236
vn 0.2620 -0.1791 -0.9483
vn 0.2169 0.9153 -0.3394
vn -0.2126 0.4174 0.8835
vn 0.2712 0.7658 -0.5831
vn -0.1800 0.5363 0.8246
vn 0.2999 0.5824 -0.7556
vn -0.1395 0.6574 0.7405
vn 0.3091 0.3996 -0.8630
vn -0.0884 0.7788 0.6210
vn 0.3062 0.2323 -0.9232
vn -0.0239 0.8912 0.4530
vn 0.2959 0.0824 -0.9517
vn 0.0544 0.9726 0.2261
vn 0.4170 0.0805 -0.9054
vn 0.3725 0.8808 0.2924
vn 0.3537 -0.0535 -0.9338
vn 0.4725 0.8800 0.0477
vn -0.2148 0.2989 0.9298
vn 0.2865 -0.1792 -0.9412
vn 0.5413 0.8144 -0.2091
vn -0.1374 0.4149 0.8994
vn 0.5693 0.6931 -0.4422
vn -0.0526 0.5284 0.8474
vn 0.5601 0.5404 -0.6278
vn 0.0415 0.6386 0.7684
vn 0.5252 0.3798 -0.7615
vn 0.1458 0.7417 0.6547
vn 0.4752 0.2249 -0.8506
vn 0.2586 0.8280 0.4975
vn 0.0638 0.5037 0.8615
vn 0.7395 0.4590 -0.4925
vn 0.1993 0.5925 0.7805
vn 0.6880 0.3305 -0.6461
vn 0.3365 0.6658 0.6660
vn 0.6133 0.1977 -0.7647
vn 0.4693 0.7166 0.5159
vn 0.5224 0.0664 -0.8501
vn 0.5885 0.7371 0.3322
vn 0.4202 -0.0604 -0.9054
vn 0.6826 0.7203 0.1232
vn -0.1914 0.2962 0.9358
vn 0.3094 -0.1814 -0.9335
vn 0.7412 0.6644 -0.0956
vn -0.0668 0.4040 0.9123
vn 0.7595 0.5740 -0.3060
vn 0.7202 0.5950 0.3567
vn 0.4776 -0.0736 -0.8755
vn 0.8026 0.5699 0.1762
vn -0.1703 0.2912 0.9414
vn 0.3299 -0.1859 -0.9255
vn 0.8529 0.5219 -0.0117
vn -0.0041 0.3858 0.9226
vn 0.8690 0.4531 -0.1987
vn 0.1629 0.4666 0.8693
vn 0.8506 0.3666 -0.3770
vn 0.3250 0.5304 0.7830
vn 0.7989 0.2664 -0.5393
vn 0.4760 0.5744 0.6660
vn 0.7168 0.1567 -0.6794
vn 0.6097 0.5964 0.5221
vn 0.6082 0.0419 -0.7927
vn 0.9171 0.2764 -0.2874
vn 0.4184 0.4614 0.7823
vn 0.8706 0.1970 -0.4509
vn 0.5719 0.4819 0.6639
vn 0.7898 0.1072 -0.6040
vn 0.6991 0.4842 0.5261
vn 0.6738 0.0094 -0.7389
vn 0.7989 0.4703 0.3749
vn 0.5244 -0.0924 -0.8465
vn 0.8711 0.4416 0.2148
vn -0.1523 0.2841 0.9466
vn 0.3473 -0.1923 -0.9178
vn 0.9155 0.3992 0.0490
vn 0.0482 0.3618 0.9310
vn 0.9313 0.3440 -0.1194
vn 0.2417 0.4215 0.8740
vn 0.5598 -0.1159 -0.8205
vn 0.9109 0.3319 0.2451
vn -0.1380 0.2753 0.9514
vn 0.3609 -0.2005 -0.9108
vn 0.9514 0.2933 0.0941
vn 0.0885 0.3335 0.9386
vn 0.9672 0.2465 -0.0612
vn 0.2997 0.3720 0.8785
vn 0.9565 0.1910 -0.2206
vn 0.4833 0.3912 0.7832
vn 0.9153 0.1264 -0.3823
vn 0.6348 0.3939 0.6647
vn 0.8385 0.0525 -0.5424
vn 0.7548 0.3834 0.5323
vn 0.7207 -0.0295 -0.6927
vn 0.8459 0.3622 0.3915
vn 0.5243 0.3223 0.7882
vn 0.9417 0.0553 -0.3320
vn 0.6730 0.3116 0.6708
vn 0.8683 -0.0058 -0.4960
vn 0.7876 0.2920 0.5426
vn 0.7508 -0.0732 -0.6564
vn 0.8730 0.2659 0.4088
vn 0.5836 -0.1435 -0.7993
vn 0.9336 0.2346 0.2709
vn -0.1281 0.2652 0.9556
vn 0.3703 -0.2102 -0.9048
vn 0.9716 0.1983 0.1289
vn 0.1160 0.3025 0.9461
vn 0.9875 0.1568 -0.0183
vn 0.3379 0.3206 0.8849
vn 0.9790 0.1094 -0.1719
vn 0.9447 0.1443 0.2945
vn -0.1230 0.2542 0.9593
vn 0.3752 -0.2210 -0.9002
vn 0.9816 0.1091 0.1568
vn 0.1302 0.2698 0.9541
vn 0.9974 0.0709 0.0132
vn 0.3572 0.2688 0.8945
vn 0.9900 0.0290 -0.1380
vn 0.5446 0.2553 0.7989
vn 0.9545 -0.0171 -0.2977
vn 0.6917 0.2336 0.6834
vn 0.8830 -0.0675 -0.4644
vn 0.8035 0.2069 0.5582
vn 0.7660 -0.1211 -0.6314
vn 0.8862 0.1769 0.4281
vn 0.5958 -0.1743 -0.7840
vn 0.9561 -0.0924 -0.2780
vn 0.6933 0.1583 0.7031
vn 0.8844 -0.1329 -0.4473
vn 0.8053 0.1248 0.5796
vn 0.7671 -0.1725 -0.6179
vn 0.8881 0.0907 0.4507
vn 0.5965 -0.2075 -0.7753
vn 0.9466 0.0561 0.3176
vn -0.1227 0.2426 0.9623
vn 0.3754 -0.2325 -0.8972
vn 0.9835 0.0209 0.1798
vn 0.1309 0.2366 0.9628
vn 0.9992 -0.0154 0.0357
vn 0.3583 0.2174 0.9080
vn 0.9918 -0.0531 -0.1165
vn 0.5460 0.1899 0.8160
vn 0.3710 -0.2444 -0.8959
vn 0.9774 -0.0709 0.1992
vn 0.1181 0.2036 0.9719
vn 0.9931 -0.1061 0.0503
vn 0.3412 0.1668 0.9251
vn 0.9844 -0.1402 -0.1067
vn 0.5285 0.1255 0.8396
vn 0.9465 -0.1728 -0.2724
vn 0.6779 0.0834 0.7304
vn 0.8725 -0.2026 -0.4446
vn 0.7929 0.0424 0.6079
vn 0.7541 -0.2271 -0.6163
vn 0.8787 0.0031 0.4774
vn 0.5857 -0.2423 -0.7734
vn 0.9393 -0.0346 0.3412
vn -0.1274 0.2310 0.9646
vn 0.8455 -0.2773 -0.4562
vn 0.7639 -0.0436 0.6438
vn 0.7261 -0.2841 -0.6261
vn 0.8556 -0.0903 0.5097
vn 0.5633 -0.2777 -0.7782
vn 0.9209 -0.1329 0.3665
vn -0.1368 0.2197 0.9659
vn 0.3621 -0.2561 -0.8963
vn 0.9613 -0.1714 0.2155
vn 0.0920 0.1718 0.9808
vn 0.9769 -0.2060 0.0570
vn 0.3052 0.1174 0.9450
vn 0.9656 -0.2360 -0.1090
vn 0.4904 0.0614 0.8693
vn 0.9236 -0.2604 -0.2813
vn 0.6431 0.0071 0.7657
vn 0.0529 0.1418 0.9885
vn 0.9456 -0.3208 0.0543
vn 0.2492 0.0697 0.9659
vn 0.9304 -0.3446 -0.1252
vn 0.4283 -0.0028 0.9036
vn 0.8824 -0.3572 -0.3061
vn 0.5838 -0.0724 0.8087
vn 0.7997 -0.3570 -0.4827
vn 0.7124 -0.1368 0.6883
vn 0.6813 -0.3424 -0.6470
vn 0.8132 -0.1945 0.5486
vn 0.5291 -0.3124 -0.7890
vn 0.8858 -0.2449 0.3941
vn -0.1506 0.2092 0.9662
vn 0.3489 -0.2673 -0.8983
vn 0.9302 -0.2872 0.2284
vn 0.6276 -0.2400 0.7407
vn 0.6176 -0.3997 -0.6773
vn 0.7397 -0.3153 0.5945
vn 0.4834 -0.3448 -0.8046
vn 0.8229 -0.3783 0.4239
vn -0.1683 0.1997 0.9653
vn 0.3319 -0.2773 -0.9017
vn 0.8732 -0.4263 0.2361
vn 0.0017 0.1147 0.9934
vn 0.8885 -0.4572 0.0391
vn 0.1724 0.0249 0.9847
vn 0.8685 -0.4697 -0.1585
vn 0.3378 -0.0663 0.9389
vn 0.8145 -0.4638 -0.3485
vn 0.4916 -0.1558 0.8568
vn 0.7296 -0.4400 -0.5235
vn 0.7851 -0.6194 0.0058
vn 0.0749 -0.0152 0.9971
vn 0.7624 -0.6111 -0.2129
vn 0.2147 -0.1268 0.9684
vn 0.7074 -0.5763 -0.4092
vn 0.3559 -0.2411 0.9029
vn 0.6287 -0.5216 -0.5768
vn 0.4922 -0.3534 0.7955
vn 0.5335 -0.4526 -0.7145
vn 0.6141 -0.4563 0.6440
vn 0.4269 -0.3732 -0.8237
vn 0.7096 -0.5401 0.4525
vn -0.1892 0.1918 0.9630
vn 0.3116 -0.2859 -0.9062
vn 0.7682 -0.5960 0.2337
vn -0.0601 0.0913 0.9940
vn 0.4293 -0.4961 -0.7547
vn 0.4044 -0.6097 0.6818
vn 0.3610 -0.3958 -0.8444
vn 0.5069 -0.7246 0.4669
vn -0.2124 0.1855 0.9594
vn 0.2889 -0.2926 -0.9116
vn 0.5757 -0.7902 0.2102
vn -0.1301 0.0727 0.9888
vn 0.6012 -0.7974 -0.0528
vn -0.0403 -0.0482 0.9980
vn 0.5879 -0.7555 -0.2893
vn 0.0590 -0.1792 0.9820
vn 0.5480 -0.6823 -0.4840
vn 0.1686 -0.3204 0.9322
vn 0.4927 -0.5929 -0.6370
vn 0.2864 -0.4679 0.8361
vn -0.1670 -0.0714 0.9834
vn 0.3309 -0.8649 -0.3775
vn -0.1208 -0.2165 0.9688
vn 0.3339 -0.7578 -0.5606
vn -0.0637 -0.3786 0.9234
vn 0.3249 -0.6416 -0.6949
vn 0.0071 -0.5561 0.8311
vn 0.3089 -0.5253 -0.7929
vn 0.0909 -0.7348 0.6722
vn 0.2885 -0.4109 -0.8649
vn 0.1798 -0.8813 0.4370
vn -0.2370 0.1812 0.9545
vn 0.2645 -0.2971 -0.9175
vn 0.2569 -0.9549 0.1492
vn -0.2050 0.0598 0.9769
vn 0.3077 -0.9416 -0.1370
vn -0.2712 -0.7658 0.5831
vn 0.2126 -0.4174 -0.8835
vn -0.2169 -0.9153 0.3394
vn -0.2620 0.1791 0.9483
vn 0.2395 -0.2992 -0.9236
vn -0.1398 -0.9888 0.0516
vn -0.2808 0.0533 0.9583
vn -0.0544 -0.9726 -0.2261
vn -0.2959 -0.0824 0.9517
vn 0.0239 -0.8912 -0.4530
vn -0.3062 -0.2323 0.9232
vn 0.0884 -0.7788 -0.6210
vn -0.3091 -0.3996 0.8630
vn 0.1395 -0.6575 -0.7405
vn -0.2999 -0.5824 0.7556
vn 0.1800 -0.5363 -0.8246
vn -0.2586 -0.8280 -0.4975
vn -0.4752 -0.2249 0.8506
vn -0.1458 -0.7417 -0.6547
vn -0.5252 -0.3798 0.7615
vn -0.0415 -0.6386 -0.7684
vn -0.5601 -0.5404 0.6278
vn 0.0526 -0.5284 -0.8474
vn -0.5693 -0.6931 0.4422
vn 0.1374 -0.4149 -0.8994
vn -0.5413 -0.8144 0.2091
vn -0.2865 0.1792 0.9412
vn 0.2148 -0.2989 -0.9298
vn -0.4725 -0.8800 -0.0477
vn -0.3537 0.0535 0.9338
vn -0.3725 -0.8808 -0.2924
vn -0.4170 -0.0805 0.9054
vn 0.0668 -0.4041 -0.9123
vn -0.7412 -0.6644 0.0956
vn -0.3094 0.1814 0.9335
vn 0.1914 -0.2962 -0.9358
vn -0.6826 -0.7203 -0.1232
vn -0.4202 0.0604 0.9054
vn -0.5886 -0.7371 -0.3322
vn -0.5224 -0.0664 0.8501
vn -0.4693 -0.7166 -0.5159
vn -0.6133 -0.1977 0.7647
vn -0.3365 -0.6658 -0.6660
vn -0.6880 -0.3305 0.6461
vn -0.1993 -0.5926 -0.7805
vn -0.7395 -0.4590 0.4925
vn -0.0638 -0.5037 -0.8615
vn -0.7595 -0.5740 0.3060
vn -0.4760 -0.5744 -0.6660
vn -0.7989 -0.2664 0.5393
vn -0.3250 -0.5304 -0.7830
vn -0.8506 -0.3666 0.3770
vn -0.1629 -0.4666 -0.8693
vn -0.8690 -0.4531 0.1987
vn 0.0041 -0.3858 -0.9226
vn -0.8529 -0.5219 0.0116
vn -0.3299 0.1859 0.9255
vn 0.1703 -0.2912 -0.9414
vn -0.8026 -0.5699 -0.1762
vn -0.4776 0.0736 0.8755
vn -0.7202 -0.5950 -0.3567
vn -0.6082 -0.0419 0.7927
vn -0.6097 -0.5964 -0.5221
vn -0.7168 -0.1567 0.6794
vn -0.3473 0.1923 0.9178
vn 0.1522 -0.2841 -0.9466
vn -0.8711 -0.4416 -0.2148
vn -0.5244 0.0924 0.8465
vn -0.7989 -0.4703 -0.3749
vn -0.6738 -0.0094 0.7389
vn -0.6991 -0.4842 -0.5261
vn -0.7898 -0.1072 0.6040
vn -0.5719 -0.4819 -0.6639
vn -0.8706 -0.1970 0.4509
vn -0.4184 -0.4614 -0.7823
vn -0.9171 -0.2764 0.2874
vn -0.2417 -0.4215 -0.8740
vn -0.9313 -0.3440 0.1194
vn -0.0482 -0.3618 -0.9310
vn -0.9155 -0.3992 -0.0491
vn -0.9153 -0.1264 0.3824
vn -0.4833 -0.3912 -0.7832
vn -0.9565 -0.1910 0.2206
vn -0.2997 -0.3720 -0.8785
vn -0.9672 -0.2465 0.0612
vn -0.0885 -0.3336 -0.9386
vn -0.9514 -0.2933 -0.0941
vn -0.3609 0.2005 0.9108
vn 0.1380 -0.2753 -0.9514
vn -0.9109 -0.3319 -0.2451
vn -0.5598 0.1159 0.8205
vn -0.8459 -0.3621 -0.3915
vn -0.7207 0.0295 0.6927
vn -0.7548 -0.3834 -0.5323
vn -0.8385 -0.0525 0.5424
vn -0.6348 -0.3939 -0.6647
vn -0.9336 -0.2346 -0.2709
vn -0.5836 0.1435 0.7993
vn -0.8730 -0.2659 -0.4088
vn -0.7508 0.0732 0.6564
vn -0.7876 -0.2920 -0.5426
vn -0.8683 0.0058 0.4960
vn -0.6730 -0.3116 -0.6708
vn -0.9417 -0.0553 0.3320
vn -0.5243 -0.3223 -0.7882
vn -0.9790 -0.1094 0.1719
vn -0.3379 -0.3206 -0.8849
vn -0.9875 -0.1568 0.0183
vn -0.1160 -0.3025 -0.9461
vn -0.9716 -0.1983 -0.1289
vn -0.3703 0.2102 0.9048
vn 0.1281 -0.2652 -0.9556
vn -0.5446 -0.2553 -0.7989
vn -0.9900 -0.0290 0.1380
vn -0.3572 -0.2688 -0.8945
vn -0.9974 -0.0709 -0.0132
vn -0.1302 -0.2698 -0.9541
vn -0.9816 -0.1091 -0.1568
vn -0.3752 0.2210 0.9002
vn 0.1230 -0.2542 -0.9593
vn -0.9447 -0.1443 -0.2945
vn -0.5958 0.1743 0.7840
vn -0.8862 -0.1769 -0.4281
vn -0.7660 0.1211 0.6314
vn -0.8035 -0.2069 -0.5582
vn -0.8830 0.0675 0.4644
vn -0.6917 -0.2336 -0.6834
vn -0.9545 0.0171 0.2977
vn -0.5965 0.2075 0.7753
vn -0.8881 -0.0907 -0.4507
vn -0.7671 0.1725 0.6179
vn -0.8053 -0.1248 -0.5796
vn -0.8844 0.1329 0.4473
vn -0.6933 -0.1583 -0.7031
vn -0.9561 0.0924 0.2780
vn -0.5460 -0.1899 -0.8160
vn -0.9918 0.0531 0.1165
vn -0.3583 -0.2174 -0.9080
vn -0.9992 0.0154 -0.0357
vn -0.1309 -0.2366 -0.9628
vn -0.9835 -0.0209 -0.1798
vn -0.3754 0.2325 0.8972
vn 0.1227 -0.2426 -0.9623
vn -0.9466 -0.0561 -0.3176
vn -0.9844 0.1402 0.1067
vn -0.3412 -0.1668 -0.9251
vn -0.9931 0.1061 -0.0503
vn -0.1181 -0.2036 -0.9719
vn -0.9774 0.0709 -0.1992
vn -0.3710 0.2444 0.8959
vn 0.1274 -0.2310 -0.9646
vn -0.9393 0.0346 -0.3412
vn -0.5857 0.2424 0.7734
vn -0.8787 -0.0031 -0.4774
vn -0.7541 0.2271 0.6163
vn -0.7929 -0.0424 -0.6079
vn -0.8725 0.2026 0.4446
vn -0.6779 -0.0834 -0.7304
vn -0.9465 0.1728 0.2724
vn -0.5285 -0.1255 -0.8396
vn -0.8556 0.0903 -0.5097
vn -0.7261 0.2841 0.6261
vn -0.7639 0.0436 -0.6438
vn -0.8455 0.2774 0.4562
vn -0.6431 -0.0071 -0.7657
vn -0.9236 0.2604 0.2813
vn -0.4904 -0.0614 -0.8693
vn -0.9656 0.2360 0.1090
vn -0.3052 -0.1174 -0.9450
vn -0.9769 0.2060 -0.0570
vn -0.0920 -0.1718 -0.9808
vn -0.9613 0.1714 -0.2155
vn -0.3621 0.2561 0.8963
vn 0.1368 -0.2197 -0.9659
vn -0.9209 0.1329 -0.3665
vn -0.5633 0.2777 0.7782
vn -0.2492 -0.0697 -0.9659
vn -0.9456 0.3208 -0.0543
vn -0.0529 -0.1418 -0.9885
vn -0.9302 0.2872 -0.2284
vn -0.3489 0.2673 0.8983
vn 0.1507 -0.2092 -0.9662
vn -0.8858 0.2449 -0.3941
vn -0.5291 0.3124 0.7890
vn -0.8132 0.1945 -0.5486
vn -0.6813 0.3424 0.6470
vn -0.7124 0.1368 -0.6883
vn -0.7997 0.3570 0.4827
vn -0.5838 0.0724 -0.8087
vn -0.8824 0.3572 0.3061
vn -0.4283 0.0028 -0.9036
vn -0.9304 0.3446 0.1252
vn -0.6276 0.2400 -0.7407
vn -0.7296 0.4400 0.5235
vn -0.4916 0.1558 -0.8568
vn -0.8145 0.4638 0.3485
vn -0.3378 0.0663 -0.9389
vn -0.8685 0.4697 0.1585
vn -0.1724 -0.0250 -0.9847
vn -0.8885 0.4572 -0.0391
vn -0.0017 -0.1147 -0.9934
vn -0.8732 0.4263 -0.2361
vn -0.3319 0.2773 0.9017
vn 0.1683 -0.1997 -0.9653
vn -0.8229 0.3783 -0.4239
vn -0.4834 0.3448 0.8047
vn -0.7397 0.3153 -0.5945
vn -0.6176 0.3997 0.6773
vn 0.0601 -0.0913 -0.9940
vn -0.7682 0.5960 -0.2337
vn -0.3116 0.2859 0.9062
vn 0.1892 -0.1917 -0.9630
vn -0.7096 0.5401 -0.4525
vn -0.4269 0.3732 0.8237
vn -0.6141 0.4563 -0.6440
vn -0.5335 0.4526 0.7145
vn -0.4922 0.3534 -0.7955
vn -0.6287 0.5216 0.5768
vn -0.3559 0.2411 -0.9029
vn -0.7074 0.5764 0.4092
vn -0.2147 0.1268 -0.9684
vn -0.7624 0.6111 0.2129
vn -0.0749 0.0152 -0.9971
vn -0.7851 0.6194 -0.0058
vn -0.4927 0.5929 0.6370
vn -0.1686 0.3204 -0.9322
vn -0.5480 0.6823 0.4840
vn -0.0590 0.1792 -0.9821
vn -0.5879 0.7555 0.2893
vn 0.0403 0.0482 -0.9980
vn -0.6012 0.7974 0.0528
vn 0.1301 -0.0727 -0.9888
vn -0.5757 0.7902 -0.2102
vn -0.2889 0.2926 0.9116
vn 0.2124 -0.1855 -0.9594
vn -0.5069 0.7246 -0.4669
vn -0.3610 0.3958 0.8444
vn -0.4044 0.6097 -0.6818
vn -0.4293 0.4961 0.7547
vn -0.2864 0.4679 -0.8361
vn -0.2569 0.9548 -0.1492
vn -0.2645 0.2971 0.9175
vn 0.2370 -0.1812 -0.9545
vn -0.1798 0.8813 -0.4370
vn -0.2885 0.4109 0.8649
vn -0.0909 0.7348 -0.6722
vn -0.3089 0.5253 0.7929
vn -0.0071 0.5561 -0.8311
vn -0.3249 0.6416 0.6949
vn 0.0637 0.3786 -0.9234
vn -0.3339 0.7578 0.5606
vn 0.1208 0.2165 -0.9688
vn -0.3309 0.8649 0.3775
vn 0.1670 0.0714 -0.9834
vn -0.3077 0.9416 0.1370
vn 0.2050 -0.0598 -0.9769
vn 0.2564 0.4429 0.8591
vn 0.4234 -0.9013 0.0922
vn 0.1785 0.5644 0.8060
vn 0.4986 -0.8078 0.3145
vn 0.1051 0.6618 0.7423
vn 0.5454 -0.6379 0.5437
vn 0.0347 -0.8077 -0.5886
vn 0.0347 0.7416 0.6700
vn 0.5454 -0.4016 0.7357
vn 0.1051 -0.8621 -0.4958
vn 0.4986 -0.1424 0.8551
vn 0.1785 -0.9045 -0.3873
vn 0.4234 0.0943 0.9010
vn 0.2564 -0.9316 -0.2576
vn 0.3391 0.2890 0.8952
vn 0.3391 -0.9354 -0.0996
vn 0.4881 0.3441 0.8021
vn 0.4881 -0.8556 -0.1725
vn 0.3723 0.4842 0.7918
vn 0.6026 -0.7980 -0.0032
vn 0.2607 0.5937 0.7613
vn 0.7014 -0.6860 0.1935
vn 0.1541 0.6797 0.7171
vn 0.7611 -0.5110 0.3996
vn 0.0509 -0.8011 -0.5963
vn 0.0509 0.7477 0.6620
vn 0.7611 -0.2865 0.5820
vn 0.1540 -0.8411 -0.5184
vn 0.7014 -0.0489 0.7111
vn 0.2607 -0.8668 -0.4252
vn 0.6026 0.1666 0.7804
vn 0.3723 -0.8742 -0.3117
vn 0.0652 -0.7934 -0.6052
vn 0.0652 0.7548 0.6527
vn 0.8972 -0.1622 0.4107
vn 0.1966 -0.8158 -0.5439
vn 0.8366 0.0491 0.5457
vn 0.3304 -0.8204 -0.4667
vn 0.7316 0.2407 0.6378
vn 0.4668 -0.8031 -0.3702
vn 0.6032 0.4003 0.6899
vn 0.6032 -0.7572 -0.2505
vn 0.4668 0.5269 0.7103
vn 0.7316 -0.6736 -0.1050
vn 0.3304 0.6249 0.7074
vn 0.8366 -0.5442 0.0636
vn 0.1966 0.6995 0.6871
vn 0.8972 -0.3688 0.2428
vn 0.6822 -0.6533 -0.3284
vn 0.5369 0.5698 0.6221
vn 0.8117 -0.5473 -0.2040
vn 0.3850 0.6572 0.6480
vn 0.9119 -0.4062 -0.0596
vn 0.2310 0.7205 0.6538
vn 0.9673 -0.2347 0.0961
vn 0.0770 -0.7849 -0.6148
vn 0.0770 0.7626 0.6423
vn 0.9673 -0.0460 0.2494
vn 0.2310 -0.7875 -0.5713
vn 0.9119 0.1415 0.3853
vn 0.3850 -0.7689 -0.5105
vn 0.8117 0.3117 0.4939
vn 0.5369 -0.7256 -0.4303
vn 0.6822 0.4553 0.5721
vn 0.9926 0.0565 0.1079
vn 0.2562 -0.7580 -0.5998
vn 0.9437 0.2254 0.2421
vn 0.4231 -0.7160 -0.5553
vn 0.8524 0.3786 0.3608
vn 0.5826 -0.6483 -0.4903
vn 0.7285 0.5087 0.4588
vn 0.7285 -0.5532 -0.4040
vn 0.5826 0.6126 0.5341
vn 0.8524 -0.4307 -0.2967
vn 0.4231 0.6901 0.5871
vn 0.9437 -0.2831 -0.1710
vn 0.2562 0.7423 0.6191
vn 0.9926 -0.1172 -0.0332
vn 0.0858 -0.7759 -0.6250
vn 0.0858 0.7707 0.6315
vn 0.6056 0.6556 0.4510
vn 0.8635 -0.3281 -0.3830
vn 0.4448 0.7235 0.5279
vn 0.9461 -0.1770 -0.2713
vn 0.2715 0.7646 0.5846
vn 0.9891 -0.0160 -0.1463
vn 0.0912 -0.7669 -0.6353
vn 0.0912 0.7789 0.6205
vn 0.9891 0.1465 -0.0143
vn 0.2715 -0.7288 -0.6287
vn 0.9461 0.3018 0.1177
vn 0.4448 -0.6649 -0.6001
vn 0.8635 0.4420 0.2428
vn 0.6056 -0.5757 -0.5493
vn 0.7476 0.5612 0.3552
vn 0.7476 -0.4626 -0.4766
vn 0.2765 -0.7013 -0.6571
vn 0.9277 0.3732 0.0100
vn 0.4503 -0.6180 -0.6444
vn 0.8524 0.5038 0.1399
vn 0.6083 -0.5109 -0.6074
vn 0.7443 0.6137 0.2634
vn 0.7443 -0.3835 -0.5468
vn 0.6083 0.6991 0.3757
vn 0.8524 -0.2401 -0.4644
vn 0.4503 0.7573 0.4729
vn 0.9277 -0.0862 -0.3632
vn 0.2765 0.7868 0.5518
vn 0.9663 0.0718 -0.2471
vn 0.0932 -0.7581 -0.6454
vn 0.0932 0.7870 0.6099
vn 0.9663 0.2271 -0.1209
vn 0.8233 -0.1653 -0.5430
vn 0.4405 0.7912 0.4241
vn 0.8931 -0.0079 -0.4498
vn 0.2714 0.8085 0.5222
vn 0.9287 0.1497 -0.3394
vn 0.0916 -0.7501 -0.6549
vn 0.0916 0.7947 0.6001
vn 0.9287 0.3015 -0.2160
vn 0.2714 -0.6767 -0.6844
vn 0.8931 0.4419 -0.0843
vn 0.4405 -0.5772 -0.6876
vn 0.8233 0.5653 0.0506
vn 0.5927 -0.4555 -0.6643
vn 0.7219 0.6672 0.1837
vn 0.7219 -0.3164 -0.6154
vn 0.5927 0.7435 0.3098
vn 0.8436 0.5100 -0.1682
vn 0.4161 -0.5436 -0.7290
vn 0.7776 0.6281 -0.0267
vn 0.5598 -0.4103 -0.7199
vn 0.6818 0.7223 0.1159
vn 0.6818 -0.2614 -0.6832
vn 0.5598 0.7887 0.2542
vn 0.7776 -0.1025 -0.6203
vn 0.4161 0.8248 0.3828
vn 0.8436 0.0602 -0.5337
vn 0.2563 0.8292 0.4967
vn 0.8771 0.2205 -0.4266
vn 0.0866 -0.7431 -0.6635
vn 0.0866 0.8016 0.5915
vn 0.8771 0.3724 -0.3032
vn 0.2563 -0.6560 -0.7099
vn 0.3776 0.8574 0.3498
vn 0.7778 0.1199 -0.6169
vn 0.2318 0.8482 0.4762
vn 0.8102 0.2865 -0.5113
vn 0.0782 -0.7374 -0.6709
vn 0.0782 0.8077 0.5844
vn 0.8102 0.4418 -0.3851
vn 0.2318 -0.6398 -0.7327
vn 0.7778 0.5793 -0.2437
vn 0.3776 -0.5180 -0.7676
vn 0.7147 0.6931 -0.0933
vn 0.5101 -0.3758 -0.7737
vn 0.6241 0.7791 0.0598
vn 0.6241 -0.2181 -0.7503
vn 0.5101 0.8343 0.2094
vn 0.7147 -0.0507 -0.6976
vn 0.6320 0.7605 -0.1492
vn 0.4432 -0.3524 -0.8242
vn 0.5471 0.8369 0.0158
vn 0.5471 -0.1869 -0.8159
vn 0.4432 0.8789 0.1761
vn 0.6320 -0.0097 -0.7749
vn 0.3255 0.8876 0.3260
vn 0.6924 0.1718 -0.7008
vn 0.1987 0.8647 0.4613
vn 0.7239 0.3487 -0.5953
vn 0.0668 -0.7332 -0.6767
vn 0.0668 0.8125 0.5791
vn 0.7239 0.5113 -0.4632
vn 0.1987 -0.6286 -0.7519
vn 0.6924 0.6507 -0.3117
vn 0.3255 -0.5009 -0.8020
vn 0.1578 0.8777 0.4525
vn 0.6113 0.4072 -0.6786
vn 0.0528 -0.7306 -0.6808
vn 0.0528 0.8160 0.5757
vn 0.6113 0.5808 -0.5375
vn 0.1578 -0.6226 -0.7664
vn 0.5812 0.7240 -0.3716
vn 0.2606 -0.4925 -0.8304
vn 0.5249 0.8289 -0.1935
vn 0.3588 -0.3405 -0.8691
vn 0.4487 0.8936 -0.0149
vn 0.4487 -0.1684 -0.8777
vn 0.3588 0.9204 0.1553
vn 0.5249 0.0196 -0.8509
vn 0.2606 0.9137 0.3120
vn 0.5812 0.2155 -0.7847
vn 0.2568 -0.3403 -0.9046
vn 0.3263 0.9448 -0.0304
vn 0.3263 -0.1637 -0.9310
vn 0.2568 0.9551 0.1479
vn 0.3882 0.0352 -0.9209
vn 0.1841 0.9334 0.3080
vn 0.4361 0.2482 -0.8650
vn 0.1105 0.8863 0.4498
vn 0.4626 0.4594 -0.7582
vn 0.0368 -0.7297 -0.6828
vn 0.0368 0.8178 0.5743
vn 0.4626 0.6481 -0.6050
vn 0.1105 -0.6218 -0.7754
vn 0.4361 0.7959 -0.4201
vn 0.1841 -0.4926 -0.8505
vn 0.3882 0.8942 -0.2230
vn 0.2665 0.4986 -0.8248
vn 0.0194 -0.7304 -0.6828
vn 0.0194 0.8179 0.5751
vn 0.2666 0.7052 -0.6570
vn 0.0584 -0.6257 -0.7778
vn 0.2485 0.8579 -0.4498
vn 0.0982 -0.5010 -0.8599
vn 0.2173 0.9479 -0.2327
vn 0.1387 -0.3518 -0.9257
vn 0.1792 0.9834 -0.0279
vn 0.1792 -0.1741 -0.9683
vn 0.1387 0.9782 0.1548
vn 0.2173 0.0337 -0.9755
vn 0.0982 0.9443 0.3142
vn 0.2485 0.2645 -0.9318
vn 0.0584 0.8895 0.4532
vn 0.0113 0.9999 -0.0052
vn 0.0113 -0.1997 -0.9798
vn 0.0086 0.9843 0.1762
vn 0.0139 0.0116 -0.9998
vn 0.0060 0.9439 0.3303
vn 0.0162 0.2563 -0.9665
vn 0.0036 0.8867 0.4624
vn 0.0176 0.5116 -0.8590
vn 0.0012 -0.7327 -0.6806
vn 0.0012 0.8162 0.5778
vn 0.0176 0.7361 -0.6767
vn 0.0036 -0.6341 -0.7732
vn 0.0162 0.8935 -0.4488
vn 0.0060 -0.5166 -0.8562
vn 0.0139 0.9763 -0.2162
vn 0.0086 -0.3741 -0.9274
vn -0.0171 -0.7365 -0.6763
vn -0.0171 0.8128 0.5824
vn -0.2686 0.7179 -0.6422
vn -0.0517 -0.6464 -0.7612
vn -0.2455 0.8809 -0.4046
vn -0.0879 -0.5382 -0.8382
vn -0.2085 0.9634 -0.1687
vn -0.1263 -0.4053 -0.9054
vn -0.1670 0.9852 0.0383
vn -0.1670 -0.2393 -0.9565
vn -0.1263 0.9692 0.2113
vn -0.2085 -0.0322 -0.9775
vn -0.0879 0.9307 0.3551
vn -0.2455 0.2156 -0.9451
vn -0.0517 0.8775 0.4768
vn -0.2686 0.4816 -0.8342
vn -0.3391 -0.2890 -0.8952
vn -0.2564 0.9316 0.2576
vn -0.4234 -0.0943 -0.9010
vn -0.1785 0.9045 0.3873
vn -0.4986 0.1424 -0.8551
vn -0.1051 0.8621 0.4958
vn -0.5454 0.4016 -0.7357
vn -0.0347 -0.7416 -0.6700
vn -0.0347 0.8077 0.5886
vn -0.5454 0.6379 -0.5437
vn -0.1051 -0.6618 -0.7423
vn -0.4986 0.8078 -0.3145
vn -0.1785 -0.5644 -0.8060
vn -0.4234 0.9013 -0.0922
vn -0.2564 -0.4429 -0.8591
vn -0.3392 0.9354 0.0996
vn -0.7611 0.5110 -0.3996
vn -0.1541 -0.6797 -0.7171
vn -0.7014 0.6860 -0.1935
vn -0.2607 -0.5937 -0.7613
vn -0.6026 0.7980 0.0032
vn -0.3723 -0.4842 -0.7918
vn -0.4881 0.8556 0.1725
vn -0.4881 -0.3441 -0.8021
vn -0.3723 0.8742 0.3117
vn -0.6026 -0.1666 -0.7804
vn -0.2607 0.8668 0.4252
vn -0.7014 0.0489 -0.7111
vn -0.1541 0.8411 0.5184
vn -0.7611 0.2865 -0.5820
vn -0.0509 -0.7478 -0.6620
vn -0.0509 0.8011 0.5963
vn -0.4668 0.8031 0.3702
vn -0.7316 -0.2407 -0.6378
vn -0.3304 0.8204 0.4667
vn -0.8366 -0.0491 -0.5457
vn -0.1966 0.8158 0.5439
vn -0.8972 0.1622 -0.4107
vn -0.0652 -0.7548 -0.6527
vn -0.0652 0.7934 0.6052
vn -0.8972 0.3688 -0.2428
vn -0.1966 -0.6995 -0.6871
vn -0.8366 0.5442 -0.0636
vn -0.3304 -0.6249 -0.7074
vn -0.7316 0.6736 0.1050
vn -0.4668 -0.5269 -0.7103
vn -0.6032 0.7572 0.2505
vn -0.6032 -0.4003 -0.6899
vn -0.9119 0.4062 0.0596
vn -0.3850 -0.6572 -0.6480
vn -0.8117 0.5473 0.2040
vn -0.5369 -0.5698 -0.6221
vn -0.6822 0.6532 0.3284
vn -0.6822 -0.4553 -0.5721
vn -0.5369 0.7256 0.4303
vn -0.8117 -0.3117 -0.4939
vn -0.3850 0.7689 0.5105
vn -0.9119 -0.1415 -0.3853
vn -0.2310 0.7875 0.5713
vn -0.9673 0.0460 -0.2494
vn -0.0770 -0.7625 -0.6423
vn -0.0770 0.7849 0.6148
vn -0.9673 0.2347 -0.0961
vn -0.2310 -0.7205 -0.6538
vn -0.4231 0.7160 0.5553
vn -0.9437 -0.2254 -0.2421
vn -0.2562 0.7580 0.5998
vn -0.9926 -0.0565 -0.1079
vn -0.0858 -0.7707 -0.6314
vn -0.0858 0.7759 0.6250
vn -0.9926 0.1172 0.0332
vn -0.2562 -0.7423 -0.6191
vn -0.9437 0.2831 0.1710
vn -0.4231 -0.6901 -0.5871
vn -0.8524 0.4307 0.2966
vn -0.5826 -0.6126 -0.5341
vn -0.7285 0.5532 0.4040
vn -0.7285 -0.5087 -0.4588
vn -0.5826 0.6483 0.4903
vn -0.8524 -0.3786 -0.3608
vn -0.4448 -0.7235 -0.5279
vn -0.8635 0.3281 0.3830
vn -0.6056 -0.6556 -0.4510
vn -0.7476 0.4626 0.4766
vn -0.7476 -0.5612 -0.3552
vn -0.6056 0.5757 0.5493
vn -0.8635 -0.4420 -0.2428
vn -0.4448 0.6649 0.6001
vn -0.9461 -0.3018 -0.1177
vn -0.2715 0.7288 0.6286
vn -0.9891 -0.1465 0.0143
vn -0.0912 -0.7789 -0.6205
vn -0.0912 0.7669 0.6353
vn -0.9891 0.0160 0.1463
vn -0.2715 -0.7646 -0.5846
vn -0.9461 0.1770 0.2713
vn -0.9277 -0.3732 -0.0100
vn -0.2765 0.7013 0.6571
vn -0.9663 -0.2271 0.1209
vn -0.0932 -0.7870 -0.6099
vn -0.0932 0.7581 0.6454
vn -0.9663 -0.0718 0.2471
vn -0.2765 -0.7868 -0.5518
vn -0.9277 0.0862 0.3632
vn -0.4503 -0.7573 -0.4729
vn -0.8524 0.2401 0.4644
vn -0.6083 -0.6991 -0.3757
vn -0.7443 0.3835 0.5468
vn -0.7443 -0.6137 -0.2634
vn -0.6083 0.5109 0.6074
vn -0.8524 -0.5038 -0.1399
vn -0.4503 0.6180 0.6444
vn -0.8233 0.1653 0.5430
vn -0.5927 -0.7435 -0.3098
vn -0.7219 0.3164 0.6154
vn -0.7219 -0.6672 -0.1837
vn -0.5927 0.4555 0.6643
vn -0.8233 -0.5653 -0.0506
vn -0.4405 0.5772 0.6876
vn -0.8931 -0.4419 0.0843
vn -0.2714 0.6767 0.6844
vn -0.9287 -0.3015 0.2160
vn -0.0916 -0.7947 -0.6001
vn -0.0916 0.7501 0.6549
vn -0.9287 -0.1497 0.3394
vn -0.2714 -0.8085 -0.5222
vn -0.8931 0.0079 0.4498
vn -0.4405 -0.7912 -0.4241
vn -0.2563 0.6560 0.7099
vn -0.8771 -0.3724 0.3032
vn -0.0866 -0.8016 -0.5915
vn -0.0866 0.7431 0.6635
vn -0.8771 -0.2205 0.4266
vn -0.2563 -0.8292 -0.4967
vn -0.8436 -0.0602 0.5337
vn -0.4161 -0.8248 -0.3828
vn -0.7776 0.1025 0.6203
vn -0.5598 -0.7887 -0.2542
vn -0.6818 0.2614 0.6832
vn -0.6818 -0.7223 -0.1159
vn -0.5598 0.4103 0.7199
vn -0.7776 -0.6281 0.0267
vn -0.4161 0.5436 0.7290
vn -0.8436 -0.5100 0.1682
vn -0.5101 -0.8343 -0.2094
vn -0.6241 0.2181 0.7503
vn -0.6241 -0.7791 -0.0598
vn -0.5101 0.3758 0.7737
vn -0.7147 -0.6931 0.0933
vn -0.3776 0.5180 0.7676
vn -0.7778 -0.5793 0.2437
vn -0.2318 0.6398 0.7327
vn -0.8102 -0.4418 0.3851
vn -0.0782 -0.8077 -0.5844
vn -0.0782 0.7374 0.6709
vn -0.8102 -0.2865 0.5113
vn -0.2318 -0.8482 -0.4762
vn -0.7778 -0.1199 0.6169
vn -0.3776 -0.8574 -0.3498
vn -0.7147 0.0507 0.6976
vn -0.7239 -0.5113 0.4632
vn -0.0668 -0.8125 -0.5791
vn -0.0668 0.7332 0.6767
vn -0.7239 -0.3487 0.5953
vn -0.1987 -0.8647 -0.4613
vn -0.6924 -0.1718 0.7008
vn -0.3255 -0.8876 -0.3260
vn -0.6320 0.0097 0.7749
vn -0.4432 -0.8789 -0.1761
vn -0.5471 0.1869 0.8159
vn -0.5471 -0.8369 -0.0158
vn -0.4432 0.3524 0.8242
vn -0.6320 -0.7605 0.1492
vn -0.3255 0.5009 0.8020
vn -0.6924 -0.6507 0.3117
vn -0.1987 0.6286 0.7519
vn -0.4487 0.1684 0.8777
vn -0.4487 -0.8936 0.0149
vn -0.3588 0.3405 0.8691
vn -0.5249 -0.8289 0.1935
vn -0.2606 0.4925 0.8304
vn -0.5812 -0.7240 0.3716
vn -0.1578 0.6226 0.7664
vn -0.6113 -0.5808 0.5375
vn -0.0528 -0.8160 -0.5757
vn -0.0528 0.7306 0.6808
vn -0.6113 -0.4072 0.6786
vn -0.1578 -0.8777 -0.4525
vn -0.5812 -0.2155 0.7847
vn -0.2606 -0.9137 -0.3119
vn -0.5249 -0.0196 0.8509
vn -0.3588 -0.9204 -0.1553
vn -0.0368 0.7297 0.6828
vn -0.4626 -0.4594 0.7582
vn -0.1105 -0.8863 -0.4498
vn -0.4361 -0.2482 0.8650
vn -0.1841 -0.9334 -0.3080
vn -0.3882 -0.0351 0.9209
vn -0.2568 -0.9551 -0.1479
vn -0.3263 0.1637 0.9310
vn -0.3263 -0.9448 0.0304
vn -0.2568 0.3403 0.9046
vn -0.3882 -0.8942 0.2230
vn -0.1841 0.4926 0.8505
vn -0.4361 -0.7959 0.4201
vn -0.1105 0.6218 0.7754
vn -0.4626 -0.6481 0.6050
vn -0.0368 -0.8178 -0.5743
vn -0.1387 0.3518 0.9257
vn -0.2173 -0.9479 0.2327
vn -0.0982 0.5010 0.8599
vn -0.2485 -0.8579 0.4498
vn -0.0584 0.6257 0.7778
vn -0.2666 -0.7052 0.6570
vn -0.0194 -0.8179 -0.5751
vn -0.0194 0.7304 0.6828
vn -0.2666 -0.4986 0.8248
vn -0.0584 -0.8895 -0.4532
vn -0.2485 -0.2645 0.9318
vn -0.0982 -0.9443 -0.3142
vn -0.2173 -0.0337 0.9755
vn -0.1387 -0.9782 -0.1548
vn -0.1792 0.1741 0.9683
vn -0.1792 -0.9834 0.0279
vn -0.0036 -0.8867 -0.4624
vn -0.0162 -0.2563 0.9665
vn -0.0060 -0.9439 -0.3303
vn -0.0139 -0.0116 0.9998
vn -0.0086 -0.9843 -0.1762
vn -0.0113 0.1997 0.9798
vn -0.0113 -0.9999 0.0052
vn -0.0086 0.3741 0.9274
vn -0.0139 -0.9763 0.2162
vn -0.0060 0.5166 0.8562
vn -0.0162 -0.8935 0.4488
vn -0.0036 0.6341 0.7732
vn -0.0176 -0.7361 0.6767
vn -0.0012 -0.8162 -0.5778
vn -0.0012 0.7327 0.6806
vn -0.0176 -0.5116 0.8590
vn 0.2085 -0.9634 0.1687
vn 0.0879 0.5382 0.8382
vn 0.2455 -0.8809 0.4046
vn 0.0518 0.6464 0.7612
vn 0.2686 -0.7179 0.6422
vn 0.0171 -0.8127 -0.5824
vn 0.0171 0.7365 0.6763
vn 0.2686 -0.4816 0.8342
vn 0.0517 -0.8775 -0.4768
vn 0.2455 -0.2156 0.9451
vn 0.0879 -0.9307 -0.3551
vn 0.2085 0.0322 0.9775
vn 0.1263 -0.9692 -0.2113
vn 0.1670 0.2393 0.9565
vn 0.1670 -0.9852 -0.0383
vn 0.1263 0.4053 0.9054
vn 0.2835 0.0361 0.9583
vn 0.0794 -0.9955 0.0516
vn -0.2572 -0.2841 -0.9236
vn 0.2724 0.1628 0.9483
vn 0.1608 -0.9268 0.3394
vn -0.2376 -0.4037 -0.8835
vn 0.2241 -0.7809 0.5831
vn -0.2123 -0.5244 -0.8246
vn 0.2639 -0.5995 0.7556
vn -0.1792 -0.6478 -0.7405
vn 0.2843 -0.4177 0.8630
vn -0.1356 -0.7720 -0.6210
vn 0.2915 -0.2505 0.9232
vn -0.0780 -0.8881 -0.4530
vn 0.2903 -0.1003 0.9517
vn -0.0048 -0.9741 -0.2261
vn 0.4113 -0.1057 0.9054
vn 0.3182 -0.9018 -0.2924
vn 0.3563 0.0319 0.9338
vn 0.4182 -0.9071 -0.0477
vn -0.2326 -0.2853 -0.9298
vn 0.2968 0.1614 0.9412
vn 0.4908 -0.8458 0.2091
vn -0.1624 -0.4058 -0.8994
vn 0.5261 -0.7264 0.4422
vn -0.0846 -0.5242 -0.8474
vn 0.5263 -0.5735 0.6278
vn 0.0026 -0.6400 -0.7684
vn 0.5012 -0.4111 0.7615
vn 0.1005 -0.7492 -0.6547
vn 0.4607 -0.2534 0.8506
vn 0.2078 -0.8422 -0.4975
vn 0.0331 -0.5067 -0.8615
vn 0.7102 -0.5031 0.4925
vn 0.1629 -0.6036 -0.7805
vn 0.6666 -0.3717 0.6461
vn 0.2954 -0.6850 -0.6660
vn 0.6001 -0.2346 0.7647
vn 0.4249 -0.7438 -0.5159
vn 0.5174 -0.0980 0.8501
vn 0.5427 -0.7715 -0.3322
vn 0.4231 0.0348 0.9054
vn 0.6376 -0.7605 -0.1232
vn -0.2091 -0.2840 -0.9358
vn 0.3198 0.1623 0.9335
vn 0.6995 -0.7082 0.0956
vn -0.0913 -0.3992 -0.9123
vn 0.7232 -0.6191 0.3060
vn 0.6827 -0.6377 -0.3567
vn 0.4812 0.0444 0.8755
vn 0.7665 -0.6176 -0.1762
vn -0.1877 -0.2803 -0.9414
vn 0.3406 0.1655 0.9255
vn 0.8196 -0.5728 0.0117
vn -0.0276 -0.3849 -0.9226
vn 0.8399 -0.5051 0.1987
vn 0.1343 -0.4757 -0.8693
vn 0.8267 -0.4176 0.3770
vn 0.2922 -0.5492 -0.7830
vn 0.7812 -0.3144 0.5393
vn 0.4402 -0.6022 -0.6660
vn 0.7060 -0.2000 0.6794
vn 0.5723 -0.6323 -0.5221
vn 0.6045 -0.0788 0.7927
vn 0.8986 -0.3316 0.2874
vn 0.3896 -0.4860 -0.7823
vn 0.8570 -0.2495 0.4509
vn 0.5416 -0.5157 -0.6639
vn 0.7818 -0.1550 0.6040
vn 0.6684 -0.5258 -0.5261
vn 0.6720 -0.0503 0.7389
vn 0.7689 -0.5180 -0.3749
vn 0.5290 0.0603 0.8465
vn 0.8427 -0.4937 -0.2148
vn -0.1692 -0.2743 -0.9466
vn 0.3583 0.1709 0.9178
vn 0.8896 -0.4542 -0.0490
vn 0.0261 -0.3641 -0.9310
vn 0.9087 -0.4000 0.1194
vn 0.2156 -0.4354 -0.8740
vn 0.5658 0.0817 0.8205
vn 0.8891 -0.3866 -0.2451
vn -0.1545 -0.2664 -0.9514
vn 0.3724 0.1782 0.9108
vn 0.9318 -0.3506 -0.0941
vn 0.0681 -0.3383 -0.9386
vn 0.9504 -0.3048 0.0612
vn 0.2766 -0.3895 -0.8785
vn 0.9431 -0.2488 0.2206
vn 0.4587 -0.4199 -0.7832
vn 0.9060 -0.1818 0.3824
vn 0.6097 -0.4318 -0.6647
vn 0.8337 -0.1034 0.5424
vn 0.7301 -0.4286 -0.5323
vn 0.7211 -0.0144 0.6927
vn 0.8224 -0.4129 -0.3915
vn 0.5037 -0.3536 -0.7882
vn 0.9366 -0.1125 0.3320
vn 0.6528 -0.3519 -0.6708
vn 0.8671 -0.0469 0.4960
vn 0.7684 -0.3393 -0.5426
vn 0.7539 0.0275 0.6564
vn 0.8553 -0.3185 -0.4088
vn 0.5912 0.1078 0.7993
vn 0.9176 -0.2909 -0.2709
vn -0.1440 -0.2569 -0.9556
vn 0.3824 0.1873 0.9048
vn 0.9578 -0.2570 -0.1289
vn 0.0974 -0.3090 -0.9461
vn 0.9761 -0.2165 0.0183
vn 0.3178 -0.3406 -0.8849
vn 0.9706 -0.1687 0.1719
vn 0.9342 -0.2014 -0.2945
vn -0.1382 -0.2462 -0.9593
vn 0.3879 0.1978 0.9002
vn 0.9731 -0.1686 -0.1568
vn 0.1135 -0.2772 -0.9541
vn 0.9912 -0.1314 -0.0132
vn 0.3402 -0.2900 -0.8945
vn 0.9864 -0.0891 0.1380
vn 0.5281 -0.2879 -0.7989
vn 0.9538 -0.0410 0.2977
vn 0.6762 -0.2752 -0.6834
vn 0.8855 0.0137 0.4644
vn 0.7894 -0.2554 -0.5582
vn 0.7719 0.0743 0.6314
vn 0.8738 -0.2304 -0.4281
vn 0.6053 0.1378 0.7840
vn 0.9600 0.0342 0.2780
vn 0.6824 -0.2001 -0.7031
vn 0.8909 0.0789 0.4473
vn 0.7962 -0.1735 -0.5796
vn 0.7761 0.1256 0.6179
vn 0.8809 -0.1445 -0.4507
vn 0.6081 0.1709 0.7753
vn 0.9414 -0.1135 -0.3176
vn -0.1373 -0.2347 -0.9623
vn 0.3889 0.2093 0.8972
vn 0.9804 -0.0806 -0.1798
vn 0.1163 -0.2441 -0.9628
vn 0.9983 -0.0454 -0.0357
vn 0.3444 -0.2388 -0.9080
vn 0.9932 -0.0073 0.1165
vn 0.5334 -0.2228 -0.8160
vn 0.3852 0.2214 0.8959
vn 0.9799 0.0113 -0.1992
vn 0.1055 -0.2104 -0.9719
vn 0.9977 0.0455 -0.0503
vn 0.3304 -0.1872 -0.9251
vn 0.9911 0.0801 0.1067
vn 0.5199 -0.1574 -0.8396
vn 0.9553 0.1150 0.2724
vn 0.6716 -0.1245 -0.7304
vn 0.8832 0.1492 0.4446
vn 0.7889 -0.0905 -0.6079
vn 0.7665 0.1808 0.6163
vn 0.8769 -0.0565 -0.4774
vn 0.5994 0.2063 0.7734
vn 0.9397 -0.0226 -0.3412
vn -0.1412 -0.2228 -0.9646
vn 0.8608 0.2254 0.4562
vn 0.7652 -0.0029 -0.6438
vn 0.7420 0.2395 0.6261
vn 0.8595 0.0381 -0.5097
vn 0.5791 0.2430 0.7782
vn 0.9273 0.0766 -0.3665
vn -0.1499 -0.2110 -0.9659
vn 0.3770 0.2336 0.8963
vn 0.9700 0.1127 -0.2155
vn 0.0814 -0.1771 -0.9808
vn 0.9876 0.1462 -0.0570
vn 0.2975 -0.1357 -0.9450
vn 0.9782 0.1769 0.1090
vn 0.4858 -0.0911 -0.8693
vn 0.9377 0.2038 0.2813
vn 0.6415 -0.0462 -0.7657
vn 0.0442 -0.1448 -0.9885
vn 0.9633 0.2628 -0.0543
vn 0.2445 -0.0847 -0.9659
vn 0.9496 0.2874 0.1252
vn 0.4277 -0.0232 -0.9036
vn 0.9025 0.3030 0.3061
vn 0.5871 0.0368 -0.8087
vn 0.8199 0.3078 0.4827
vn 0.7194 0.0932 -0.6883
vn 0.7009 0.3004 0.6470
vn 0.8235 0.1447 -0.5486
vn 0.5471 0.2796 0.7890
vn 0.8991 0.1906 -0.3941
vn -0.1631 -0.1996 -0.9662
vn 0.3645 0.2456 0.8983
vn 0.9460 0.2302 -0.2284
vn 0.6410 0.2014 -0.7407
vn 0.6408 0.3615 0.6773
vn 0.7575 0.2697 -0.5945
vn 0.5034 0.3148 0.8047
vn 0.8444 0.3276 -0.4239
vn -0.1802 -0.1891 -0.9653
vn 0.3481 0.2566 0.9016
vn 0.8975 0.3725 -0.2361
vn -0.0053 -0.1146 -0.9934
vn 0.9147 0.4023 -0.0391
vn 0.1705 -0.0354 -0.9847
vn 0.8954 0.4161 0.1585
vn 0.3412 0.0457 -0.9389
vn 0.8412 0.4134 0.3485
vn 0.5002 0.1257 -0.8568
vn 0.7550 0.3949 0.5236
vn 0.8213 0.5705 -0.0058
vn 0.0757 0.0106 -0.9971
vn 0.7981 0.5636 0.2129
vn 0.2220 0.1135 -0.9684
vn 0.7411 0.5323 0.4092
vn 0.3699 0.2190 -0.9029
vn 0.6592 0.4824 0.5768
vn 0.5128 0.3229 -0.7955
vn 0.5600 0.4193 0.7145
vn 0.6407 0.4181 -0.6440
vn 0.4487 0.3466 0.8237
vn 0.7411 0.4960 -0.4525
vn -0.2005 -0.1799 -0.9630
vn 0.3284 0.2664 0.9062
vn 0.8030 0.5482 -0.2337
vn -0.0656 -0.0875 -0.9940
vn 0.4587 0.4691 0.7547
vn 0.4407 0.5840 -0.6818
vn 0.3844 0.3731 0.8444
vn 0.5500 0.6925 -0.4669
vn -0.2232 -0.1723 -0.9594
vn 0.3061 0.2745 0.9116
vn 0.6226 0.7538 -0.2102
vn -0.1343 -0.0646 -0.9888
vn 0.6485 0.7594 0.0528
vn -0.0373 0.0506 -0.9980
vn 0.6327 0.7183 0.2893
vn 0.0698 0.1752 -0.9821
vn 0.5884 0.6477 0.4840
vn 0.1877 0.3095 -0.9322
vn 0.5279 0.5618 0.6370
vn 0.3143 0.4496 -0.8361
vn -0.1623 0.0814 -0.9834
vn 0.3828 0.8432 0.3775
vn -0.1074 0.2234 -0.9688
vn 0.3794 0.7361 0.5606
vn -0.0405 0.3818 -0.9234
vn 0.3633 0.6206 0.6949
vn 0.0409 0.5546 -0.8311
vn 0.3402 0.5055 0.7929
vn 0.1354 0.7279 -0.6722
vn 0.3129 0.3926 0.8649
vn 0.2330 0.8688 -0.4370
vn -0.2476 -0.1665 -0.9545
vn 0.2821 0.2805 0.9175
vn 0.3145 0.9375 -0.1492
vn -0.2082 -0.0472 -0.9769
vn 0.3644 0.9211 0.1370
vn -0.2241 0.7809 -0.5831
vn 0.2376 0.4037 0.8835
vn -0.1608 0.9268 -0.3394
vn -0.2724 -0.1628 -0.9483
vn 0.2572 0.2841 0.9236
vn -0.0794 0.9955 -0.0516
vn -0.2835 -0.0361 -0.9583
vn 0.0048 0.9741 0.2261
vn -0.2903 0.1003 -0.9517
vn 0.0780 0.8881 0.4530
vn -0.2915 0.2505 -0.9232
vn 0.1356 0.7720 0.6210
vn -0.2843 0.4177 -0.8630
vn 0.1792 0.6478 0.7405
vn -0.2639 0.5995 -0.7556
vn 0.2123 0.5244 0.8246
vn -0.2078 0.8422 0.4975
vn -0.4607 0.2534 -0.8506
vn -0.1005 0.7492 0.6547
vn -0.5012 0.4111 -0.7615
vn -0.0026 0.6400 0.7684
vn -0.5263 0.5735 -0.6278
vn 0.0846 0.5242 0.8474
vn -0.5261 0.7264 -0.4422
vn 0.1624 0.4058 0.8994
vn -0.4908 0.8458 -0.2091
vn -0.2968 -0.1614 -0.9412
vn 0.2326 0.2853 0.9298
vn -0.4182 0.9071 0.0477
vn -0.3563 -0.0319 -0.9338
vn -0.3182 0.9018 0.2924
vn -0.4113 0.1057 -0.9054
vn 0.0913 0.3992 0.9123
vn -0.6995 0.7082 -0.0956
vn -0.3198 -0.1623 -0.9335
vn 0.2091 0.2840 0.9358
vn -0.6376 0.7605 0.1232
vn -0.4230 -0.0348 -0.9054
vn -0.5427 0.7715 0.3322
vn -0.5174 0.0980 -0.8501
vn -0.4249 0.7438 0.5159
vn -0.6001 0.2346 -0.7647
vn -0.2954 0.6850 0.6660
vn -0.6666 0.3717 -0.6461
vn -0.1629 0.6036 0.7805
vn -0.7102 0.5031 -0.4925
vn -0.0331 0.5067 0.8615
vn -0.7232 0.6191 -0.3060
vn -0.4402 0.6022 0.6660
vn -0.7812 0.3145 -0.5393
vn -0.2922 0.5492 0.7830
vn -0.8267 0.4176 -0.3770
vn -0.1343 0.4757 0.8693
vn -0.8399 0.5051 -0.1987
vn 0.0276 0.3849 0.9226
vn -0.8196 0.5728 -0.0116
vn -0.3406 -0.1655 -0.9255
vn 0.1877 0.2803 0.9414
vn -0.7665 0.6176 0.1762
vn -0.4812 -0.0444 -0.8755
vn -0.6827 0.6377 0.3567
vn -0.6045 0.0788 -0.7927
vn -0.5723 0.6323 0.5221
vn -0.7059 0.2000 -0.6794
vn -0.3583 -0.1709 -0.9178
vn 0.1692 0.2743 0.9466
vn -0.8427 0.4937 0.2148
vn -0.5290 -0.0603 -0.8465
vn -0.7689 0.5180 0.3749
vn -0.6720 0.0503 -0.7389
vn -0.6684 0.5258 0.5261
vn -0.7818 0.1550 -0.6040
vn -0.5416 0.5157 0.6639
vn -0.8570 0.2495 -0.4509
vn -0.3896 0.4860 0.7823
vn -0.8986 0.3316 -0.2874
vn -0.2156 0.4354 0.8740
vn -0.9087 0.4000 -0.1194
vn -0.0261 0.3641 0.9310
vn -0.8896 0.4542 0.0491
vn -0.9060 0.1818 -0.3824
vn -0.4587 0.4199 0.7832
vn -0.9431 0.2488 -0.2206
vn -0.2766 0.3895 0.8785
vn -0.9504 0.3048 -0.0612
vn -0.0681 0.3383 0.9386
vn -0.9318 0.3506 0.0941
vn -0.3724 -0.1782 -0.9108
vn 0.1545 0.2664 0.9514
vn -0.8891 0.3866 0.2451
vn -0.5658 -0.0817 -0.8205
vn -0.8224 0.4129 0.3915
vn -0.7211 0.0144 -0.6927
vn -0.7301 0.4286 0.5323
vn -0.8337 0.1033 -0.5424
vn -0.6097 0.4318 0.6647
vn -0.9176 0.2909 0.2709
vn -0.5912 -0.1078 -0.7993
vn -0.8553 0.3185 0.4088
vn -0.7539 -0.0275 -0.6564
vn -0.7684 0.3393 0.5426
vn -0.8671 0.0469 -0.4960
vn -0.6528 0.3519 0.6708
vn -0.9366 0.1125 -0.3320
vn -0.5037 0.3536 0.7882
vn -0.9706 0.1687 -0.1719
vn -0.3178 0.3406 0.8849
vn -0.9761 0.2165 -0.0183
vn -0.0974 0.3089 0.9461
vn -0.9578 0.2570 0.1289
vn -0.3824 -0.1873 -0.9048
vn 0.1440 0.2569 0.9556
vn -0.5281 0.2879 0.7989
vn -0.9864 0.0891 -0.1380
vn -0.3402 0.2900 0.8945
vn -0.9912 0.1314 0.0132
vn -0.1135 0.2772 0.9541
vn -0.9731 0.1686 0.1568
vn -0.3879 -0.1978 -0.9002
vn 0.1382 0.2462 0.9593
vn -0.9342 0.2014 0.2945
vn -0.6053 -0.1378 -0.7840
vn -0.8738 0.2304 0.4281
vn -0.7719 -0.0743 -0.6314
vn -0.7894 0.2554 0.5582
vn -0.8855 -0.0137 -0.4644
vn -0.6762 0.2752 0.6834
vn -0.9538 0.0410 -0.2977
vn -0.6080 -0.1709 -0.7753
vn -0.8809 0.1445 0.4507
vn -0.7761 -0.1256 -0.6179
vn -0.7962 0.1735 0.5796
vn -0.8909 -0.0789 -0.4473
vn -0.6824 0.2001 0.7031
vn -0.9600 -0.0342 -0.2780
vn -0.5334 0.2228 0.8160
vn -0.9932 0.0073 -0.1165
vn -0.3444 0.2388 0.9080
vn -0.9983 0.0454 0.0357
vn -0.1163 0.2441 0.9628
vn -0.9804 0.0806 0.1798
vn -0.3889 -0.2093 -0.8972
vn 0.1373 0.2347 0.9623
vn -0.9414 0.1135 0.3176
vn -0.9911 -0.0801 -0.1067
vn -0.3304 0.1872 0.9251
vn -0.9977 -0.0455 0.0503
vn -0.1055 0.2104 0.9719
vn -0.9799 -0.0113 0.1992
vn -0.3852 -0.2214 -0.8959
vn 0.1412 0.2228 0.9646
vn -0.9397 0.0226 0.3412
vn -0.5994 -0.2063 -0.7734
vn -0.8769 0.0565 0.4774
vn -0.7665 -0.1808 -0.6163
vn -0.7889 0.0905 0.6079
vn -0.8832 -0.1492 -0.4446
vn -0.6716 0.1245 0.7304
vn -0.9553 -0.1150 -0.2724
vn -0.5199 0.1574 0.8396
vn -0.8595 -0.0381 0.5097
vn -0.7420 -0.2394 -0.6261
vn -0.7652 0.0029 0.6438
vn -0.8608 -0.2255 -0.4562
vn -0.6415 0.0462 0.7657
vn -0.9377 -0.2038 -0.2813
vn -0.4858 0.0911 0.8693
vn -0.9782 -0.1769 -0.1090
vn -0.2975 0.1357 0.9450
vn -0.9876 -0.1462 0.0570
vn -0.0814 0.1770 0.9808
vn -0.9700 -0.1127 0.2155
vn -0.3770 -0.2336 -0.8963
vn 0.1499 0.2110 0.9659
vn -0.9273 -0.0766 0.3665
vn -0.5791 -0.2430 -0.7782
vn -0.2445 0.0847 0.9659
vn -0.9633 -0.2628 0.0543
vn -0.0442 0.1448 0.9885
vn -0.9460 -0.2302 0.2284
vn -0.3645 -0.2456 -0.8983
vn 0.1631 0.1996 0.9662
vn -0.8991 -0.1906 0.3941
vn -0.5471 -0.2796 -0.7890
vn -0.8235 -0.1447 0.5486
vn -0.7009 -0.3004 -0.6470
vn -0.7194 -0.0932 0.6883
vn -0.8199 -0.3078 -0.4827
vn -0.5871 -0.0368 0.8087
vn -0.9025 -0.3029 -0.3061
vn -0.4277 0.0232 0.9036
vn -0.9496 -0.2874 -0.1252
vn -0.6410 -0.2014 0.7407
vn -0.7550 -0.3949 -0.5235
vn -0.5002 -0.1257 0.8568
vn -0.8412 -0.4134 -0.3485
vn -0.3412 -0.0457 0.9389
vn -0.8954 -0.4161 -0.1585
vn -0.1705 0.0354 0.9847
vn -0.9147 -0.4023 0.0391
vn 0.0053 0.1146 0.9934
vn -0.8975 -0.3725 0.2361
vn -0.3481 -0.2566 -0.9017
vn 0.1801 0.1891 0.9653
vn -0.8444 -0.3276 0.4239
vn -0.5035 -0.3148 -0.8047
vn -0.7575 -0.2697 0.5945
vn -0.6408 -0.3615 -0.6773
vn 0.0656 0.0875 0.9940
vn -0.8030 -0.5482 0.2337
vn -0.3284 -0.2664 -0.9062
vn 0.2005 0.1799 0.9630
vn -0.7411 -0.4960 0.4525
vn -0.4487 -0.3466 -0.8237
vn -0.6407 -0.4181 0.6440
vn -0.5600 -0.4193 -0.7145
vn -0.5128 -0.3229 0.7955
vn -0.6592 -0.4824 -0.5768
vn -0.3699 -0.2190 0.9029
vn -0.7411 -0.5323 -0.4092
vn -0.2220 -0.1135 0.9684
vn -0.7981 -0.5636 -0.2129
vn -0.0757 -0.0106 0.9971
vn -0.8213 -0.5705 0.0058
vn -0.5279 -0.5618 -0.6370
vn -0.1877 -0.3096 0.9322
vn -0.5884 -0.6477 -0.4840
vn -0.0698 -0.1752 0.9820
vn -0.6327 -0.7183 -0.2893
vn 0.0373 -0.0506 0.9980
vn -0.6485 -0.7594 -0.0528
vn 0.1343 0.0646 0.9888
vn -0.6226 -0.7538 0.2102
vn -0.3061 -0.2745 -0.9116
vn 0.2232 0.1723 0.9594
vn -0.5500 -0.6924 0.4669
vn -0.3844 -0.3731 -0.8444
vn -0.4407 -0.5840 0.6818
vn -0.4587 -0.4691 -0.7547
vn -0.3143 -0.4496 0.8361
vn -0.3145 -0.9375 0.1492
vn -0.2821 -0.2805 -0.9175
vn 0.2476 0.1665 0.9545
vn -0.2330 -0.8688 0.4370
vn -0.3129 -0.3926 -0.8649
vn -0.1354 -0.7279 0.6722
vn -0.3402 -0.5055 -0.7929
vn -0.0409 -0.5546 0.8311
vn -0.3633 -0.6206 -0.6949
vn 0.0405 -0.3818 0.9234
vn -0.3794 -0.7361 -0.5606
vn 0.1074 -0.2234 0.9688
vn -0.3828 -0.8432 -0.3775
vn 0.1623 -0.0814 0.9834
vn -0.3644 -0.9211 -0.1370
vn 0.2082 0.0472 0.9769
vn 0.2744 0.5167 0.8110
vn -0.1372 -0.9038 0.4054
vn 0.3391 -0.2891 -0.8952
vn 0.1541 0.8411 0.5184
vn 0.6822 0.6533 0.3284
vn 0.6083 0.5109 0.6073
vn 0.2606 -0.9137 -0.3119
vn 0.3882 -0.0352 0.9209
vn 0.4361 -0.7958 0.4201
vn 0.2666 -0.4986 0.8248
vn 0.2665 -0.7052 0.6570
vn 0.2485 -0.2645 0.9318
vn 0.0035 -0.8867 -0.4624
vn -0.0518 0.6464 0.7612
vn -0.2456 -0.8809 0.4046
vn -0.3391 0.2891 0.8952
vn -0.3391 -0.9354 -0.0996
vn -0.1540 0.6797 0.7171
vn -0.3723 -0.8742 -0.3117
vn -0.1540 -0.8411 -0.5184
vn -0.8366 0.0492 0.5457
vn -0.3304 0.6248 0.7074
vn -0.8635 0.4420 0.2427
vn -0.2715 -0.7288 -0.6287
vn -0.2714 -0.6767 -0.6844
vn -0.2606 0.9137 0.3119
vn -0.4361 0.7958 -0.4201
vn -0.2485 0.2646 -0.9318
vn -0.0035 -0.6341 -0.7732
vn 0.0517 -0.6464 -0.7612
vn 0.0518 0.8775 0.4768
vn -0.1395 0.6575 0.7405
vn 0.0638 0.5038 0.8615
vn 0.1993 0.5926 0.7805
vn -0.0668 0.4041 0.9123
vn -0.0041 0.3859 0.9226
vn 0.5719 0.4818 0.6639
vn 0.0885 0.3336 0.9386
vn 0.9153 0.1264 -0.3824
vn 0.8459 0.3621 0.3915
vn 0.8455 -0.2774 -0.4562
vn 0.4834 -0.3448 -0.8047
vn 0.7074 -0.5764 -0.4092
vn 0.4268 -0.3732 -0.8237
vn 0.0590 -0.1792 0.9821
vn -0.2050 0.0597 0.9769
vn 0.1395 -0.6574 -0.7405
vn 0.0668 -0.4040 -0.9123
vn -0.8529 -0.5219 0.0117
vn -0.0885 -0.3335 -0.9386
vn -0.8683 0.0059 0.4960
vn -0.5965 0.2076 0.7753
vn -0.5857 0.2423 0.7734
vn -0.7296 0.4400 0.5236
vn -0.1724 -0.0249 -0.9847
vn -0.4834 0.3448 0.8046
vn -0.4268 0.3732 0.8237
vn -0.2569 0.9549 -0.1492
vn -0.0910 0.7348 -0.6722
vn 0.0636 0.3786 -0.9234
vn 0.3391 0.2891 0.8952
vn 0.1541 -0.8411 -0.5184
vn 0.8524 -0.4307 -0.2966
vn 0.7147 0.6931 -0.0932
vn 0.4361 0.7958 -0.4201
vn 0.2666 0.4986 -0.8248
vn 0.2665 0.7052 -0.6570
vn 0.0035 0.8867 0.4624
vn 0.0176 0.5116 -0.8591
vn -0.0518 -0.6464 -0.7612
vn -0.2456 0.8809 -0.4046
vn -0.3391 -0.2891 -0.8952
vn -0.3391 0.9354 0.0996
vn -0.1540 -0.6797 -0.7171
vn -0.1540 0.8411 0.5184
vn -0.8366 -0.0492 -0.5457
vn -0.8524 0.4307 0.2967
vn -0.2714 0.6767 0.6845
vn -0.1987 0.6287 0.7519
vn -0.2606 -0.9137 -0.3120
vn -0.0035 0.6341 0.7732
vn 0.0517 0.6464 0.7612
vn 0.0518 -0.8775 -0.4768
vn 0.5012 -0.4110 0.7615
vn 0.4230 0.0348 0.9054
vn -0.0276 -0.3849 -0.9225
vn 0.7812 -0.3145 0.5393
vn 0.7059 -0.2000 0.6794
vn 0.8570 -0.2496 0.4509
vn 0.8337 -0.1033 0.5424
vn 0.1136 -0.2772 -0.9541
vn 0.6080 0.1709 0.7753
vn 0.7420 0.2394 0.6261
vn 0.0814 -0.1770 -0.9808
vn 0.9025 0.3029 0.3061
vn 0.5500 0.6924 -0.4669
vn 0.1877 0.3096 -0.9322
vn -0.2922 0.5491 0.7830
vn -0.8196 0.5728 -0.0117
vn -0.8896 0.4542 0.0490
vn -0.8337 0.1034 -0.5424
vn -0.0974 0.3090 0.9461
vn -0.1136 0.2772 0.9541
vn -0.8608 -0.2254 -0.4562
vn -0.0814 0.1771 0.9808
vn -0.2445 0.0848 0.9659
vn -0.9025 -0.3030 -0.3061
vn -0.7550 -0.3949 -0.5236
vn -0.5035 -0.3148 -0.8046
vn 0.0656 0.0874 0.9940
vn -0.1877 -0.3095 0.9322
vn -0.0698 -0.1752 0.9821
vn -0.5500 -0.6925 0.4669
vn -0.4586 -0.4691 -0.7547
vt 0.478129 0.385522
vt 0.522382 0.424544
vt 0.471148 0.400770
vt 0.280718 0.344841
vt 0.259664 0.370788
vt 0.255909 0.348161
vt 0.441172 0.368305
vt 0.434639 0.386621
vt 0.235133 0.375182
vt 0.230077 0.353713
vt 0.409754 0.357223
vt 0.404044 0.377741
vt 0.208623 0.381821
vt 0.202327 0.361988
vt 0.380992 0.350224
vt 0.377000 0.372101
vt 0.179146 0.391662
vt 0.172186 0.374086
vt 0.354702 0.345809
vt 0.351990 0.368794
vt 0.144173 0.406692
vt 0.136953 0.392249
vt 0.329592 0.343611
vt 0.328538 0.367158
vt 0.096855 0.430742
vt 0.091503 0.420513
vt 0.305678 0.366926
vt 0.305065 0.343481
vt 0.527520 0.413373
vt 0.581938 0.445169
vt 0.041996 0.452931
vt 0.282887 0.368094
vt 0.576113 0.456275
vt 0.517244 0.435580
vt 0.044778 0.458789
vt 0.101310 0.441387
vt 0.284611 0.389937
vt 0.465517 0.415942
vt 0.262514 0.392057
vt 0.429434 0.404439
vt 0.239111 0.395600
vt 0.399458 0.397455
vt 0.214013 0.401037
vt 0.373708 0.393007
vt 0.184778 0.408873
vt 0.350040 0.390358
vt 0.150120 0.421227
vt 0.327785 0.389164
vt 0.306182 0.388996
vt 0.371245 0.412925
vt 0.217943 0.419566
vt 0.189550 0.425740
vt 0.348527 0.410920
vt 0.154975 0.435794
vt 0.327244 0.410065
vt 0.104923 0.452368
vt 0.306636 0.409954
vt 0.572314 0.463244
vt 0.512920 0.446799
vt 0.047099 0.465310
vt 0.286004 0.410729
vt 0.461006 0.430964
vt 0.264834 0.412418
vt 0.424970 0.421846
vt 0.242411 0.415268
vt 0.395943 0.416412
vt 0.287118 0.430720
vt 0.457025 0.445809
vt 0.266680 0.432042
vt 0.421696 0.438815
vt 0.244971 0.434268
vt 0.393445 0.434764
vt 0.221082 0.437625
vt 0.369265 0.432170
vt 0.193288 0.442363
vt 0.347384 0.430669
vt 0.158864 0.450370
vt 0.326853 0.430057
vt 0.107747 0.463627
vt 0.306980 0.430123
vt 0.569153 0.470686
vt 0.509353 0.458171
vt 0.048899 0.472404
vt 0.196138 0.458794
vt 0.346583 0.449812
vt 0.161893 0.464932
vt 0.326629 0.449448
vt 0.109827 0.475124
vt 0.307308 0.449595
vt 0.566478 0.478334
vt 0.506525 0.469646
vt 0.050138 0.479989
vt 0.288003 0.450076
vt 0.453919 0.460577
vt 0.268111 0.451087
vt 0.419293 0.455434
vt 0.246926 0.452774
vt 0.391632 0.452622
vt 0.223497 0.455311
vt 0.367835 0.450849
vt 0.452148 0.475272
vt 0.269181 0.469713
vt 0.417522 0.471872
vt 0.248358 0.470921
vt 0.390155 0.470197
vt 0.225254 0.472720
vt 0.367079 0.469056
vt 0.198189 0.475065
vt 0.346121 0.468500
vt 0.164022 0.479452
vt 0.326555 0.468371
vt 0.112283 0.486495
vt 0.307619 0.468586
vt 0.564141 0.486118
vt 0.504423 0.481147
vt 0.053049 0.493339
vt 0.288697 0.468972
vt 0.345938 0.486884
vt 0.199508 0.491227
vt 0.165370 0.493892
vt 0.326618 0.486983
vt 0.114041 0.497839
vt 0.307917 0.487266
vt 0.562348 0.494137
vt 0.503003 0.492641
vt 0.055290 0.501132
vt 0.289223 0.487569
vt 0.451171 0.489819
vt 0.269929 0.488066
vt 0.416473 0.488182
vt 0.249318 0.488836
vt 0.389516 0.487525
vt 0.226402 0.489948
vt 0.366597 0.487046
vt 0.270379 0.506283
vt 0.416262 0.504353
vt 0.249837 0.506639
vt 0.389418 0.504711
vt 0.226973 0.507092
vt 0.366575 0.504873
vt 0.200131 0.507336
vt 0.346036 0.505115
vt 0.165918 0.508273
vt 0.326818 0.505435
vt 0.115112 0.509128
vt 0.308208 0.505787
vt 0.561232 0.502274
vt 0.502241 0.504129
vt 0.056989 0.508946
vt 0.289597 0.506016
vt 0.450517 0.504286
vt 0.165731 0.522648
vt 0.346422 0.523314
vt 0.327162 0.523866
vt 0.114434 0.520443
vt 0.308500 0.524295
vt 0.560604 0.510311
vt 0.502151 0.515579
vt 0.057051 0.511329
vt 0.289828 0.524455
vt 0.450631 0.518729
vt 0.270543 0.524500
vt 0.416723 0.520432
vt 0.249927 0.524449
vt 0.389873 0.521830
vt 0.226981 0.524249
vt 0.366991 0.522656
vt 0.200079 0.523471
vt 0.270421 0.542850
vt 0.249586 0.542386
vt 0.390897 0.538988
vt 0.226417 0.541518
vt 0.367849 0.540518
vt 0.199357 0.539709
vt 0.347107 0.541614
vt 0.164709 0.537082
vt 0.327660 0.542416
vt 0.113081 0.531821
vt 0.308799 0.542934
vt 0.560320 0.518224
vt 0.502745 0.526923
vt 0.055714 0.519228
vt 0.289920 0.543030
vt 0.452014 0.533083
vt 0.417734 0.536535
vt 0.112144 0.543275
vt 0.328331 0.561233
vt 0.309116 0.561856
vt 0.560760 0.526026
vt 0.504023 0.538170
vt 0.054180 0.532768
vt 0.289873 0.561889
vt 0.453729 0.547452
vt 0.270003 0.561472
vt 0.419631 0.552726
vt 0.248795 0.560571
vt 0.392554 0.556304
vt 0.225246 0.558995
vt 0.369174 0.558582
vt 0.197756 0.556069
vt 0.348117 0.560153
vt 0.163235 0.551614
vt 0.394912 0.573841
vt 0.223441 0.576761
vt 0.370991 0.576960
vt 0.195537 0.572607
vt 0.349491 0.579076
vt 0.160491 0.566192
vt 0.329199 0.580477
vt 0.109444 0.554427
vt 0.309458 0.581224
vt 0.561695 0.533520
vt 0.506023 0.549279
vt 0.053902 0.535077
vt 0.289680 0.581191
vt 0.456302 0.561836
vt 0.269269 0.580516
vt 0.422307 0.569015
vt 0.247519 0.579131
vt 0.330298 0.600326
vt 0.309835 0.601221
vt 0.562981 0.540686
vt 0.508776 0.560175
vt 0.051208 0.542344
vt 0.105990 0.565504
vt 0.289326 0.601119
vt 0.460257 0.576100
vt 0.268179 0.600151
vt 0.425698 0.585466
vt 0.245700 0.598221
vt 0.397785 0.591715
vt 0.220919 0.594966
vt 0.373577 0.595833
vt 0.192467 0.589466
vt 0.351308 0.598566
vt 0.156803 0.580858
vt 0.217563 0.613736
vt 0.401793 0.610085
vt 0.376691 0.615288
vt 0.188285 0.606717
vt 0.353591 0.618759
vt 0.152542 0.595712
vt 0.331667 0.620975
vt 0.101758 0.576449
vt 0.310259 0.622056
vt 0.564956 0.547479
vt 0.512310 0.570841
vt 0.048039 0.549389
vt 0.288789 0.621877
vt 0.464788 0.590425
vt 0.266680 0.620569
vt 0.430271 0.602217
vt 0.243255 0.618006
vt 0.567360 0.553721
vt 0.516681 0.581204
vt 0.042996 0.560773
vt 0.097596 0.587560
vt 0.288037 0.643713
vt 0.470484 0.604722
vt 0.264696 0.641992
vt 0.435970 0.619237
vt 0.240070 0.638661
vt 0.406788 0.629000
vt 0.213250 0.633160
vt 0.380666 0.635542
vt 0.183009 0.624344
vt 0.356468 0.639908
vt 0.147050 0.610713
vt 0.333368 0.642674
vt 0.310742 0.643985
vt 0.413002 0.648590
vt 0.385668 0.656785
vt 0.207800 0.653375
vt 0.176567 0.642340
vt 0.360081 0.662264
vt 0.139944 0.625639
vt 0.335484 0.665716
vt 0.091697 0.597877
vt 0.311303 0.667316
vt 0.570201 0.559310
vt 0.521951 0.591177
vt 0.042008 0.562626
vt 0.287019 0.666930
vt 0.477468 0.618951
vt 0.262114 0.664690
vt 0.443020 0.636560
vt 0.235984 0.660404
vt 0.285666 0.691907
vt 0.486297 0.632839
vt 0.258779 0.689004
vt 0.451509 0.654127
vt 0.230770 0.683511
vt 0.420710 0.668977
vt 0.200925 0.674590
vt 0.391941 0.679253
vt 0.168510 0.660893
vt 0.364621 0.686141
vt 0.131427 0.640544
vt 0.338128 0.690472
vt 0.084827 0.607797
vt 0.311962 0.692442
vt 0.573249 0.564198
vt 0.528165 0.600623
vt 0.037655 0.567787
vt 0.192274 0.696974
vt 0.158537 0.680007
vt 0.370353 0.711938
vt 0.121249 0.655325
vt 0.341454 0.717411
vt 0.076939 0.617201
vt 0.312749 0.719864
vt 0.574703 0.565363
vt 0.535897 0.608988
vt 0.032910 0.572260
vt 0.283874 0.719130
vt 0.496332 0.646540
vt 0.254469 0.715357
vt 0.462158 0.672136
vt 0.224116 0.708301
vt 0.430334 0.690363
vt 0.399833 0.703240
vt 0.248869 0.744293
vt 0.475154 0.690423
vt 0.215584 0.735162
vt 0.442338 0.712826
vt 0.181364 0.720707
vt 0.409815 0.729073
vt 0.146233 0.699652
vt 0.377652 0.740156
vt 0.109138 0.669813
vt 0.345682 0.747152
vt 0.067992 0.625930
vt 0.313698 0.750246
vt 0.579444 0.568246
vt 0.544636 0.616668
vt 0.027936 0.575924
vt 0.281494 0.749238
vt 0.508349 0.659782
vt 0.094793 0.683742
vt 0.387056 0.771448
vt 0.351128 0.780519
vt 0.057958 0.633783
vt 0.314861 0.784484
vt 0.584124 0.570273
vt 0.554396 0.623452
vt 0.022910 0.578670
vt 0.278304 0.783087
vt 0.522868 0.672109
vt 0.241514 0.776522
vt 0.490791 0.708631
vt 0.204545 0.764568
vt 0.457379 0.736432
vt 0.167529 0.745962
vt 0.422565 0.757146
vt 0.131054 0.719717
vt 0.510354 0.726835
vt 0.231709 0.812998
vt 0.190085 0.797103
vt 0.476482 0.761307
vt 0.149839 0.772870
vt 0.439065 0.787960
vt 0.112300 0.739957
vt 0.399362 0.806694
vt 0.077889 0.696719
vt 0.358259 0.818653
vt 0.046837 0.640516
vt 0.316307 0.823816
vt 0.590611 0.572566
vt 0.564965 0.629515
vt 0.018054 0.580417
vt 0.273965 0.821860
vt 0.539595 0.683404
vt 0.415781 0.847091
vt 0.367765 0.863161
vt 0.034677 0.645831
vt 0.318134 0.869972
vt 0.593590 0.572926
vt 0.576497 0.633996
vt 0.013642 0.581140
vt 0.267969 0.867235
vt 0.559204 0.692792
vt 0.218378 0.855051
vt 0.533872 0.743939
vt 0.170837 0.833465
vt 0.500864 0.787230
vt 0.126970 0.801464
vt 0.460742 0.822039
vt 0.089093 0.759879
vt 0.058097 0.708168
vt 0.199757 0.904687
vt 0.144739 0.874401
vt 0.532614 0.813977
vt 0.096971 0.831581
vt 0.489744 0.859941
vt 0.060395 0.778546
vt 0.438277 0.894452
vt 0.035138 0.717275
vt 0.380645 0.916405
vt 0.021601 0.649385
vt 0.320479 0.925315
vt 0.595846 0.572411
vt 0.588823 0.636581
vt 0.010006 0.580902
vt 0.259585 0.921678
vt 0.581325 0.699555
vt 0.563212 0.759355
vt 0.007841 0.650798
vt 0.398131 0.981987
vt 0.323519 0.992486
vt 0.596947 0.571432
vt 0.601627 0.636919
vt 0.007514 0.579901
vt 0.247982 0.988940
vt 0.606059 0.702423
vt 0.172450 0.965723
vt 0.598890 0.770977
vt 0.108800 0.920044
vt 0.574757 0.840804
vt 0.056686 0.862820
vt 0.529044 0.901477
vt 0.025216 0.794156
vt 0.470581 0.952194
vt 0.008861 0.722929
vt 0.594279 0.214961
vt 0.520618 0.178053
vt 0.559508 0.147986
vt 0.084965 0.107172
vt 0.083180 0.194977
vt 0.043049 0.169289
vt 0.510912 0.088536
vt 0.473615 0.135275
vt 0.015643 0.236580
vt 0.051593 0.249302
vt 0.418575 0.104224
vt 0.445769 0.046196
vt 0.032429 0.309351
vt 0.007514 0.306223
vt 0.373564 0.017462
vt 0.358751 0.085981
vt 0.024491 0.373188
vt 0.011667 0.372838
vt 0.292775 0.007514
vt 0.296057 0.081499
vt 0.610338 0.359083
vt 0.610705 0.429715
vt 0.596631 0.360498
vt 0.016293 0.438436
vt 0.234153 0.091328
vt 0.213410 0.024812
vt 0.583134 0.292744
vt 0.609244 0.287309
vt 0.176656 0.114442
vt 0.144781 0.059832
vt 0.557909 0.231415
vt 0.125368 0.149513
vt 0.349406 0.141297
vt 0.298429 0.138685
vt 0.608397 0.428790
vt 0.583596 0.364082
vt 0.017126 0.438261
vt 0.036986 0.375857
vt 0.247972 0.145343
vt 0.559998 0.301857
vt 0.199561 0.161524
vt 0.529260 0.250070
vt 0.154538 0.187307
vt 0.490853 0.208016
vt 0.114350 0.221633
vt 0.447102 0.176161
vt 0.080275 0.264993
vt 0.399411 0.153681
vt 0.055024 0.316364
vt 0.138692 0.247860
vt 0.467959 0.236719
vt 0.427612 0.212540
vt 0.104138 0.282587
vt 0.385721 0.196015
vt 0.074423 0.326036
vt 0.343060 0.187234
vt 0.048583 0.380068
vt 0.300232 0.185554
vt 0.604978 0.428625
vt 0.571471 0.369462
vt 0.021302 0.437124
vt 0.257771 0.190385
vt 0.539970 0.313294
vt 0.216249 0.202182
vt 0.506195 0.269906
vt 0.176312 0.221445
vt 0.022652 0.437145
vt 0.059171 0.386189
vt 0.265000 0.228916
vt 0.523121 0.326449
vt 0.228696 0.237767
vt 0.487202 0.290284
vt 0.192890 0.252432
vt 0.450147 0.263862
vt 0.157809 0.273036
vt 0.412968 0.245211
vt 0.123599 0.300933
vt 0.375702 0.232823
vt 0.091266 0.337611
vt 0.338559 0.226406
vt 0.301645 0.225283
vt 0.600695 0.429276
vt 0.560413 0.376274
vt 0.172942 0.296999
vt 0.139517 0.319500
vt 0.368215 0.265361
vt 0.105680 0.350393
vt 0.335276 0.260570
vt 0.068690 0.393581
vt 0.302775 0.259810
vt 0.595978 0.430980
vt 0.550469 0.384220
vt 0.026219 0.438445
vt 0.270478 0.262607
vt 0.508886 0.340601
vt 0.238173 0.269393
vt 0.471825 0.310485
vt 0.205715 0.280746
vt 0.436198 0.289355
vt 0.401783 0.274806
vt 0.541630 0.393044
vt 0.496967 0.355334
vt 0.245505 0.297907
vt 0.459257 0.330304
vt 0.215780 0.306830
vt 0.425225 0.313296
vt 0.185007 0.319762
vt 0.393120 0.301876
vt 0.152571 0.337979
vt 0.362537 0.294565
vt 0.117947 0.363949
vt 0.332837 0.290942
vt 0.077131 0.401994
vt 0.303693 0.290434
vt 0.591064 0.433721
vt 0.029993 0.440849
vt 0.274713 0.292625
vt 0.358213 0.321123
vt 0.128338 0.377975
vt 0.331008 0.318390
vt 0.084524 0.411225
vt 0.304447 0.318079
vt 0.589724 0.435059
vt 0.534388 0.403182
vt 0.033740 0.444320
vt 0.278037 0.319806
vt 0.486434 0.370273
vt 0.251222 0.323934
vt 0.449208 0.349492
vt 0.223804 0.331093
vt 0.416648 0.335792
vt 0.194662 0.341403
vt 0.386294 0.326906
vt 0.163308 0.356208
vt 0.582943 0.443309
vt 0.040630 0.451473
vt 0.757940 0.210917
vt 0.747068 0.208984
vt 0.756898 0.206485
vt 0.715006 0.216704
vt 0.710108 0.212083
vt 0.715326 0.212387
vt 0.771440 0.206004
vt 0.770112 0.202060
vt 0.719555 0.216737
vt 0.719777 0.212424
vt 0.790942 0.196650
vt 0.789802 0.193850
vt 0.723861 0.216614
vt 0.723987 0.212264
vt 0.662086 0.204260
vt 0.640345 0.194452
vt 0.663039 0.201339
vt 0.811825 0.185181
vt 0.728367 0.216348
vt 0.728386 0.211923
vt 0.682716 0.207317
vt 0.681702 0.211225
vt 0.733561 0.215916
vt 0.733401 0.211364
vt 0.694951 0.210063
vt 0.694167 0.214301
vt 0.739861 0.215096
vt 0.739462 0.210463
vt 0.703565 0.211406
vt 0.703061 0.215747
vt 0.747767 0.213606
vt 0.709700 0.216434
vt 0.739612 0.205708
vt 0.747044 0.204212
vt 0.710099 0.207584
vt 0.756613 0.201842
vt 0.715336 0.207904
vt 0.769529 0.197824
vt 0.719904 0.207968
vt 0.789247 0.190696
vt 0.724181 0.207766
vt 0.640651 0.192291
vt 0.663410 0.198111
vt 0.811505 0.183285
vt 0.728629 0.207352
vt 0.683046 0.203163
vt 0.733636 0.206695
vt 0.695089 0.205635
vt 0.703607 0.206904
vt 0.640472 0.189641
vt 0.663260 0.194476
vt 0.811637 0.180877
vt 0.789223 0.187106
vt 0.724430 0.202769
vt 0.729072 0.202305
vt 0.682780 0.198648
vt 0.734211 0.201587
vt 0.694673 0.200826
vt 0.740229 0.200552
vt 0.703181 0.201997
vt 0.747593 0.199060
vt 0.709756 0.202643
vt 0.756970 0.196821
vt 0.715161 0.202952
vt 0.769594 0.193207
vt 0.719919 0.203000
vt 0.709155 0.197011
vt 0.748609 0.193325
vt 0.757850 0.191267
vt 0.714835 0.197258
vt 0.770193 0.188109
vt 0.719903 0.197256
vt 0.789641 0.182981
vt 0.724747 0.196995
vt 0.639981 0.186421
vt 0.662685 0.190324
vt 0.812090 0.177880
vt 0.729696 0.196508
vt 0.682025 0.193649
vt 0.735074 0.195777
vt 0.693814 0.195455
vt 0.741233 0.194752
vt 0.702391 0.196458
vt 0.725144 0.190250
vt 0.730470 0.189769
vt 0.680931 0.188040
vt 0.736154 0.189074
vt 0.692666 0.189371
vt 0.742513 0.188125
vt 0.701378 0.190110
vt 0.749952 0.186840
vt 0.708408 0.190497
vt 0.759096 0.185047
vt 0.714444 0.190639
vt 0.771180 0.182417
vt 0.719883 0.190529
vt 0.790343 0.178221
vt 0.639425 0.182584
vt 0.661854 0.185558
vt 0.812656 0.174212
vt 0.751412 0.179508
vt 0.760477 0.178070
vt 0.714075 0.182971
vt 0.772326 0.176043
vt 0.719958 0.182791
vt 0.791064 0.172782
vt 0.725631 0.182473
vt 0.639111 0.178216
vt 0.661026 0.180155
vt 0.813031 0.169882
vt 0.731340 0.182011
vt 0.679731 0.181735
vt 0.737335 0.181390
vt 0.691461 0.182486
vt 0.743900 0.180576
vt 0.700357 0.182860
vt 0.707674 0.183004
vt 0.678747 0.174767
vt 0.732198 0.173321
vt 0.738434 0.172796
vt 0.690503 0.174842
vt 0.745145 0.172154
vt 0.699619 0.174766
vt 0.752691 0.171359
vt 0.707168 0.174626
vt 0.761668 0.170347
vt 0.713871 0.174385
vt 0.773304 0.169002
vt 0.720146 0.174109
vt 0.791476 0.166784
vt 0.726177 0.173755
vt 0.639286 0.173647
vt 0.660484 0.174264
vt 0.812898 0.165134
vt 0.707040 0.165646
vt 0.714022 0.165219
vt 0.762305 0.162086
vt 0.773770 0.161510
vt 0.720509 0.164810
vt 0.791351 0.160578
vt 0.726733 0.164406
vt 0.639965 0.169335
vt 0.660381 0.168217
vt 0.812127 0.160454
vt 0.732905 0.163997
vt 0.678288 0.167356
vt 0.739233 0.163571
vt 0.690063 0.166676
vt 0.745960 0.163117
vt 0.699197 0.166094
vt 0.753450 0.162624
vt 0.733335 0.154513
vt 0.739582 0.154199
vt 0.678102 0.159807
vt 0.690081 0.158362
vt 0.746149 0.153925
vt 0.699454 0.157318
vt 0.753472 0.153745
vt 0.707410 0.156526
vt 0.762160 0.153700
vt 0.714481 0.155885
vt 0.773482 0.153899
vt 0.721003 0.155351
vt 0.791627 0.154413
vt 0.727216 0.154897
vt 0.639885 0.168152
vt 0.659852 0.162149
vt 0.811852 0.159163
vt 0.772888 0.146514
vt 0.715177 0.146887
vt 0.721550 0.146240
vt 0.791384 0.148188
vt 0.727555 0.145746
vt 0.638868 0.163975
vt 0.659785 0.156100
vt 0.812963 0.154789
vt 0.733429 0.145396
vt 0.678502 0.152502
vt 0.739360 0.145160
vt 0.690699 0.150324
vt 0.745731 0.145111
vt 0.700203 0.148821
vt 0.752897 0.145254
vt 0.708177 0.147723
vt 0.761508 0.145667
vt 0.744885 0.137082
vt 0.691635 0.142872
vt 0.701221 0.140958
vt 0.751830 0.137501
vt 0.709137 0.139603
vt 0.760347 0.138313
vt 0.715959 0.138608
vt 0.771801 0.139754
vt 0.722059 0.137875
vt 0.790697 0.142355
vt 0.727724 0.137357
vt 0.638293 0.159543
vt 0.660087 0.150442
vt 0.813430 0.149994
vt 0.733217 0.137038
vt 0.679218 0.145731
vt 0.738825 0.136945
vt 0.789835 0.137168
vt 0.722466 0.130471
vt 0.727762 0.129964
vt 0.638195 0.155278
vt 0.660493 0.145388
vt 0.813296 0.145208
vt 0.732866 0.129703
vt 0.679918 0.139609
vt 0.738108 0.129724
vt 0.692569 0.136128
vt 0.743856 0.130019
vt 0.702232 0.133879
vt 0.750594 0.130654
vt 0.710067 0.132337
vt 0.759051 0.131781
vt 0.716676 0.131243
vt 0.770626 0.133734
vt 0.693240 0.130078
vt 0.703005 0.127578
vt 0.749468 0.124677
vt 0.710787 0.125929
vt 0.757927 0.126020
vt 0.717215 0.124804
vt 0.769679 0.128395
vt 0.722731 0.124046
vt 0.789108 0.132663
vt 0.727705 0.123585
vt 0.638385 0.151517
vt 0.660732 0.140975
vt 0.812752 0.140904
vt 0.732467 0.123385
vt 0.680336 0.134110
vt 0.737384 0.123501
vt 0.742877 0.123904
vt 0.722822 0.118462
vt 0.727556 0.118058
vt 0.638598 0.148376
vt 0.660608 0.137145
vt 0.812131 0.137279
vt 0.788743 0.128752
vt 0.732072 0.117966
vt 0.680289 0.129159
vt 0.736772 0.118129
vt 0.693458 0.124634
vt 0.742108 0.118578
vt 0.703373 0.121948
vt 0.748642 0.119412
vt 0.711168 0.120258
vt 0.757185 0.120888
vt 0.717494 0.119163
vt 0.769163 0.123607
vt 0.748239 0.114638
vt 0.703206 0.116821
vt 0.711111 0.115126
vt 0.756961 0.116205
vt 0.717449 0.114101
vt 0.769208 0.119232
vt 0.722713 0.113490
vt 0.788868 0.125313
vt 0.727351 0.113186
vt 0.638606 0.145836
vt 0.660007 0.133816
vt 0.811728 0.134309
vt 0.731736 0.113158
vt 0.679642 0.124669
vt 0.736342 0.113347
vt 0.693078 0.119673
vt 0.741648 0.113796
vt 0.638254 0.143843
vt 0.658857 0.130914
vt 0.811744 0.131904
vt 0.789558 0.122236
vt 0.731463 0.108647
vt 0.678280 0.120567
vt 0.736140 0.108839
vt 0.691969 0.115049
vt 0.741574 0.109260
vt 0.702384 0.111995
vt 0.748348 0.110102
vt 0.710518 0.110282
vt 0.757368 0.111771
vt 0.717013 0.109332
vt 0.769916 0.115146
vt 0.722374 0.108830
vt 0.727027 0.108635
vt 0.709273 0.105434
vt 0.749132 0.105495
vt 0.758439 0.107365
vt 0.716064 0.104523
vt 0.771290 0.111201
vt 0.721683 0.104112
vt 0.790717 0.119353
vt 0.726593 0.103989
vt 0.636796 0.141452
vt 0.657206 0.128288
vt 0.812787 0.128763
vt 0.731274 0.104041
vt 0.676162 0.116737
vt 0.736204 0.104241
vt 0.690054 0.110577
vt 0.741959 0.104627
vt 0.700805 0.107228
vt 0.731176 0.098899
vt 0.673058 0.113142
vt 0.736654 0.099055
vt 0.687072 0.106141
vt 0.742902 0.099539
vt 0.698237 0.102299
vt 0.750571 0.100581
vt 0.707205 0.100272
vt 0.760394 0.102787
vt 0.714503 0.099287
vt 0.773568 0.107275
vt 0.720618 0.098884
vt 0.792590 0.116603
vt 0.726018 0.098797
vt 0.635349 0.140531
vt 0.654846 0.125947
vt 0.814118 0.127325
vt 0.752952 0.094987
vt 0.763428 0.097815
vt 0.712121 0.093155
vt 0.776887 0.103284
vt 0.719031 0.092615
vt 0.795227 0.113943
vt 0.725239 0.092484
vt 0.633557 0.139881
vt 0.651731 0.123884
vt 0.815910 0.126083
vt 0.731219 0.092603
vt 0.668825 0.109767
vt 0.737480 0.092888
vt 0.682787 0.101614
vt 0.744529 0.093569
vt 0.694412 0.096958
vt 0.704058 0.094423
vt 0.731351 0.084516
vt 0.738823 0.085047
vt 0.676901 0.096908
vt 0.747056 0.086176
vt 0.688952 0.090955
vt 0.756537 0.088319
vt 0.699454 0.087474
vt 0.767799 0.092226
vt 0.708593 0.085575
vt 0.781414 0.099151
vt 0.716687 0.084662
vt 0.798659 0.111349
vt 0.724129 0.084367
vt 0.631608 0.139443
vt 0.647840 0.122109
vt 0.817961 0.125000
vt 0.663303 0.106618
vt 0.773850 0.085801
vt 0.787340 0.094826
vt 0.713192 0.074185
vt 0.802874 0.108827
vt 0.722472 0.073505
vt 0.629710 0.139191
vt 0.643198 0.120649
vt 0.820036 0.124098
vt 0.731595 0.073624
vt 0.656325 0.103745
vt 0.740857 0.074755
vt 0.669048 0.091994
vt 0.750801 0.076668
vt 0.681336 0.084069
vt 0.761715 0.080110
vt 0.692819 0.078966
vt 0.703397 0.075873
vt 0.658781 0.086951
vt 0.743928 0.060543
vt 0.756330 0.064048
vt 0.670831 0.076148
vt 0.769088 0.069809
vt 0.683279 0.068408
vt 0.782053 0.078353
vt 0.695689 0.063205
vt 0.794858 0.090323
vt 0.707889 0.060065
vt 0.807815 0.106441
vt 0.719904 0.058646
vt 0.628093 0.139128
vt 0.637889 0.119567
vt 0.821876 0.123472
vt 0.731869 0.058788
vt 0.647761 0.101270
vt 0.699605 0.040692
vt 0.804155 0.085819
vt 0.813384 0.104348
vt 0.715711 0.037773
vt 0.626972 0.139275
vt 0.632064 0.118980
vt 0.823240 0.123259
vt 0.732114 0.037714
vt 0.637568 0.099443
vt 0.748593 0.040576
vt 0.645590 0.082078
vt 0.764538 0.047017
vt 0.656419 0.067238
vt 0.779570 0.056883
vt 0.669479 0.055340
vt 0.793068 0.069820
vt 0.684063 0.046513
vt 0.777086 0.023680
vt 0.636664 0.057854
vt 0.795609 0.039992
vt 0.649253 0.039492
vt 0.808068 0.060580
vt 0.666127 0.024478
vt 0.815392 0.081822
vt 0.686274 0.013779
vt 0.819454 0.102793
vt 0.708604 0.007990
vt 0.626493 0.139587
vt 0.625929 0.119061
vt 0.823935 0.123500
vt 0.732031 0.007514
vt 0.625871 0.098746
vt 0.755369 0.012678
vt 0.628968 0.078129
vt 0.823433 0.231842
vt 0.817843 0.210564
vt 0.823935 0.211102
vt 0.711901 0.320377
vt 0.729668 0.290933
vt 0.734910 0.321285
vt 0.629833 0.225132
vt 0.625732 0.203505
vt 0.636145 0.223173
vt 0.823892 0.190525
vt 0.746249 0.288756
vt 0.757607 0.316746
vt 0.633469 0.246604
vt 0.645130 0.241671
vt 0.762589 0.283369
vt 0.778702 0.306893
vt 0.655805 0.257351
vt 0.641071 0.267743
vt 0.778080 0.274627
vt 0.796820 0.292216
vt 0.668391 0.269959
vt 0.653379 0.286886
vt 0.791956 0.262555
vt 0.810683 0.273733
vt 0.682379 0.279582
vt 0.669911 0.302672
vt 0.803414 0.247465
vt 0.819496 0.253022
vt 0.697338 0.286402
vt 0.689801 0.314089
vt 0.811911 0.229968
vt 0.713273 0.290097
vt 0.666933 0.248165
vt 0.679139 0.256468
vt 0.778154 0.252253
vt 0.691166 0.262262
vt 0.790579 0.241362
vt 0.703039 0.266057
vt 0.801859 0.227178
vt 0.714795 0.268530
vt 0.812060 0.209410
vt 0.726885 0.269170
vt 0.626541 0.203820
vt 0.641945 0.220693
vt 0.823373 0.190791
vt 0.739308 0.268176
vt 0.654656 0.236572
vt 0.752108 0.265276
vt 0.765162 0.260103
vt 0.725392 0.253370
vt 0.628100 0.203426
vt 0.647166 0.217995
vt 0.822243 0.190803
vt 0.806767 0.207839
vt 0.734968 0.252974
vt 0.662486 0.231683
vt 0.745181 0.251444
vt 0.675469 0.240346
vt 0.756193 0.248388
vt 0.687000 0.245866
vt 0.768026 0.243262
vt 0.697386 0.249384
vt 0.780524 0.235387
vt 0.706997 0.251594
vt 0.793371 0.223951
vt 0.716203 0.252867
vt 0.760654 0.235589
vt 0.692767 0.237470
vt 0.701878 0.239611
vt 0.772791 0.229802
vt 0.709878 0.240840
vt 0.786418 0.220534
vt 0.717289 0.241511
vt 0.802107 0.205989
vt 0.724578 0.241831
vt 0.630170 0.202569
vt 0.651701 0.215255
vt 0.820630 0.190538
vt 0.732211 0.241678
vt 0.668771 0.227144
vt 0.740563 0.240859
vt 0.681958 0.233732
vt 0.749960 0.239012
vt 0.818728 0.190053
vt 0.798177 0.203933
vt 0.730446 0.233147
vt 0.655468 0.212536
vt 0.673670 0.222925
vt 0.737484 0.232657
vt 0.686797 0.228069
vt 0.745661 0.231458
vt 0.696942 0.230701
vt 0.755367 0.229047
vt 0.705085 0.232042
vt 0.766978 0.224646
vt 0.711950 0.232712
vt 0.780895 0.217024
vt 0.718122 0.233017
vt 0.724131 0.233243
vt 0.632514 0.201441
vt 0.762742 0.219858
vt 0.707319 0.226003
vt 0.713404 0.226399
vt 0.776655 0.213446
vt 0.718760 0.226548
vt 0.795016 0.201694
vt 0.723913 0.226563
vt 0.634865 0.200182
vt 0.658437 0.209827
vt 0.816754 0.189395
vt 0.729333 0.226490
vt 0.677356 0.218934
vt 0.735467 0.226129
vt 0.690293 0.223099
vt 0.742760 0.225235
vt 0.699884 0.225081
vt 0.751677 0.223381
vt 0.660627 0.207086
vt 0.679987 0.215068
vt 0.734222 0.220710
vt 0.692687 0.218584
vt 0.740905 0.219910
vt 0.701859 0.220212
vt 0.749228 0.218324
vt 0.708806 0.220948
vt 0.759803 0.215329
vt 0.714390 0.221232
vt 0.773548 0.209784
vt 0.719223 0.221288
vt 0.792617 0.199272
vt 0.723817 0.221207
vt 0.636981 0.198836
vt 0.814919 0.188569
vt 0.728683 0.221083
vt 0.638664 0.197371
vt 0.813406 0.187537
vt 0.702190 0.755419
vt 0.691690 0.757656
vt 0.701987 0.754346
vt 0.672729 0.762262
vt 0.671368 0.761153
vt 0.672767 0.761126
vt 0.644888 0.757447
vt 0.633487 0.753456
vt 0.645041 0.756367
vt 0.713453 0.750809
vt 0.674144 0.762203
vt 0.674204 0.761033
vt 0.655255 0.758952
vt 0.655110 0.760328
vt 0.675846 0.762116
vt 0.675905 0.760868
vt 0.661186 0.760123
vt 0.661124 0.761518
vt 0.678075 0.761933
vt 0.678114 0.760594
vt 0.665091 0.760669
vt 0.665082 0.762011
vt 0.681145 0.761554
vt 0.681135 0.760130
vt 0.667807 0.760947
vt 0.667820 0.762212
vt 0.685503 0.760764
vt 0.685407 0.759295
vt 0.669797 0.761089
vt 0.669809 0.762284
vt 0.691896 0.759073
vt 0.671363 0.762300
vt 0.685740 0.757642
vt 0.691927 0.756043
vt 0.671299 0.759792
vt 0.702154 0.753072
vt 0.672822 0.759791
vt 0.633168 0.752514
vt 0.644822 0.755098
vt 0.713719 0.749918
vt 0.674370 0.759665
vt 0.654972 0.757395
vt 0.676167 0.759438
vt 0.660846 0.758552
vt 0.678445 0.759082
vt 0.664762 0.759156
vt 0.681496 0.758534
vt 0.667536 0.759503
vt 0.669615 0.759703
vt 0.660118 0.756675
vt 0.676632 0.757613
vt 0.679066 0.757207
vt 0.664101 0.757308
vt 0.682218 0.756604
vt 0.667011 0.757694
vt 0.686483 0.755680
vt 0.669268 0.757922
vt 0.692583 0.754157
vt 0.671153 0.758026
vt 0.702696 0.751520
vt 0.672881 0.758017
vt 0.632456 0.751280
vt 0.644222 0.753558
vt 0.714361 0.748733
vt 0.674642 0.757876
vt 0.654279 0.755571
vt 0.670936 0.755625
vt 0.693635 0.751892
vt 0.703607 0.749579
vt 0.672965 0.755600
vt 0.631458 0.749639
vt 0.643251 0.751628
vt 0.715288 0.747156
vt 0.675030 0.755453
vt 0.653195 0.753366
vt 0.677303 0.755186
vt 0.659016 0.754348
vt 0.679976 0.754776
vt 0.663117 0.754949
vt 0.683293 0.754173
vt 0.666236 0.755319
vt 0.687617 0.753274
vt 0.668757 0.755534
vt 0.678173 0.751949
vt 0.681148 0.751588
vt 0.661856 0.751882
vt 0.684678 0.751053
vt 0.665246 0.752170
vt 0.689088 0.750266
vt 0.668109 0.752327
vt 0.695036 0.749093
vt 0.670665 0.752387
vt 0.704805 0.747084
vt 0.673080 0.752312
vt 0.630376 0.747413
vt 0.641996 0.749135
vt 0.716322 0.745015
vt 0.675539 0.752183
vt 0.651767 0.750615
vt 0.657594 0.751400
vt 0.696631 0.745545
vt 0.706041 0.743857
vt 0.670391 0.748100
vt 0.673253 0.748036
vt 0.629581 0.744505
vt 0.640724 0.745908
vt 0.717122 0.742182
vt 0.676141 0.747919
vt 0.650165 0.747101
vt 0.679171 0.747737
vt 0.656020 0.747625
vt 0.682474 0.747465
vt 0.660471 0.747913
vt 0.686233 0.747060
vt 0.664166 0.748059
vt 0.690743 0.746458
vt 0.667410 0.748113
vt 0.659324 0.742953
vt 0.683668 0.742341
vt 0.687609 0.742077
vt 0.663291 0.742947
vt 0.692190 0.741688
vt 0.666875 0.742903
vt 0.697997 0.741088
vt 0.670209 0.742819
vt 0.706855 0.739917
vt 0.673469 0.742747
vt 0.629497 0.741274
vt 0.639890 0.741998
vt 0.717249 0.738944
vt 0.676732 0.742650
vt 0.648827 0.742684
vt 0.680096 0.742522
vt 0.654699 0.742889
vt 0.670263 0.736895
vt 0.673703 0.736798
vt 0.630149 0.738432
vt 0.639806 0.737886
vt 0.716623 0.736034
vt 0.706897 0.735734
vt 0.677127 0.736702
vt 0.648371 0.737655
vt 0.680632 0.736603
vt 0.654221 0.737454
vt 0.684272 0.736473
vt 0.658914 0.737282
vt 0.688240 0.736328
vt 0.662994 0.737132
vt 0.692789 0.736161
vt 0.666713 0.736996
vt 0.698476 0.735964
vt 0.687909 0.730522
vt 0.659366 0.731567
vt 0.663441 0.731290
vt 0.692418 0.730597
vt 0.667122 0.731088
vt 0.698146 0.730829
vt 0.670567 0.730932
vt 0.706932 0.731564
vt 0.673881 0.730805
vt 0.630116 0.737587
vt 0.639717 0.733760
vt 0.716567 0.735158
vt 0.677163 0.730699
vt 0.648665 0.732569
vt 0.680485 0.730591
vt 0.654630 0.731963
vt 0.684024 0.730531
vt 0.717344 0.732270
vt 0.706157 0.727528
vt 0.673963 0.725416
vt 0.676860 0.725279
vt 0.640380 0.729799
vt 0.649856 0.728038
vt 0.679852 0.725238
vt 0.655889 0.727108
vt 0.683074 0.725271
vt 0.660551 0.726498
vt 0.686712 0.725412
vt 0.664449 0.726079
vt 0.691075 0.725713
vt 0.667874 0.725783
vt 0.696817 0.726271
vt 0.671001 0.725568
vt 0.629413 0.734801
vt 0.689410 0.721838
vt 0.665621 0.721811
vt 0.668710 0.721425
vt 0.695153 0.722654
vt 0.671435 0.721155
vt 0.704866 0.724181
vt 0.673957 0.720979
vt 0.629389 0.731649
vt 0.641503 0.726490
vt 0.717343 0.728908
vt 0.676425 0.720897
vt 0.651341 0.724369
vt 0.679003 0.720915
vt 0.657418 0.723163
vt 0.681858 0.721050
vt 0.661964 0.722361
vt 0.685211 0.721337
vt 0.642640 0.723903
vt 0.652684 0.721452
vt 0.678196 0.717615
vt 0.658814 0.720020
vt 0.680720 0.717825
vt 0.663253 0.719096
vt 0.683821 0.718205
vt 0.666678 0.718475
vt 0.687884 0.718831
vt 0.669446 0.718044
vt 0.693648 0.719844
vt 0.671798 0.717754
vt 0.703552 0.721611
vt 0.673922 0.717584
vt 0.630036 0.728804
vt 0.716544 0.725843
vt 0.675995 0.717540
vt 0.667501 0.715916
vt 0.670012 0.715495
vt 0.692489 0.717603
vt 0.672067 0.715220
vt 0.702517 0.719633
vt 0.673878 0.715072
vt 0.630970 0.726606
vt 0.643520 0.721884
vt 0.715407 0.723510
vt 0.675641 0.715057
vt 0.653704 0.719090
vt 0.677545 0.715162
vt 0.659899 0.717500
vt 0.679810 0.715399
vt 0.664261 0.716540
vt 0.682717 0.715803
vt 0.686683 0.716466
vt 0.677077 0.713339
vt 0.654340 0.717130
vt 0.660610 0.715451
vt 0.679167 0.713556
vt 0.664934 0.714517
vt 0.681948 0.713926
vt 0.668054 0.713945
vt 0.685864 0.714560
vt 0.670391 0.713577
vt 0.691726 0.715753
vt 0.672240 0.713347
vt 0.701858 0.718063
vt 0.673834 0.713228
vt 0.631843 0.724971
vt 0.644049 0.720275
vt 0.714343 0.721810
vt 0.675378 0.713235
vt 0.691376 0.714173
vt 0.670579 0.712083
vt 0.672317 0.711916
vt 0.701586 0.716772
vt 0.673790 0.711836
vt 0.632463 0.723743
vt 0.644209 0.718963
vt 0.713569 0.720540
vt 0.675202 0.711853
vt 0.654563 0.715467
vt 0.676788 0.711930
vt 0.660918 0.713740
vt 0.678791 0.712091
vt 0.665254 0.712858
vt 0.681521 0.712390
vt 0.668327 0.712369
vt 0.685439 0.712965
vt 0.654346 0.714023
vt 0.660800 0.712243
vt 0.678679 0.710807
vt 0.665206 0.711407
vt 0.681439 0.711027
vt 0.668312 0.711003
vt 0.685421 0.711545
vt 0.670568 0.710806
vt 0.691457 0.712773
vt 0.672290 0.710709
vt 0.701691 0.715673
vt 0.673722 0.710681
vt 0.632727 0.722822
vt 0.644002 0.717870
vt 0.713189 0.719573
vt 0.675103 0.710695
vt 0.676673 0.710719
vt 0.672124 0.709510
vt 0.691977 0.711455
vt 0.702142 0.714671
vt 0.673636 0.709512
vt 0.632269 0.721797
vt 0.643446 0.716909
vt 0.713536 0.718407
vt 0.675104 0.709512
vt 0.653669 0.712707
vt 0.676752 0.709490
vt 0.660232 0.710826
vt 0.678845 0.709515
vt 0.664764 0.709999
vt 0.681709 0.709673
vt 0.667980 0.709658
vt 0.685817 0.710164
vt 0.670326 0.709538
vt 0.677034 0.708014
vt 0.679328 0.708011
vt 0.663837 0.708478
vt 0.682402 0.708155
vt 0.667265 0.708138
vt 0.686718 0.708689
vt 0.669817 0.708052
vt 0.693028 0.710133
vt 0.671813 0.708060
vt 0.703025 0.713715
vt 0.673517 0.708086
vt 0.631460 0.721437
vt 0.642458 0.716045
vt 0.714338 0.717920
vt 0.675185 0.708048
vt 0.652433 0.711456
vt 0.659107 0.709378
vt 0.694689 0.708756
vt 0.704388 0.712772
vt 0.673362 0.706080
vt 0.630385 0.721167
vt 0.640991 0.715259
vt 0.715446 0.717485
vt 0.675370 0.706056
vt 0.650559 0.710237
vt 0.677566 0.706031
vt 0.657302 0.707805
vt 0.680209 0.706064
vt 0.662295 0.706684
vt 0.683623 0.706294
vt 0.666052 0.706227
vt 0.688235 0.707002
vt 0.668954 0.706086
vt 0.671304 0.706069
vt 0.681626 0.703385
vt 0.685537 0.703874
vt 0.664150 0.703669
vt 0.690523 0.704974
vt 0.667584 0.703318
vt 0.697066 0.707266
vt 0.670497 0.703181
vt 0.706269 0.711808
vt 0.673122 0.703145
vt 0.629165 0.720922
vt 0.639011 0.714531
vt 0.716730 0.717039
vt 0.675683 0.703143
vt 0.647940 0.709019
vt 0.678438 0.703198
vt 0.654646 0.706018
vt 0.659934 0.704446
vt 0.627931 0.720659
vt 0.636513 0.713832
vt 0.718042 0.716542
vt 0.708670 0.710776
vt 0.672738 0.698690
vt 0.676181 0.698807
vt 0.644440 0.707766
vt 0.679802 0.699027
vt 0.650907 0.703931
vt 0.683807 0.699572
vt 0.656457 0.701560
vt 0.688397 0.700614
vt 0.661248 0.700135
vt 0.693799 0.702454
vt 0.665441 0.699312
vt 0.700296 0.705587
vt 0.669209 0.698874
vt 0.656859 0.695195
vt 0.692573 0.696137
vt 0.698344 0.699240
vt 0.662080 0.693451
vt 0.704508 0.703626
vt 0.667127 0.692402
vt 0.711539 0.709648
vt 0.672056 0.691956
vt 0.626848 0.720393
vt 0.633548 0.713138
vt 0.719201 0.716041
vt 0.676926 0.692074
vt 0.639930 0.706433
vt 0.681914 0.692733
vt 0.645789 0.701437
vt 0.687112 0.694038
vt 0.651430 0.697785
vt 0.678055 0.681574
vt 0.634357 0.705012
vt 0.685172 0.683235
vt 0.638947 0.698458
vt 0.692103 0.685947
vt 0.644251 0.692858
vt 0.698602 0.689957
vt 0.650225 0.688294
vt 0.704499 0.695129
vt 0.656742 0.684836
vt 0.709768 0.701331
vt 0.663654 0.682538
vt 0.714766 0.708472
vt 0.670809 0.681440
vt 0.626088 0.720235
vt 0.630226 0.712487
vt 0.720032 0.715707
vt 0.707422 0.681611
vt 0.712725 0.690132
vt 0.648120 0.672275
vt 0.716086 0.698875
vt 0.657684 0.667572
vt 0.718246 0.707407
vt 0.668331 0.665112
vt 0.625732 0.720277
vt 0.626679 0.712006
vt 0.720453 0.715677
vt 0.679496 0.665184
vt 0.627774 0.703685
vt 0.690543 0.668001
vt 0.630007 0.695145
vt 0.699990 0.674016
vt 0.634047 0.686649
vt 0.640125 0.678813
vt 0.629896 0.774338
vt 0.631374 0.764750
vt 0.636261 0.771744
vt 0.686266 0.806733
vt 0.688317 0.789264
vt 0.696274 0.802362
vt 0.633046 0.782834
vt 0.641315 0.777744
vt 0.695175 0.785874
vt 0.704807 0.795907
vt 0.637955 0.791084
vt 0.646895 0.782777
vt 0.701470 0.781238
vt 0.711378 0.787928
vt 0.644830 0.798556
vt 0.653034 0.786791
vt 0.707009 0.775477
vt 0.715775 0.779159
vt 0.653677 0.804714
vt 0.659656 0.789676
vt 0.711721 0.768763
vt 0.718209 0.770342
vt 0.666581 0.791628
vt 0.664319 0.808011
vt 0.715890 0.761227
vt 0.719392 0.761839
vt 0.673810 0.792128
vt 0.675397 0.808671
vt 0.627854 0.765905
vt 0.625732 0.757566
vt 0.720397 0.753549
vt 0.681122 0.791350
vt 0.658365 0.778786
vt 0.663397 0.780207
vt 0.706216 0.767123
vt 0.668299 0.781019
vt 0.712607 0.760454
vt 0.673171 0.781451
vt 0.626180 0.757488
vt 0.634661 0.763500
vt 0.720044 0.753584
vt 0.678208 0.781164
vt 0.641602 0.769381
vt 0.683426 0.780237
vt 0.647584 0.773621
vt 0.688856 0.778545
vt 0.653125 0.776655
vt 0.694489 0.775926
vt 0.700282 0.772192
vt 0.680361 0.774071
vt 0.645907 0.767406
vt 0.652258 0.770440
vt 0.684679 0.773292
vt 0.657500 0.772245
vt 0.689595 0.771864
vt 0.661951 0.773322
vt 0.695237 0.769462
vt 0.665862 0.773959
vt 0.701745 0.765616
vt 0.669455 0.774318
vt 0.709666 0.759653
vt 0.672923 0.774469
vt 0.627054 0.757087
vt 0.637602 0.762328
vt 0.719303 0.753405
vt 0.676494 0.774417
vt 0.698264 0.764237
vt 0.667491 0.769782
vt 0.670226 0.769890
vt 0.707179 0.758869
vt 0.672802 0.769942
vt 0.628277 0.756520
vt 0.640078 0.761280
vt 0.718245 0.753099
vt 0.675457 0.769959
vt 0.649224 0.765743
vt 0.678424 0.769868
vt 0.655654 0.767967
vt 0.681927 0.769545
vt 0.660531 0.769044
vt 0.686211 0.768777
vt 0.664356 0.769550
vt 0.691547 0.767206
vt 0.680133 0.766847
vt 0.658049 0.765982
vt 0.662587 0.766668
vt 0.683920 0.766404
vt 0.665944 0.766898
vt 0.688926 0.765306
vt 0.668553 0.766944
vt 0.695657 0.762934
vt 0.670732 0.766939
vt 0.705202 0.758082
vt 0.672743 0.766938
vt 0.629658 0.755981
vt 0.642027 0.760317
vt 0.717030 0.752787
vt 0.674819 0.766970
vt 0.651677 0.764278
vt 0.677198 0.766973
vt 0.703734 0.757260
vt 0.671057 0.764921
vt 0.672715 0.764893
vt 0.631004 0.755515
vt 0.643450 0.759383
vt 0.715818 0.752499
vt 0.674432 0.764914
vt 0.653407 0.762927
vt 0.676441 0.764926
vt 0.659660 0.764328
vt 0.679001 0.764849
vt 0.663924 0.764840
vt 0.682431 0.764528
vt 0.666959 0.764973
vt 0.687149 0.763663
vt 0.669227 0.764963
vt 0.693793 0.761663
vt 0.660647 0.762879
vt 0.664718 0.763346
vt 0.681548 0.762966
vt 0.667554 0.763488
vt 0.686049 0.762182
vt 0.669625 0.763499
vt 0.692565 0.760388
vt 0.671257 0.763468
vt 0.702745 0.756379
vt 0.672705 0.763427
vt 0.632167 0.755075
vt 0.644387 0.758438
vt 0.714743 0.752197
vt 0.674220 0.763423
vt 0.654525 0.761628
vt 0.676015 0.763394
vt 0.678351 0.763284
vt 0.633023 0.754590
vt 0.713926 0.751821
vt 0.757940 0.539716
vt 0.747068 0.537783
vt 0.756898 0.535284
vt 0.715006 0.545503
vt 0.710108 0.540882
vt 0.715326 0.541186
vt 0.771440 0.534803
vt 0.770112 0.530859
vt 0.719555 0.545536
vt 0.719777 0.541223
vt 0.790942 0.525449
vt 0.789802 0.522649
vt 0.723860 0.545413
vt 0.723987 0.541063
vt 0.662086 0.533059
vt 0.640345 0.523250
vt 0.663039 0.530138
vt 0.811825 0.513980
vt 0.728367 0.545147
vt 0.728386 0.540721
vt 0.682716 0.536115
vt 0.681702 0.540024
vt 0.733561 0.544715
vt 0.733401 0.540163
vt 0.694951 0.538861
vt 0.694167 0.543099
vt 0.739861 0.543895
vt 0.739462 0.539261
vt 0.703565 0.540204
vt 0.703061 0.544546
vt 0.747767 0.542405
vt 0.709700 0.545233
vt 0.739612 0.534507
vt 0.747044 0.533011
vt 0.710099 0.536383
vt 0.756613 0.530640
vt 0.715336 0.536703
vt 0.769529 0.526623
vt 0.719904 0.536767
vt 0.789247 0.519495
vt 0.724181 0.536564
vt 0.640651 0.521090
vt 0.663410 0.526910
vt 0.811505 0.512084
vt 0.728629 0.536150
vt 0.683046 0.531961
vt 0.733636 0.535494
vt 0.695089 0.534434
vt 0.703607 0.535703
vt 0.640472 0.518440
vt 0.663260 0.523275
vt 0.811637 0.509676
vt 0.789223 0.515905
vt 0.724430 0.531568
vt 0.729072 0.531104
vt 0.682780 0.527447
vt 0.734211 0.530386
vt 0.694674 0.529625
vt 0.740229 0.529350
vt 0.703181 0.530795
vt 0.747593 0.527859
vt 0.709756 0.531442
vt 0.756970 0.525620
vt 0.715161 0.531751
vt 0.769593 0.522006
vt 0.719919 0.531799
vt 0.709155 0.525810
vt 0.748609 0.522124
vt 0.757850 0.520066
vt 0.714835 0.526057
vt 0.770193 0.516908
vt 0.719903 0.526054
vt 0.789641 0.511780
vt 0.724747 0.525794
vt 0.639981 0.515220
vt 0.662685 0.519123
vt 0.812090 0.506679
vt 0.729696 0.525307
vt 0.682025 0.522448
vt 0.735074 0.524576
vt 0.693814 0.524254
vt 0.741233 0.523551
vt 0.702391 0.525257
vt 0.725144 0.519048
vt 0.730470 0.518567
vt 0.680931 0.516839
vt 0.736154 0.517872
vt 0.692666 0.518170
vt 0.742513 0.516924
vt 0.701378 0.518909
vt 0.749952 0.515638
vt 0.708408 0.519296
vt 0.759096 0.513846
vt 0.714444 0.519438
vt 0.771180 0.511216
vt 0.719883 0.519327
vt 0.790343 0.507020
vt 0.639425 0.511383
vt 0.661854 0.514357
vt 0.812656 0.503011
vt 0.751412 0.508307
vt 0.760477 0.506869
vt 0.714075 0.511770
vt 0.772326 0.504842
vt 0.719958 0.511590
vt 0.791064 0.501581
vt 0.725631 0.511272
vt 0.639111 0.507015
vt 0.661026 0.508954
vt 0.813031 0.498681
vt 0.731340 0.510810
vt 0.679731 0.510534
vt 0.737335 0.510188
vt 0.691461 0.511285
vt 0.743900 0.509375
vt 0.700357 0.511659
vt 0.707674 0.511803
vt 0.678747 0.503566
vt 0.732198 0.502120
vt 0.738434 0.501594
vt 0.690503 0.503641
vt 0.745145 0.500953
vt 0.699619 0.503565
vt 0.752691 0.500158
vt 0.707168 0.503425
vt 0.761668 0.499146
vt 0.713871 0.503183
vt 0.773304 0.497801
vt 0.720146 0.502908
vt 0.791476 0.495583
vt 0.726177 0.502554
vt 0.639286 0.502445
vt 0.660484 0.503062
vt 0.812898 0.493933
vt 0.707040 0.494445
vt 0.714022 0.494017
vt 0.762304 0.490885
vt 0.773770 0.490309
vt 0.720509 0.493609
vt 0.791351 0.489376
vt 0.726733 0.493205
vt 0.639965 0.498134
vt 0.660381 0.497016
vt 0.812127 0.489253
vt 0.732905 0.492795
vt 0.678288 0.496154
vt 0.739233 0.492370
vt 0.690063 0.495475
vt 0.745960 0.491916
vt 0.699197 0.494892
vt 0.753450 0.491423
vt 0.733335 0.483312
vt 0.739582 0.482998
vt 0.678102 0.488605
vt 0.690081 0.487160
vt 0.746149 0.482724
vt 0.699454 0.486117
vt 0.753472 0.482544
vt 0.707410 0.485324
vt 0.762160 0.482499
vt 0.714481 0.484684
vt 0.773482 0.482698
vt 0.721003 0.484150
vt 0.791627 0.483212
vt 0.727216 0.483696
vt 0.639885 0.496951
vt 0.659852 0.490947
vt 0.811852 0.487962
vt 0.772888 0.475313
vt 0.715177 0.475686
vt 0.721550 0.475039
vt 0.791384 0.476987
vt 0.727555 0.474545
vt 0.638868 0.492774
vt 0.659785 0.484899
vt 0.812963 0.483588
vt 0.733429 0.474194
vt 0.678502 0.481300
vt 0.739360 0.473959
vt 0.690699 0.479123
vt 0.745731 0.473910
vt 0.700203 0.477620
vt 0.752897 0.474053
vt 0.708177 0.476522
vt 0.761508 0.474466
vt 0.744885 0.465881
vt 0.691635 0.471671
vt 0.701222 0.469757
vt 0.751830 0.466300
vt 0.709137 0.468402
vt 0.760347 0.467112
vt 0.715959 0.467407
vt 0.771801 0.468553
vt 0.722059 0.466674
vt 0.790697 0.471154
vt 0.727724 0.466156
vt 0.638293 0.488341
vt 0.660087 0.479241
vt 0.813430 0.478793
vt 0.733217 0.465837
vt 0.679218 0.474530
vt 0.738825 0.465743
vt 0.789835 0.465967
vt 0.722466 0.459270
vt 0.727762 0.458762
vt 0.638195 0.484077
vt 0.660493 0.474187
vt 0.813296 0.474006
vt 0.732866 0.458501
vt 0.679918 0.468407
vt 0.738108 0.458523
vt 0.692569 0.464927
vt 0.743856 0.458818
vt 0.702232 0.462678
vt 0.750594 0.459453
vt 0.710067 0.461136
vt 0.759051 0.460580
vt 0.716676 0.460042
vt 0.770626 0.462533
vt 0.693240 0.458877
vt 0.703005 0.456377
vt 0.749468 0.453476
vt 0.710787 0.454728
vt 0.757927 0.454819
vt 0.717215 0.453603
vt 0.769679 0.457194
vt 0.722731 0.452845
vt 0.789108 0.461462
vt 0.727705 0.452384
vt 0.638386 0.480316
vt 0.660732 0.469774
vt 0.812752 0.469703
vt 0.732467 0.452183
vt 0.680337 0.462909
vt 0.737384 0.452300
vt 0.742877 0.452703
vt 0.722822 0.447261
vt 0.727556 0.446857
vt 0.638598 0.477175
vt 0.660608 0.465944
vt 0.812131 0.466078
vt 0.788743 0.457550
vt 0.732072 0.446765
vt 0.680289 0.457957
vt 0.736772 0.446928
vt 0.693458 0.453433
vt 0.742108 0.447377
vt 0.703373 0.450747
vt 0.748643 0.448211
vt 0.711168 0.449056
vt 0.757185 0.449687
vt 0.717494 0.447961
vt 0.769163 0.452406
vt 0.748239 0.443437
vt 0.703206 0.445620
vt 0.711111 0.443925
vt 0.756961 0.445004
vt 0.717449 0.442900
vt 0.769208 0.448031
vt 0.722713 0.442289
vt 0.788868 0.454112
vt 0.727351 0.441985
vt 0.638606 0.474635
vt 0.660007 0.462615
vt 0.811728 0.463108
vt 0.731736 0.441957
vt 0.679642 0.453468
vt 0.736342 0.442146
vt 0.693078 0.448472
vt 0.741648 0.442595
vt 0.638254 0.472642
vt 0.658857 0.459713
vt 0.811744 0.460703
vt 0.789558 0.451035
vt 0.731463 0.437446
vt 0.678280 0.449366
vt 0.736140 0.437637
vt 0.691969 0.443847
vt 0.741574 0.438059
vt 0.702384 0.440794
vt 0.748348 0.438901
vt 0.710518 0.439081
vt 0.757368 0.440570
vt 0.717013 0.438131
vt 0.769916 0.443945
vt 0.722374 0.437629
vt 0.727027 0.437434
vt 0.709273 0.434233
vt 0.749132 0.434294
vt 0.758439 0.436164
vt 0.716064 0.433322
vt 0.771290 0.440000
vt 0.721683 0.432911
vt 0.790717 0.448152
vt 0.726593 0.432788
vt 0.636796 0.470250
vt 0.657206 0.457087
vt 0.812787 0.457561
vt 0.731274 0.432839
vt 0.676162 0.445536
vt 0.736204 0.433040
vt 0.690054 0.439376
vt 0.741959 0.433426
vt 0.700805 0.436026
vt 0.731176 0.427698
vt 0.673058 0.441941
vt 0.736654 0.427854
vt 0.687072 0.434940
vt 0.742902 0.428337
vt 0.698237 0.431098
vt 0.750571 0.429380
vt 0.707205 0.429071
vt 0.760394 0.431586
vt 0.714503 0.428086
vt 0.773568 0.436074
vt 0.720618 0.427683
vt 0.792590 0.445402
vt 0.726018 0.427595
vt 0.635349 0.469330
vt 0.654846 0.454746
vt 0.814118 0.456124
vt 0.752952 0.423786
vt 0.763428 0.426613
vt 0.712121 0.421954
vt 0.776887 0.432083
vt 0.719031 0.421414
vt 0.795227 0.442742
vt 0.725239 0.421283
vt 0.633557 0.468679
vt 0.651731 0.452683
vt 0.815910 0.454882
vt 0.731219 0.421402
vt 0.668825 0.438566
vt 0.737480 0.421687
vt 0.682787 0.430413
vt 0.744529 0.422368
vt 0.694412 0.425757
vt 0.704058 0.423222
vt 0.731351 0.413315
vt 0.738823 0.413846
vt 0.676902 0.425706
vt 0.747056 0.414975
vt 0.688952 0.419754
vt 0.756537 0.417118
vt 0.699454 0.416273
vt 0.767799 0.421025
vt 0.708593 0.414374
vt 0.781414 0.427950
vt 0.716687 0.413461
vt 0.798659 0.440148
vt 0.724129 0.413166
vt 0.631608 0.468242
vt 0.647840 0.450908
vt 0.817961 0.453799
vt 0.663303 0.435417
vt 0.773850 0.414600
vt 0.787340 0.423625
vt 0.713193 0.402984
vt 0.802874 0.437626
vt 0.722472 0.402304
vt 0.629710 0.467990
vt 0.643198 0.449448
vt 0.820036 0.452897
vt 0.731595 0.402423
vt 0.656325 0.432544
vt 0.740857 0.403554
vt 0.669048 0.420793
vt 0.750801 0.405467
vt 0.681336 0.412868
vt 0.761715 0.408909
vt 0.692819 0.407765
vt 0.703397 0.404671
vt 0.658781 0.415750
vt 0.743928 0.389342
vt 0.756330 0.392847
vt 0.670832 0.404947
vt 0.769089 0.398608
vt 0.683279 0.397207
vt 0.782053 0.407152
vt 0.695689 0.392004
vt 0.794858 0.419122
vt 0.707889 0.388864
vt 0.807815 0.435240
vt 0.719904 0.387445
vt 0.628093 0.467927
vt 0.637889 0.448365
vt 0.821876 0.452271
vt 0.731870 0.387587
vt 0.647761 0.430068
vt 0.699605 0.369491
vt 0.804155 0.414618
vt 0.813384 0.433147
vt 0.715711 0.366572
vt 0.626972 0.468074
vt 0.632065 0.447778
vt 0.823240 0.452058
vt 0.732114 0.366513
vt 0.637568 0.428242
vt 0.748593 0.369374
vt 0.645590 0.410876
vt 0.764538 0.375816
vt 0.656419 0.396036
vt 0.779570 0.385682
vt 0.669479 0.384139
vt 0.793068 0.398618
vt 0.684063 0.375312
vt 0.777086 0.352479
vt 0.636664 0.386653
vt 0.795609 0.368791
vt 0.649253 0.368291
vt 0.808068 0.389379
vt 0.666127 0.353277
vt 0.815392 0.410621
vt 0.686274 0.342578
vt 0.819454 0.431592
vt 0.708604 0.336789
vt 0.626493 0.468386
vt 0.625930 0.447860
vt 0.823935 0.452299
vt 0.732031 0.336313
vt 0.625871 0.427545
vt 0.755369 0.341477
vt 0.628968 0.406928
vt 0.823433 0.560641
vt 0.817843 0.539363
vt 0.823935 0.539901
vt 0.711901 0.649176
vt 0.729668 0.619731
vt 0.734910 0.650084
vt 0.629833 0.553931
vt 0.625732 0.532304
vt 0.636145 0.551971
vt 0.823892 0.519324
vt 0.746249 0.617555
vt 0.757607 0.645545
vt 0.633469 0.575403
vt 0.645130 0.570469
vt 0.762588 0.612168
vt 0.778702 0.635692
vt 0.655805 0.586150
vt 0.641071 0.596542
vt 0.778079 0.603426
vt 0.796820 0.621015
vt 0.668391 0.598757
vt 0.653379 0.615684
vt 0.791956 0.591353
vt 0.810683 0.602532
vt 0.682379 0.608381
vt 0.669911 0.631471
vt 0.803414 0.576264
vt 0.819496 0.581821
vt 0.697338 0.615201
vt 0.689801 0.642888
vt 0.811911 0.558767
vt 0.713273 0.618895
vt 0.666933 0.576964
vt 0.679139 0.585267
vt 0.778154 0.581052
vt 0.691166 0.591060
vt 0.790579 0.570160
vt 0.703039 0.594856
vt 0.801859 0.555977
vt 0.714795 0.597329
vt 0.812060 0.538209
vt 0.726885 0.597969
vt 0.626541 0.532619
vt 0.641945 0.549492
vt 0.823373 0.519590
vt 0.739308 0.596975
vt 0.654656 0.565371
vt 0.752107 0.594075
vt 0.765161 0.588902
vt 0.725392 0.582168
vt 0.628100 0.532224
vt 0.647166 0.546794
vt 0.822243 0.519602
vt 0.806767 0.536637
vt 0.734968 0.581772
vt 0.662486 0.560481
vt 0.745181 0.580243
vt 0.675469 0.569145
vt 0.756193 0.577187
vt 0.687000 0.574665
vt 0.768026 0.572061
vt 0.697386 0.578183
vt 0.780524 0.564186
vt 0.706996 0.580393
vt 0.793371 0.552750
vt 0.716203 0.581665
vt 0.760654 0.564388
vt 0.692767 0.566269
vt 0.701878 0.568410
vt 0.772791 0.558601
vt 0.709878 0.569639
vt 0.786418 0.549333
vt 0.717289 0.570310
vt 0.802107 0.534788
vt 0.724578 0.570630
vt 0.630170 0.531368
vt 0.651701 0.544054
vt 0.820630 0.519337
vt 0.732211 0.570477
vt 0.668771 0.555943
vt 0.740563 0.569658
vt 0.681958 0.562531
vt 0.749960 0.567811
vt 0.818727 0.518852
vt 0.798177 0.532732
vt 0.730446 0.561946
vt 0.655468 0.541335
vt 0.673670 0.551724
vt 0.737484 0.561456
vt 0.686797 0.556867
vt 0.745661 0.560257
vt 0.696942 0.559499
vt 0.755367 0.557845
vt 0.705085 0.560841
vt 0.766978 0.553445
vt 0.711950 0.561511
vt 0.780895 0.545823
vt 0.718122 0.561816
vt 0.724131 0.562042
vt 0.632514 0.530239
vt 0.762742 0.548657
vt 0.707319 0.554801
vt 0.713404 0.555198
vt 0.776655 0.542245
vt 0.718760 0.555346
vt 0.795016 0.530493
vt 0.723913 0.555362
vt 0.634865 0.528981
vt 0.658437 0.538626
vt 0.816754 0.518194
vt 0.729333 0.555289
vt 0.677355 0.547733
vt 0.735467 0.554928
vt 0.690293 0.551897
vt 0.742760 0.554034
vt 0.699884 0.553880
vt 0.751677 0.552180
vt 0.660627 0.535885
vt 0.679987 0.543867
vt 0.734222 0.549509
vt 0.692687 0.547383
vt 0.740905 0.548709
vt 0.701859 0.549010
vt 0.749228 0.547122
vt 0.708806 0.549747
vt 0.759803 0.544128
vt 0.714390 0.550031
vt 0.773548 0.538583
vt 0.719223 0.550087
vt 0.792617 0.528070
vt 0.723816 0.550005
vt 0.636981 0.527635
vt 0.814919 0.517367
vt 0.728683 0.549882
vt 0.638664 0.526170
vt 0.813406 0.516336
vt 0.702254 0.913910
vt 0.691764 0.916160
vt 0.702045 0.912840
vt 0.672840 0.920783
vt 0.671483 0.919685
vt 0.672879 0.919654
vt 0.644998 0.916061
vt 0.633591 0.912108
vt 0.645151 0.914981
vt 0.713496 0.909290
vt 0.674259 0.920737
vt 0.674315 0.919563
vt 0.655371 0.917535
vt 0.655226 0.918910
vt 0.675959 0.920642
vt 0.676013 0.919395
vt 0.661304 0.918687
vt 0.661242 0.920082
vt 0.678184 0.920453
vt 0.678217 0.919117
vt 0.665209 0.919221
vt 0.665201 0.920562
vt 0.681248 0.920069
vt 0.681230 0.918648
vt 0.667926 0.919490
vt 0.667940 0.920754
vt 0.685596 0.919273
vt 0.685493 0.917807
vt 0.669914 0.919626
vt 0.669929 0.920820
vt 0.691976 0.917575
vt 0.671482 0.920829
vt 0.685819 0.916157
vt 0.691994 0.914551
vt 0.671411 0.918329
vt 0.702207 0.911568
vt 0.672931 0.918325
vt 0.633273 0.911168
vt 0.644931 0.913715
vt 0.713758 0.908400
vt 0.674476 0.918197
vt 0.655086 0.915981
vt 0.676269 0.917967
vt 0.660963 0.917119
vt 0.678541 0.917607
vt 0.664879 0.917712
vt 0.681584 0.917055
vt 0.667653 0.918050
vt 0.669730 0.918244
vt 0.660233 0.915249
vt 0.676725 0.916148
vt 0.679153 0.915737
vt 0.664216 0.915870
vt 0.682297 0.915130
vt 0.667125 0.916248
vt 0.686553 0.914200
vt 0.669379 0.916470
vt 0.692642 0.912668
vt 0.671261 0.916570
vt 0.702744 0.910020
vt 0.672985 0.916557
vt 0.632560 0.909940
vt 0.644329 0.912181
vt 0.714395 0.907218
vt 0.674741 0.916414
vt 0.654391 0.914162
vt 0.671037 0.914178
vt 0.693686 0.910408
vt 0.703647 0.908082
vt 0.673061 0.914149
vt 0.631560 0.908308
vt 0.643356 0.910258
vt 0.715317 0.905644
vt 0.675121 0.913998
vt 0.653304 0.911966
vt 0.677387 0.913727
vt 0.659128 0.912931
vt 0.680052 0.913312
vt 0.663228 0.913521
vt 0.683361 0.912703
vt 0.666345 0.913883
vt 0.687676 0.911798
vt 0.668863 0.914092
vt 0.678245 0.910499
vt 0.681213 0.910132
vt 0.661961 0.910467
vt 0.684734 0.909591
vt 0.665347 0.910747
vt 0.689137 0.908796
vt 0.668205 0.910898
vt 0.695078 0.907615
vt 0.670756 0.910952
vt 0.704839 0.905593
vt 0.673166 0.910873
vt 0.630471 0.906092
vt 0.642095 0.907776
vt 0.716348 0.903509
vt 0.675618 0.910739
vt 0.651872 0.909227
vt 0.657700 0.909995
vt 0.696664 0.904074
vt 0.706070 0.902374
vt 0.670468 0.906679
vt 0.673325 0.906608
vt 0.629661 0.903194
vt 0.640812 0.904562
vt 0.717147 0.900683
vt 0.676206 0.906485
vt 0.650259 0.905726
vt 0.679229 0.906297
vt 0.656114 0.906236
vt 0.682526 0.906018
vt 0.660563 0.906513
vt 0.686278 0.905606
vt 0.664254 0.906651
vt 0.690782 0.904996
vt 0.667494 0.906698
vt 0.659396 0.901568
vt 0.683708 0.900904
vt 0.687645 0.900633
vt 0.663359 0.901553
vt 0.692223 0.900235
vt 0.666938 0.901501
vt 0.698026 0.899626
vt 0.670268 0.901409
vt 0.706883 0.898442
vt 0.673523 0.901330
vt 0.629558 0.899965
vt 0.639959 0.900661
vt 0.717277 0.897449
vt 0.676781 0.901227
vt 0.648902 0.901324
vt 0.680140 0.901092
vt 0.654773 0.901515
vt 0.670300 0.895491
vt 0.673738 0.895387
vt 0.630193 0.897116
vt 0.639854 0.896550
vt 0.716655 0.894540
vt 0.706929 0.894262
vt 0.677161 0.895283
vt 0.648419 0.896301
vt 0.680664 0.895178
vt 0.654267 0.896087
vt 0.684304 0.895042
vt 0.658958 0.895904
vt 0.688271 0.894890
vt 0.663036 0.895745
vt 0.692820 0.894715
vt 0.666753 0.895601
vt 0.698507 0.894508
vt 0.687937 0.889083
vt 0.659382 0.890185
vt 0.663457 0.889899
vt 0.692450 0.889151
vt 0.667138 0.889688
vt 0.698181 0.889373
vt 0.670583 0.889525
vt 0.706967 0.890094
vt 0.673899 0.889391
vt 0.630162 0.896270
vt 0.639743 0.892425
vt 0.716597 0.893664
vt 0.677183 0.889279
vt 0.648686 0.891212
vt 0.680507 0.889165
vt 0.654648 0.890592
vt 0.684049 0.889099
vt 0.717377 0.890781
vt 0.706195 0.886054
vt 0.673966 0.883994
vt 0.676867 0.883851
vt 0.640387 0.888456
vt 0.649855 0.886669
vt 0.679865 0.883805
vt 0.655886 0.885724
vt 0.683093 0.883832
vt 0.660546 0.885103
vt 0.686737 0.883966
vt 0.664445 0.884676
vt 0.691105 0.884260
vt 0.667871 0.884372
vt 0.696853 0.884809
vt 0.671000 0.884151
vt 0.629443 0.893490
vt 0.689435 0.880377
vt 0.665604 0.880394
vt 0.668694 0.880001
vt 0.695185 0.881184
vt 0.671423 0.879725
vt 0.704904 0.882701
vt 0.673949 0.879545
vt 0.629401 0.890336
vt 0.641497 0.885135
vt 0.717381 0.887420
vt 0.676422 0.879458
vt 0.651329 0.882987
vt 0.679007 0.879472
vt 0.657402 0.881765
vt 0.681868 0.879602
vt 0.661946 0.880952
vt 0.685228 0.879883
vt 0.642627 0.882537
vt 0.652665 0.880059
vt 0.678191 0.876161
vt 0.658790 0.878610
vt 0.680722 0.876367
vt 0.663228 0.877675
vt 0.683830 0.876742
vt 0.666653 0.877045
vt 0.687902 0.877363
vt 0.669423 0.876608
vt 0.693674 0.878368
vt 0.671777 0.876312
vt 0.703587 0.880124
vt 0.673905 0.876139
vt 0.630035 0.887481
vt 0.716586 0.884350
vt 0.675984 0.876090
vt 0.667471 0.874477
vt 0.669984 0.874049
vt 0.692509 0.876122
vt 0.672040 0.873769
vt 0.702547 0.878142
vt 0.673854 0.873617
vt 0.630961 0.885272
vt 0.643504 0.880510
vt 0.715449 0.882012
vt 0.675622 0.873599
vt 0.653680 0.877688
vt 0.677532 0.873700
vt 0.659872 0.876081
vt 0.679804 0.873933
vt 0.664232 0.875109
vt 0.682718 0.874333
vt 0.686694 0.874991
vt 0.677058 0.871870
vt 0.654314 0.875722
vt 0.660580 0.874025
vt 0.679154 0.872084
vt 0.664902 0.873079
vt 0.681943 0.872450
vt 0.668021 0.872498
vt 0.685867 0.873080
vt 0.670359 0.872124
vt 0.691740 0.874267
vt 0.672209 0.871889
vt 0.701884 0.876568
vt 0.673804 0.871765
vt 0.631831 0.883629
vt 0.644031 0.878895
vt 0.714384 0.880307
vt 0.675354 0.871768
vt 0.691385 0.872683
vt 0.670546 0.870625
vt 0.672284 0.870454
vt 0.701607 0.875274
vt 0.673754 0.870366
vt 0.632450 0.882395
vt 0.644190 0.877579
vt 0.713606 0.879035
vt 0.675174 0.870381
vt 0.654536 0.874054
vt 0.676764 0.870455
vt 0.660887 0.872309
vt 0.678773 0.870614
vt 0.665221 0.871415
vt 0.681510 0.870909
vt 0.668294 0.870917
vt 0.685437 0.871480
vt 0.654319 0.872608
vt 0.660769 0.870809
vt 0.678657 0.869326
vt 0.665173 0.869961
vt 0.681422 0.869543
vt 0.668278 0.869549
vt 0.685414 0.870056
vt 0.670535 0.869346
vt 0.691461 0.871279
vt 0.672259 0.869248
vt 0.701709 0.874172
vt 0.673697 0.869204
vt 0.632715 0.881470
vt 0.643983 0.876484
vt 0.713223 0.878066
vt 0.675074 0.869219
vt 0.676646 0.869241
vt 0.672091 0.868044
vt 0.691976 0.869958
vt 0.702156 0.873168
vt 0.673605 0.868039
vt 0.632261 0.880441
vt 0.643428 0.875523
vt 0.713562 0.876898
vt 0.675073 0.868035
vt 0.653642 0.871292
vt 0.676722 0.868011
vt 0.660201 0.869392
vt 0.678819 0.868032
vt 0.664731 0.868553
vt 0.681688 0.868186
vt 0.667946 0.868203
vt 0.685804 0.868672
vt 0.670292 0.868077
vt 0.677000 0.866534
vt 0.679298 0.866527
vt 0.663805 0.867033
vt 0.682377 0.866666
vt 0.667231 0.866685
vt 0.686700 0.867194
vt 0.669782 0.866592
vt 0.693023 0.868633
vt 0.671779 0.866595
vt 0.703035 0.872209
vt 0.673483 0.866615
vt 0.631453 0.880083
vt 0.642441 0.874660
vt 0.714362 0.876409
vt 0.675151 0.866573
vt 0.652407 0.870042
vt 0.659077 0.867946
vt 0.694680 0.867252
vt 0.704394 0.871265
vt 0.673324 0.864613
vt 0.630380 0.879815
vt 0.640975 0.873878
vt 0.715467 0.875975
vt 0.675331 0.864583
vt 0.650534 0.868827
vt 0.677528 0.864552
vt 0.657274 0.866377
vt 0.680174 0.864580
vt 0.662263 0.865245
vt 0.683592 0.864803
vt 0.666018 0.864779
vt 0.688212 0.865504
vt 0.668918 0.864630
vt 0.671267 0.864608
vt 0.681585 0.861901
vt 0.685500 0.862381
vt 0.664116 0.862227
vt 0.690496 0.863474
vt 0.667547 0.861870
vt 0.697053 0.865760
vt 0.670457 0.861726
vt 0.706272 0.870300
vt 0.673079 0.861683
vt 0.629162 0.879575
vt 0.638997 0.873155
vt 0.716748 0.875531
vt 0.675640 0.861675
vt 0.647918 0.867615
vt 0.678394 0.861722
vt 0.654618 0.864597
vt 0.659904 0.863013
vt 0.627929 0.879316
vt 0.636502 0.872463
vt 0.718058 0.875037
vt 0.708670 0.869269
vt 0.672689 0.857237
vt 0.676131 0.857346
vt 0.644419 0.866372
vt 0.679750 0.857555
vt 0.650882 0.862520
vt 0.683757 0.858090
vt 0.656427 0.860138
vt 0.688353 0.859121
vt 0.661214 0.858705
vt 0.693767 0.860952
vt 0.665402 0.857875
vt 0.700279 0.864080
vt 0.669165 0.857429
vt 0.656824 0.853781
vt 0.692523 0.854644
vt 0.698307 0.857738
vt 0.662038 0.852029
vt 0.704488 0.862119
vt 0.667078 0.850972
vt 0.711536 0.868143
vt 0.672000 0.850515
vt 0.626846 0.879055
vt 0.633539 0.871779
vt 0.719215 0.874540
vt 0.676866 0.850621
vt 0.639912 0.865053
vt 0.681853 0.851267
vt 0.645765 0.860042
vt 0.687054 0.852559
vt 0.651401 0.856379
vt 0.677981 0.840132
vt 0.634340 0.863651
vt 0.685101 0.841775
vt 0.638922 0.857085
vt 0.692038 0.844470
vt 0.644219 0.851475
vt 0.698549 0.848466
vt 0.650185 0.846902
vt 0.704462 0.853629
vt 0.656693 0.843434
vt 0.709748 0.859829
vt 0.663596 0.841125
vt 0.714763 0.866971
vt 0.670742 0.840014
vt 0.626087 0.878901
vt 0.630218 0.871140
vt 0.720044 0.874210
vt 0.707376 0.840121
vt 0.712696 0.848640
vt 0.648056 0.830896
vt 0.716071 0.857382
vt 0.657610 0.826177
vt 0.718244 0.865912
vt 0.668248 0.823698
vt 0.625732 0.878946
vt 0.626672 0.870674
vt 0.720465 0.874182
vt 0.679408 0.823748
vt 0.627756 0.862349
vt 0.690460 0.826539
vt 0.629977 0.853803
vt 0.699924 0.832535
vt 0.634004 0.845297
vt 0.640070 0.837448
vt 0.630033 0.933028
vt 0.631487 0.923421
vt 0.636387 0.930405
vt 0.686480 0.965268
vt 0.688498 0.947790
vt 0.696466 0.960875
vt 0.633206 0.941521
vt 0.641455 0.936395
vt 0.695341 0.944383
vt 0.704972 0.954408
vt 0.638139 0.949760
vt 0.647048 0.941417
vt 0.701618 0.939735
vt 0.711519 0.946424
vt 0.645036 0.957214
vt 0.653201 0.945418
vt 0.707136 0.933969
vt 0.715896 0.937656
vt 0.653901 0.963345
vt 0.659836 0.948287
vt 0.711826 0.927253
vt 0.718312 0.928838
vt 0.666771 0.950220
vt 0.664552 0.966610
vt 0.715976 0.919715
vt 0.719477 0.920331
vt 0.674004 0.950698
vt 0.675627 0.967236
vt 0.627972 0.924594
vt 0.625834 0.916253
vt 0.720465 0.912036
vt 0.681313 0.949896
vt 0.658512 0.937386
vt 0.663553 0.938796
vt 0.706322 0.925610
vt 0.668462 0.939594
vt 0.712691 0.918939
vt 0.673340 0.940012
vt 0.626282 0.916171
vt 0.634770 0.922156
vt 0.720110 0.912070
vt 0.678378 0.939708
vt 0.641721 0.928018
vt 0.683592 0.938766
vt 0.647713 0.932243
vt 0.689013 0.937057
vt 0.653263 0.935266
vt 0.694632 0.934426
vt 0.700408 0.930683
vt 0.680513 0.932598
vt 0.646024 0.926024
vt 0.652382 0.929041
vt 0.684826 0.931807
vt 0.657629 0.930835
vt 0.689731 0.930367
vt 0.662087 0.931902
vt 0.695359 0.927956
vt 0.666005 0.932530
vt 0.701848 0.924104
vt 0.669603 0.932880
vt 0.709749 0.918138
vt 0.673075 0.933019
vt 0.627154 0.915766
vt 0.637710 0.920970
vt 0.719367 0.911888
vt 0.676647 0.932956
vt 0.698363 0.922726
vt 0.667625 0.928339
vt 0.670364 0.928440
vt 0.707258 0.917354
vt 0.672943 0.928484
vt 0.628375 0.915192
vt 0.640186 0.919912
vt 0.718307 0.911580
vt 0.675599 0.928493
vt 0.649340 0.924346
vt 0.678564 0.928393
vt 0.655775 0.926553
vt 0.682064 0.928061
vt 0.660657 0.927619
vt 0.686339 0.927283
vt 0.664486 0.928115
vt 0.691663 0.925703
vt 0.680261 0.925363
vt 0.658169 0.924558
vt 0.662710 0.925232
vt 0.684041 0.924913
vt 0.666071 0.925453
vt 0.689037 0.923807
vt 0.668682 0.925492
vt 0.695752 0.921426
vt 0.670864 0.925481
vt 0.705277 0.916568
vt 0.672877 0.925474
vt 0.629756 0.914645
vt 0.642135 0.918940
vt 0.717088 0.911266
vt 0.674952 0.925500
vt 0.651793 0.922872
vt 0.677330 0.925496
vt 0.703806 0.915748
vt 0.671185 0.923458
vt 0.672845 0.923424
vt 0.631102 0.914173
vt 0.643559 0.918001
vt 0.715874 0.910977
vt 0.674560 0.923441
vt 0.653523 0.921514
vt 0.676566 0.923449
vt 0.659779 0.922897
vt 0.679122 0.923367
vt 0.664046 0.923397
vt 0.682546 0.923039
vt 0.667083 0.923521
vt 0.687254 0.922166
vt 0.669353 0.923505
vt 0.693883 0.920158
vt 0.660766 0.921444
vt 0.664839 0.921899
vt 0.681657 0.921478
vt 0.667676 0.922031
vt 0.686148 0.920688
vt 0.669748 0.922036
vt 0.692651 0.918886
vt 0.671381 0.922001
vt 0.702812 0.914869
vt 0.672835 0.921956
vt 0.632266 0.913728
vt 0.644497 0.917053
vt 0.714797 0.910675
vt 0.674343 0.921948
vt 0.654641 0.920212
vt 0.676134 0.921918
vt 0.678466 0.921803
vt 0.633123 0.913240
vt 0.713977 0.910300
s 0
usemtl マテリアル
f 475/1/1 7/2/1 8/3/1
f 5/4/2 16/5/2 478/6/2
f 1/7/3 8/3/3 9/8/3
f 478/6/4 17/9/4 6/10/4
f 476/11/5 9/8/5 10/12/5
f 6/10/6 18/13/6 479/14/6
f 2/15/7 10/12/7 11/16/7
f 479/14/8 19/17/8 480/18/8
f 477/19/9 11/16/9 12/20/9
f 480/18/10 20/21/10 481/22/10
f 3/23/11 12/20/11 13/24/11
f 481/22/12 21/25/12 482/26/12
f 3/23/13 14/27/13 4/28/13
f 474/29/14 82/30/14 7/2/14
f 308/31/15 482/26/15 21/25/15
f 4/28/16 15/32/16 5/4/16
f 7/2/17 82/33/17 22/34/17
f 308/35/18 21/25/18 36/36/18
f 14/27/19 30/37/19 15/32/19
f 7/2/20 23/38/20 8/3/20
f 15/32/21 31/39/21 16/5/21
f 8/3/22 24/40/22 9/8/22
f 16/5/23 32/41/23 17/9/23
f 9/8/24 25/42/24 10/12/24
f 17/9/25 33/43/25 18/13/25
f 10/12/26 26/44/26 11/16/26
f 19/17/27 33/43/27 34/45/27
f 11/16/28 27/46/28 12/20/28
f 20/21/29 34/45/29 35/47/29
f 13/24/30 27/46/30 28/48/30
f 20/21/31 36/36/31 21/25/31
f 13/24/32 29/49/32 14/27/32
f 25/42/33 41/50/33 26/44/33
f 34/45/34 48/51/34 49/52/34
f 26/44/35 42/53/35 27/46/35
f 34/45/36 50/54/36 35/47/36
f 27/46/37 43/55/37 28/48/37
f 35/47/38 51/56/38 36/36/38
f 28/48/39 44/57/39 29/49/39
f 22/34/40 82/58/40 37/59/40
f 308/60/41 36/36/41 51/56/41
f 30/37/42 44/57/42 45/61/42
f 22/34/43 38/62/43 23/38/43
f 30/37/44 46/63/44 31/39/44
f 23/38/45 39/64/45 24/40/45
f 32/41/46 46/63/46 47/65/46
f 24/40/47 40/66/47 25/42/47
f 33/43/48 47/65/48 48/51/48
f 44/57/49 60/67/49 45/61/49
f 37/59/50 53/68/50 38/62/50
f 45/61/51 61/69/51 46/63/51
f 38/62/52 54/70/52 39/64/52
f 47/65/53 61/69/53 62/71/53
f 39/64/54 55/72/54 40/66/54
f 47/65/55 63/73/55 48/51/55
f 40/66/56 56/74/56 41/50/56
f 48/51/57 64/75/57 49/52/57
f 41/50/58 57/76/58 42/53/58
f 49/52/59 65/77/59 50/54/59
f 43/55/60 57/76/60 58/78/60
f 50/54/61 66/79/61 51/56/61
f 44/57/62 58/78/62 59/80/62
f 37/59/63 82/81/63 52/82/63
f 308/83/64 51/56/64 66/79/64
f 63/73/65 79/84/65 64/75/65
f 56/74/66 72/85/66 57/76/66
f 65/77/67 79/84/67 80/86/67
f 58/78/68 72/85/68 73/87/68
f 65/77/69 81/88/69 66/79/69
f 59/80/70 73/87/70 74/89/70
f 52/82/71 82/90/71 67/91/71
f 308/92/72 66/79/72 81/88/72
f 59/80/73 75/93/73 60/67/73
f 52/82/74 68/94/74 53/68/74
f 60/67/75 76/95/75 61/69/75
f 53/68/76 69/96/76 54/70/76
f 62/71/77 76/95/77 77/97/77
f 54/70/78 70/98/78 55/72/78
f 62/71/79 78/99/79 63/73/79
f 56/74/80 70/98/80 71/100/80
f 67/91/81 84/101/81 68/94/81
f 75/93/82 92/102/82 76/95/82
f 68/94/83 85/103/83 69/96/83
f 77/97/84 92/102/84 93/104/84
f 69/96/85 86/105/85 70/98/85
f 77/97/86 94/106/86 78/99/86
f 71/100/87 86/105/87 87/107/87
f 78/99/88 95/108/88 79/84/88
f 71/100/89 88/109/89 72/85/89
f 79/84/90 96/110/90 80/86/90
f 73/87/91 88/109/91 89/111/91
f 81/88/92 96/110/92 97/112/92
f 74/89/93 89/111/93 90/113/93
f 67/91/94 82/114/94 83/115/94
f 308/116/95 81/88/95 97/112/95
f 74/89/96 91/117/96 75/93/96
f 87/107/97 103/118/97 88/109/97
f 96/110/98 110/119/98 111/120/98
f 89/111/99 103/118/99 104/121/99
f 96/110/100 112/122/100 97/112/100
f 90/113/101 104/121/101 105/123/101
f 83/115/102 82/124/102 98/125/102
f 308/126/103 97/112/103 112/122/103
f 90/113/104 106/127/104 91/117/104
f 84/101/105 98/125/105 99/128/105
f 91/117/106 107/129/106 92/102/106
f 84/101/107 100/130/107 85/103/107
f 93/104/108 107/129/108 108/131/108
f 85/103/109 101/132/109 86/105/109
f 93/104/110 109/133/110 94/106/110
f 87/107/111 101/132/111 102/134/111
f 95/108/112 109/133/112 110/119/112
f 106/127/113 122/135/113 107/129/113
f 99/128/114 115/136/114 100/130/114
f 108/131/115 122/135/115 123/137/115
f 100/130/116 116/138/116 101/132/116
f 108/131/117 124/139/117 109/133/117
f 102/134/118 116/138/118 117/140/118
f 110/119/119 124/139/119 125/141/119
f 102/134/120 118/142/120 103/118/120
f 110/119/121 126/143/121 111/120/121
f 104/121/122 118/142/122 119/144/122
f 111/120/123 127/145/123 112/122/123
f 105/123/124 119/144/124 120/146/124
f 98/125/125 82/147/125 113/148/125
f 308/149/126 112/122/126 127/145/126
f 105/123/127 121/150/127 106/127/127
f 99/128/128 113/148/128 114/151/128
f 125/141/129 141/152/129 126/143/129
f 119/144/130 133/153/130 134/154/130
f 126/143/131 142/155/131 127/145/131
f 120/146/132 134/154/132 135/156/132
f 113/148/133 82/157/133 128/158/133
f 308/159/134 127/145/134 142/155/134
f 120/146/135 136/160/135 121/150/135
f 113/148/136 129/161/136 114/151/136
f 121/150/137 137/162/137 122/135/137
f 114/151/138 130/163/138 115/136/138
f 123/137/139 137/162/139 138/164/139
f 115/136/140 131/165/140 116/138/140
f 123/137/141 139/166/141 124/139/141
f 117/140/142 131/165/142 132/167/142
f 125/141/143 139/166/143 140/168/143
f 117/140/144 133/153/144 118/142/144
f 138/164/145 152/169/145 153/170/145
f 130/163/146 146/171/146 131/165/146
f 138/164/147 154/172/147 139/166/147
f 132/167/148 146/171/148 147/173/148
f 140/168/149 154/172/149 155/174/149
f 132/167/150 148/175/150 133/153/150
f 140/168/151 156/176/151 141/152/151
f 134/154/152 148/175/152 149/177/152
f 142/155/153 156/176/153 157/178/153
f 135/156/154 149/177/154 150/179/154
f 128/158/155 82/180/155 143/181/155
f 308/182/156 142/155/156 157/178/156
f 135/156/157 151/183/157 136/160/157
f 128/158/158 144/184/158 129/161/158
f 136/160/159 152/169/159 137/162/159
f 130/163/160 144/184/160 145/185/160
f 156/176/161 172/186/161 157/178/161
f 150/179/162 164/187/162 165/188/162
f 143/181/163 82/189/163 158/190/163
f 308/191/164 157/178/164 172/186/164
f 150/179/165 166/192/165 151/183/165
f 143/181/166 159/193/166 144/184/166
f 151/183/167 167/194/167 152/169/167
f 145/185/168 159/193/168 160/195/168
f 153/170/169 167/194/169 168/196/169
f 145/185/170 161/197/170 146/171/170
f 153/170/171 169/198/171 154/172/171
f 147/173/172 161/197/172 162/199/172
f 155/174/173 169/198/173 170/200/173
f 147/173/174 163/201/174 148/175/174
f 155/174/175 171/202/175 156/176/175
f 149/177/176 163/201/176 164/187/176
f 160/195/177 176/203/177 161/197/177
f 168/196/178 184/204/178 169/198/178
f 162/199/179 176/203/179 177/205/179
f 169/198/180 185/206/180 170/200/180
f 162/199/181 178/207/181 163/201/181
f 171/202/182 185/206/182 186/208/182
f 164/187/183 178/207/183 179/209/183
f 172/186/184 186/208/184 187/210/184
f 165/188/185 179/209/185 180/211/185
f 158/190/186 82/212/186 173/213/186
f 308/214/187 172/186/187 187/210/187
f 165/188/188 181/215/188 166/192/188
f 158/190/189 174/216/189 159/193/189
f 166/192/190 182/217/190 167/194/190
f 159/193/191 175/218/191 160/195/191
f 168/196/192 182/217/192 183/219/192
f 180/211/193 194/220/193 195/221/193
f 173/213/194 82/222/194 188/223/194
f 308/224/195 187/210/195 202/225/195
f 180/211/196 196/226/196 181/215/196
f 174/216/197 188/223/197 189/227/197
f 181/215/198 197/228/198 182/217/198
f 175/218/199 189/227/199 190/229/199
f 183/219/200 197/228/200 198/230/200
f 175/218/201 191/231/201 176/203/201
f 183/219/202 199/232/202 184/204/202
f 177/205/203 191/231/203 192/233/203
f 185/206/204 199/232/204 200/234/204
f 177/205/205 193/235/205 178/207/205
f 185/206/206 201/236/206 186/208/206
f 179/209/207 193/235/207 194/220/207
f 186/208/208 202/225/208 187/210/208
f 198/230/209 214/237/209 199/232/209
f 192/233/210 206/238/210 207/239/210
f 200/234/211 214/237/211 215/240/211
f 192/233/212 208/241/212 193/235/212
f 200/234/213 216/242/213 201/236/213
f 194/220/214 208/241/214 209/243/214
f 201/236/215 217/244/215 202/225/215
f 195/221/216 209/243/216 210/245/216
f 188/223/217 82/246/217 203/247/217
f 308/248/218 202/225/218 217/244/218
f 195/221/219 211/249/219 196/226/219
f 188/223/220 204/250/220 189/227/220
f 196/226/221 212/251/221 197/228/221
f 189/227/222 205/252/222 190/229/222
f 198/230/223 212/251/223 213/253/223
f 190/229/224 206/238/224 191/231/224
f 203/247/225 82/254/225 218/255/225
f 308/256/226 217/244/226 232/257/226
f 210/245/227 226/258/227 211/249/227
f 203/247/228 219/259/228 204/250/228
f 211/249/229 227/260/229 212/251/229
f 204/250/230 220/261/230 205/252/230
f 213/253/231 227/260/231 228/262/231
f 205/252/232 221/263/232 206/238/232
f 213/253/233 229/264/233 214/237/233
f 207/239/234 221/263/234 222/265/234
f 215/240/235 229/264/235 230/266/235
f 207/239/236 223/267/236 208/241/236
f 215/240/237 231/268/237 216/242/237
f 209/243/238 223/267/238 224/269/238
f 216/242/239 232/257/239 217/244/239
f 210/245/240 224/269/240 225/270/240
f 222/265/241 236/271/241 237/272/241
f 230/266/242 244/273/242 245/274/242
f 222/265/243 238/275/243 223/267/243
f 230/266/244 246/276/244 231/268/244
f 224/269/245 238/275/245 239/277/245
f 232/257/246 246/276/246 247/278/246
f 225/270/247 239/277/247 240/279/247
f 218/255/248 82/280/248 233/281/248
f 308/282/249 232/257/249 247/278/249
f 225/270/250 241/283/250 226/258/250
f 218/255/251 234/284/251 219/259/251
f 226/258/252 242/285/252 227/260/252
f 220/261/253 234/284/253 235/286/253
f 228/262/254 242/285/254 243/287/254
f 220/261/255 236/271/255 221/263/255
f 228/262/256 244/273/256 229/264/256
f 240/279/257 256/288/257 241/283/257
f 233/281/258 249/289/258 234/284/258
f 241/283/259 257/290/259 242/285/259
f 234/284/260 250/291/260 235/286/260
f 243/287/261 257/290/261 258/292/261
f 235/286/262 251/293/262 236/271/262
f 243/287/263 259/294/263 244/273/263
f 237/272/264 251/293/264 252/295/264
f 245/274/265 259/294/265 260/296/265
f 237/272/266 253/297/266 238/275/266
f 245/274/267 261/298/267 246/276/267
f 239/277/268 253/297/268 254/299/268
f 246/276/269 262/300/269 247/278/269
f 240/279/270 254/299/270 255/301/270
f 233/281/271 82/302/271 248/303/271
f 308/304/272 247/278/272 262/300/272
f 260/296/273 274/305/273 275/306/273
f 252/295/274 268/307/274 253/297/274
f 260/296/275 276/308/275 261/298/275
f 254/299/276 268/307/276 269/309/276
f 261/298/277 277/310/277 262/300/277
f 255/301/278 269/309/278 270/311/278
f 248/303/279 82/312/279 263/313/279
f 308/314/280 262/300/280 277/310/280
f 255/301/281 271/315/281 256/288/281
f 249/289/282 263/313/282 264/316/282
f 256/288/283 272/317/283 257/290/283
f 249/289/284 265/318/284 250/291/284
f 258/292/285 272/317/285 273/319/285
f 250/291/286 266/320/286 251/293/286
f 258/292/287 274/305/287 259/294/287
f 252/295/288 266/320/288 267/321/288
f 271/315/289 287/322/289 272/317/289
f 264/316/290 280/323/290 265/318/290
f 273/319/291 287/322/291 288/324/291
f 265/318/292 281/325/292 266/320/292
f 273/319/293 289/326/293 274/305/293
f 267/321/294 281/325/294 282/327/294
f 275/306/295 289/326/295 290/328/295
f 267/321/296 283/329/296 268/307/296
f 275/306/297 291/330/297 276/308/297
f 269/309/298 283/329/298 284/331/298
f 277/310/299 291/330/299 292/332/299
f 270/311/300 284/331/300 285/333/300
f 263/313/301 82/334/301 278/335/301
f 308/336/302 277/310/302 292/332/302
f 270/311/303 286/337/303 271/315/303
f 264/316/304 278/335/304 279/338/304
f 290/328/305 306/339/305 291/330/305
f 284/331/306 298/340/306 299/341/306
f 292/332/307 306/339/307 307/342/307
f 285/333/308 299/341/308 300/343/308
f 278/335/309 82/344/309 293/345/309
f 308/346/310 292/332/310 307/342/310
f 285/333/311 301/347/311 286/337/311
f 278/335/312 294/348/312 279/338/312
f 286/337/313 302/349/313 287/322/313
f 279/338/314 295/350/314 280/323/314
f 288/324/315 302/349/315 303/351/315
f 280/323/316 296/352/316 281/325/316
f 288/324/317 304/353/317 289/326/317
f 282/327/318 296/352/318 297/354/318
f 290/328/319 304/353/319 305/355/319
f 282/327/320 298/340/320 283/329/320
f 294/348/321 311/356/321 295/350/321
f 303/351/322 318/357/322 319/358/322
f 295/350/323 312/359/323 296/352/323
f 303/351/324 320/360/324 304/353/324
f 297/354/325 312/359/325 313/361/325
f 305/355/326 320/360/326 321/362/326
f 297/354/327 314/363/327 298/340/327
f 305/355/328 322/364/328 306/339/328
f 299/341/329 314/363/329 315/365/329
f 306/339/330 323/366/330 307/342/330
f 300/343/331 315/365/331 316/367/331
f 293/345/332 82/368/332 309/369/332
f 308/370/333 307/342/333 323/366/333
f 300/343/334 317/371/334 301/347/334
f 293/345/335 310/372/335 294/348/335
f 301/347/336 318/357/336 302/349/336
f 315/365/337 329/373/337 330/374/337
f 322/364/338 338/375/338 323/366/338
f 316/367/339 330/374/339 331/376/339
f 309/369/340 82/377/340 324/378/340
f 308/379/341 323/366/341 338/375/341
f 316/367/342 332/380/342 317/371/342
f 309/369/343 325/381/343 310/372/343
f 317/371/344 333/382/344 318/357/344
f 310/372/345 326/383/345 311/356/345
f 319/358/346 333/382/346 334/384/346
f 311/356/347 327/385/347 312/359/347
f 319/358/348 335/386/348 320/360/348
f 312/359/349 328/387/349 313/361/349
f 321/362/350 335/386/350 336/388/350
f 313/361/351 329/373/351 314/363/351
f 321/362/352 337/389/352 322/364/352
f 334/384/353 348/390/353 349/391/353
f 326/383/354 342/392/354 327/385/354
f 334/384/355 350/393/355 335/386/355
f 328/387/356 342/392/356 343/394/356
f 336/388/357 350/393/357 351/395/357
f 328/387/358 344/396/358 329/373/358
f 336/388/359 352/397/359 337/389/359
f 330/374/360 344/396/360 345/398/360
f 337/389/361 353/399/361 338/375/361
f 331/376/362 345/398/362 346/400/362
f 324/378/363 82/401/363 339/402/363
f 308/403/364 338/375/364 353/399/364
f 331/376/365 347/404/365 332/380/365
f 324/378/366 340/405/366 325/381/366
f 332/380/367 348/390/367 333/382/367
f 325/381/368 341/406/368 326/383/368
f 352/397/369 368/407/369 353/399/369
f 346/400/370 360/408/370 361/409/370
f 339/402/371 82/410/371 354/411/371
f 308/412/372 353/399/372 368/407/372
f 346/400/373 362/413/373 347/404/373
f 339/402/374 355/414/374 340/405/374
f 347/404/375 363/415/375 348/390/375
f 341/406/376 355/414/376 356/416/376
f 349/391/377 363/415/377 364/417/377
f 341/406/378 357/418/378 342/392/378
f 349/391/379 365/419/379 350/393/379
f 343/394/380 357/418/380 358/420/380
f 351/395/381 365/419/381 366/421/381
f 343/394/382 359/422/382 344/396/382
f 351/395/383 367/423/383 352/397/383
f 345/398/384 359/422/384 360/408/384
f 356/424/385 372/425/385 357/426/385
f 364/427/386 380/428/386 365/429/386
f 358/430/387 372/425/387 373/431/387
f 366/432/388 380/428/388 381/433/388
f 358/430/389 374/434/389 359/435/389
f 366/432/390 382/436/390 367/437/390
f 360/438/391 374/434/391 375/439/391
f 367/437/392 383/440/392 368/441/392
f 361/442/393 375/439/393 376/443/393
f 354/444/394 82/445/394 369/446/394
f 308/447/395 368/441/395 383/440/395
f 361/442/396 377/448/396 362/449/396
f 354/444/397 370/450/397 355/451/397
f 362/449/398 378/452/398 363/453/398
f 356/424/399 370/450/399 371/454/399
f 364/427/400 378/452/400 379/455/400
f 376/443/401 390/456/401 391/457/401
f 369/446/402 82/458/402 384/459/402
f 308/460/403 383/440/403 398/461/403
f 376/443/404 392/462/404 377/448/404
f 369/446/405 385/463/405 370/450/405
f 377/448/406 393/464/406 378/452/406
f 371/454/407 385/463/407 386/465/407
f 379/455/408 393/464/408 394/466/408
f 371/454/409 387/467/409 372/425/409
f 379/455/410 395/468/410 380/428/410
f 373/431/411 387/467/411 388/469/411
f 381/433/412 395/468/412 396/470/412
f 373/431/413 389/471/413 374/434/413
f 381/433/414 397/472/414 382/436/414
f 375/439/415 389/471/415 390/456/415
f 382/436/416 398/461/416 383/440/416
f 394/466/417 410/473/417 395/468/417
f 388/469/418 402/474/418 403/475/418
f 396/470/419 410/473/419 411/476/419
f 388/469/420 404/477/420 389/471/420
f 397/472/421 411/476/421 412/478/421
f 390/456/422 404/477/422 405/479/422
f 397/472/423 413/480/423 398/461/423
f 391/457/424 405/479/424 406/481/424
f 384/459/425 82/482/425 399/483/425
f 308/484/426 398/461/426 413/480/426
f 391/457/427 407/485/427 392/462/427
f 385/463/428 399/483/428 400/486/428
f 392/462/429 408/487/429 393/464/429
f 385/463/430 401/488/430 386/465/430
f 394/466/431 408/487/431 409/489/431
f 386/465/432 402/474/432 387/467/432
f 308/490/433 413/480/433 428/491/433
f 406/481/434 422/492/434 407/485/434
f 399/483/435 415/493/435 400/486/435
f 407/485/436 423/494/436 408/487/436
f 401/488/437 415/493/437 416/495/437
f 409/489/438 423/494/438 424/496/438
f 401/488/439 417/497/439 402/474/439
f 409/489/440 425/498/440 410/473/440
f 403/475/441 417/497/441 418/499/441
f 411/476/442 425/498/442 426/500/442
f 403/475/443 419/501/443 404/477/443
f 411/476/444 427/502/444 412/478/444
f 405/479/445 419/501/445 420/503/445
f 412/478/446 428/491/446 413/480/446
f 406/481/447 420/503/447 421/504/447
f 399/483/448 82/505/448 414/506/448
f 426/500/449 440/507/449 441/508/449
f 418/499/450 434/509/450 419/501/450
f 426/500/451 442/510/451 427/502/451
f 420/503/452 434/509/452 435/511/452
f 427/502/453 443/512/453 428/491/453
f 421/504/454 435/511/454 436/513/454
f 414/506/455 82/514/455 429/515/455
f 308/516/456 428/491/456 443/512/456
f 421/504/457 437/517/457 422/492/457
f 414/506/458 430/518/458 415/493/458
f 422/492/459 438/519/459 423/494/459
f 416/495/460 430/518/460 431/520/460
f 424/496/461 438/519/461 439/521/461
f 416/495/462 432/522/462 417/497/462
f 424/496/463 440/507/463 425/498/463
f 418/499/464 432/522/464 433/523/464
f 430/518/465 444/524/465 445/525/465
f 437/517/466 453/526/466 438/519/466
f 430/518/467 446/527/467 431/520/467
f 439/521/468 453/526/468 454/528/468
f 431/520/469 447/529/469 432/522/469
f 439/521/470 455/530/470 440/507/470
f 433/523/471 447/529/471 448/531/471
f 441/508/472 455/530/472 456/532/472
f 433/523/473 449/533/473 434/509/473
f 441/508/474 457/534/474 442/510/474
f 435/511/475 449/533/475 450/535/475
f 442/510/476 458/536/476 443/512/476
f 436/513/477 450/535/477 451/537/477
f 429/515/478 82/538/478 444/524/478
f 308/539/479 443/512/479 458/536/479
f 436/513/480 452/540/480 437/517/480
f 448/531/481 464/541/481 449/533/481
f 456/532/482 472/542/482 457/534/482
f 450/535/483 464/541/483 465/543/483
f 458/536/484 472/542/484 473/544/484
f 451/537/485 465/543/485 466/545/485
f 444/524/486 82/546/486 459/547/486
f 308/548/487 458/536/487 473/544/487
f 451/537/488 467/549/488 452/540/488
f 444/524/489 460/550/489 445/525/489
f 452/540/490 468/551/490 453/526/490
f 446/527/491 460/550/491 461/552/491
f 454/528/492 468/551/492 469/553/492
f 446/527/493 462/554/493 447/529/493
f 454/528/494 470/555/494 455/530/494
f 448/531/495 462/554/495 463/556/495
f 456/532/496 470/555/496 471/557/496
f 467/549/497 478/6/497 468/551/497
f 461/552/498 475/1/498 1/7/498
f 468/551/499 6/10/499 469/553/499
f 462/554/500 1/7/500 476/11/500
f 469/553/501 479/14/501 470/555/501
f 463/556/502 476/11/502 2/15/502
f 471/557/503 479/14/503 480/18/503
f 464/541/504 2/15/504 477/19/504
f 471/557/505 481/22/505 472/542/505
f 465/543/506 477/19/506 3/23/506
f 472/542/507 482/26/507 473/544/507
f 466/545/508 3/23/508 4/28/508
f 459/547/509 82/558/509 474/29/509
f 308/559/510 473/544/510 482/26/510
f 466/545/511 5/4/511 467/549/511
f 460/550/512 474/29/512 475/1/512
f 962/560/513 500/561/513 501/562/513
f 959/563/514 493/564/514 494/565/514
f 963/566/515 501/562/515 502/567/515
f 485/568/516 494/565/516 495/569/516
f 964/570/517 502/567/517 503/571/517
f 486/572/518 495/569/518 496/573/518
f 956/574/519 564/575/519 489/576/519
f 790/577/520 964/570/520 503/571/520
f 487/578/521 496/573/521 497/579/521
f 956/574/522 490/580/522 957/581/522
f 960/582/523 497/579/523 498/583/523
f 957/581/524 491/584/524 483/585/524
f 488/586/525 498/583/525 499/587/525
f 483/585/526 492/588/526 958/589/526
f 961/590/527 499/587/527 500/561/527
f 484/591/528 492/588/528 493/564/528
f 500/561/529 514/592/529 515/593/529
f 492/588/530 508/594/530 493/564/530
f 501/562/531 515/593/531 516/595/531
f 493/564/532 509/596/532 494/565/532
f 502/567/533 516/595/533 517/597/533
f 495/569/534 509/596/534 510/598/534
f 503/571/535 517/597/535 518/599/535
f 496/573/536 510/598/536 511/600/536
f 489/576/537 564/601/537 504/602/537
f 790/603/538 503/571/538 518/599/538
f 497/579/539 511/600/539 512/604/539
f 489/576/540 505/605/540 490/580/540
f 498/583/541 512/604/541 513/606/541
f 490/580/542 506/607/542 491/584/542
f 499/587/543 513/606/543 514/592/543
f 491/584/544 507/608/544 492/588/544
f 504/602/545 564/609/545 519/610/545
f 790/611/546 518/599/546 533/612/546
f 512/604/547 526/613/547 527/614/547
f 504/602/548 520/615/548 505/605/548
f 513/606/549 527/614/549 528/616/549
f 505/605/550 521/617/550 506/607/550
f 514/592/551 528/616/551 529/618/551
f 506/607/552 522/619/552 507/608/552
f 515/593/553 529/618/553 530/620/553
f 507/608/554 523/621/554 508/594/554
f 516/595/555 530/620/555 531/622/555
f 508/594/556 524/623/556 509/596/556
f 517/597/557 531/622/557 532/624/557
f 509/596/558 525/625/558 510/598/558
f 518/599/559 532/624/559 533/612/559
f 511/600/560 525/625/560 526/613/560
f 522/619/561 538/626/561 523/621/561
f 531/622/562 545/627/562 546/628/562
f 523/621/563 539/629/563 524/623/563
f 532/624/564 546/628/564 547/630/564
f 524/623/565 540/631/565 525/625/565
f 533/612/566 547/630/566 548/632/566
f 526/613/567 540/631/567 541/633/567
f 519/610/568 564/634/568 534/635/568
f 790/636/569 533/612/569 548/632/569
f 527/614/570 541/633/570 542/637/570
f 519/610/571 535/638/571 520/615/571
f 528/616/572 542/637/572 543/639/572
f 520/615/573 536/640/573 521/617/573
f 529/618/574 543/639/574 544/641/574
f 521/617/575 537/642/575 522/619/575
f 530/620/576 544/641/576 545/627/576
f 542/637/577 556/643/577 557/644/577
f 534/635/578 550/645/578 535/638/578
f 543/639/579 557/644/579 558/646/579
f 535/638/580 551/647/580 536/640/580
f 544/641/581 558/646/581 559/648/581
f 536/640/582 552/649/582 537/642/582
f 545/627/583 559/648/583 560/650/583
f 537/642/584 553/651/584 538/626/584
f 546/628/585 560/650/585 561/652/585
f 538/626/586 554/653/586 539/629/586
f 547/630/587 561/652/587 562/654/587
f 539/629/588 555/655/588 540/631/588
f 548/632/589 562/654/589 563/656/589
f 541/633/590 555/655/590 556/643/590
f 534/635/591 564/657/591 549/658/591
f 790/659/592 548/632/592 563/656/592
f 561/652/593 576/660/593 577/661/593
f 553/651/594 570/662/594 554/653/594
f 562/654/595 577/661/595 578/663/595
f 555/655/596 570/662/596 571/664/596
f 563/656/597 578/663/597 579/665/597
f 556/643/598 571/664/598 572/666/598
f 549/658/599 564/667/599 565/668/599
f 790/669/600 563/656/600 579/665/600
f 557/644/601 572/666/601 573/670/601
f 549/658/602 566/671/602 550/645/602
f 558/646/603 573/670/603 574/672/603
f 550/645/604 567/673/604 551/647/604
f 559/648/605 574/672/605 575/674/605
f 551/647/606 568/675/606 552/649/606
f 560/650/607 575/674/607 576/660/607
f 552/649/608 569/676/608 553/651/608
f 565/668/609 581/677/609 566/671/609
f 574/672/610 588/678/610 589/679/610
f 566/671/611 582/680/611 567/673/611
f 575/674/612 589/679/612 590/681/612
f 567/673/613 583/682/613 568/675/613
f 576/660/614 590/681/614 591/683/614
f 568/675/615 584/684/615 569/676/615
f 577/661/616 591/683/616 592/685/616
f 569/676/617 585/686/617 570/662/617
f 578/663/618 592/685/618 593/687/618
f 571/664/619 585/686/619 586/688/619
f 579/665/620 593/687/620 594/689/620
f 572/666/621 586/688/621 587/690/621
f 565/668/622 564/691/622 580/692/622
f 790/693/623 579/665/623 594/689/623
f 573/670/624 587/690/624 588/678/624
f 585/686/625 599/694/625 600/695/625
f 593/687/626 607/696/626 608/697/626
f 586/688/627 600/695/627 601/698/627
f 594/689/628 608/697/628 609/699/628
f 587/690/629 601/698/629 602/700/629
f 580/692/630 564/701/630 595/702/630
f 790/703/631 594/689/631 609/699/631
f 588/678/632 602/700/632 603/704/632
f 580/692/633 596/705/633 581/677/633
f 589/679/634 603/704/634 604/706/634
f 581/677/635 597/707/635 582/680/635
f 590/681/636 604/706/636 605/708/636
f 582/680/637 598/709/637 583/682/637
f 591/683/638 605/708/638 606/710/638
f 584/684/639 598/709/639 599/694/639
f 592/685/640 606/710/640 607/696/640
f 604/706/641 618/711/641 619/712/641
f 597/707/642 611/713/642 612/714/642
f 605/708/643 619/712/643 620/715/643
f 598/709/644 612/714/644 613/716/644
f 606/710/645 620/715/645 621/717/645
f 599/694/646 613/716/646 614/718/646
f 607/696/647 621/717/647 622/719/647
f 600/695/648 614/718/648 615/720/648
f 608/697/649 622/719/649 623/721/649
f 601/698/650 615/720/650 616/722/650
f 608/697/651 624/723/651 609/699/651
f 602/700/652 616/722/652 617/724/652
f 595/702/653 564/725/653 610/726/653
f 790/727/654 609/699/654 624/723/654
f 603/704/655 617/724/655 618/711/655
f 596/705/656 610/726/656 611/713/656
f 622/719/657 638/728/657 623/721/657
f 616/722/658 630/729/658 631/730/658
f 623/721/659 639/731/659 624/723/659
f 617/724/660 631/730/660 632/732/660
f 610/726/661 564/733/661 625/734/661
f 790/735/662 624/723/662 639/731/662
f 618/711/663 632/732/663 633/736/663
f 611/713/664 625/734/664 626/737/664
f 619/712/665 633/736/665 634/738/665
f 612/714/666 626/737/666 627/739/666
f 619/712/667 635/740/667 620/715/667
f 613/716/668 627/739/668 628/741/668
f 620/715/669 636/742/669 621/717/669
f 614/718/670 628/741/670 629/743/670
f 621/717/671 637/744/671 622/719/671
f 615/720/672 629/743/672 630/729/672
f 634/738/673 650/745/673 635/740/673
f 628/741/674 642/746/674 643/747/674
f 635/740/675 651/748/675 636/742/675
f 629/743/676 643/747/676 644/749/676
f 636/742/677 652/750/677 637/744/677
f 630/729/678 644/749/678 645/751/678
f 637/744/679 653/752/679 638/728/679
f 631/730/680 645/751/680 646/753/680
f 638/728/681 654/754/681 639/731/681
f 632/732/682 646/753/682 647/755/682
f 625/734/683 564/756/683 640/757/683
f 790/758/684 639/731/684 654/754/684
f 633/736/685 647/755/685 648/759/685
f 626/737/686 640/757/686 641/760/686
f 633/736/687 649/761/687 634/738/687
f 627/739/688 641/760/688 642/746/688
f 653/752/689 669/762/689 654/754/689
f 647/755/690 661/763/690 662/764/690
f 640/757/691 564/765/691 655/766/691
f 790/767/692 654/754/692 669/762/692
f 648/759/693 662/764/693 663/768/693
f 641/760/694 655/766/694 656/769/694
f 648/759/695 664/770/695 649/761/695
f 642/746/696 656/769/696 657/771/696
f 649/761/697 665/772/697 650/745/697
f 643/747/698 657/771/698 658/773/698
f 650/745/699 666/774/699 651/748/699
f 644/749/700 658/773/700 659/775/700
f 651/748/701 667/776/701 652/750/701
f 645/751/702 659/775/702 660/777/702
f 652/750/703 668/778/703 653/752/703
f 646/753/704 660/777/704 661/763/704
f 658/773/705 672/779/705 673/780/705
f 665/772/706 681/781/706 666/774/706
f 659/775/707 673/780/707 674/782/707
f 666/774/708 682/783/708 667/776/708
f 660/777/709 674/782/709 675/784/709
f 667/776/710 683/785/710 668/778/710
f 661/763/711 675/784/711 676/786/711
f 668/778/712 684/787/712 669/762/712
f 662/764/713 676/786/713 677/788/713
f 655/766/714 564/789/714 670/790/714
f 790/791/715 669/762/715 684/787/715
f 663/768/716 677/788/716 678/792/716
f 656/769/717 670/790/717 671/793/717
f 663/768/718 679/794/718 664/770/718
f 657/771/719 671/793/719 672/779/719
f 664/770/720 680/795/720 665/772/720
f 677/788/721 691/796/721 692/797/721
f 670/790/722 564/798/722 685/799/722
f 790/800/723 684/787/723 699/801/723
f 677/788/724 693/802/724 678/792/724
f 671/793/725 685/799/725 686/803/725
f 678/792/726 694/804/726 679/794/726
f 672/779/727 686/803/727 687/805/727
f 679/794/728 695/806/728 680/795/728
f 673/780/729 687/805/729 688/807/729
f 680/795/730 696/808/730 681/781/730
f 674/782/731 688/807/731 689/809/731
f 681/781/732 697/810/732 682/783/732
f 675/784/733 689/809/733 690/811/733
f 682/783/734 698/812/734 683/785/734
f 676/786/735 690/811/735 691/796/735
f 683/785/736 699/801/736 684/787/736
f 695/806/737 711/813/737 696/808/737
f 689/809/738 703/814/738 704/815/738
f 696/808/739 712/816/739 697/810/739
f 690/811/740 704/815/740 705/817/740
f 697/810/741 713/818/741 698/812/741
f 691/796/742 705/817/742 706/819/742
f 698/812/743 714/820/743 699/801/743
f 692/797/744 706/819/744 707/821/744
f 685/799/745 564/822/745 700/823/745
f 790/824/746 699/801/746 714/820/746
f 692/797/747 708/825/747 693/802/747
f 686/803/748 700/823/748 701/826/748
f 693/802/749 709/827/749 694/804/749
f 687/805/750 701/826/750 702/828/750
f 694/804/751 710/829/751 695/806/751
f 688/807/752 702/828/752 703/814/752
f 700/823/753 564/830/753 715/831/753
f 790/832/754 714/820/754 729/833/754
f 707/821/755 723/834/755 708/825/755
f 701/826/756 715/831/756 716/835/756
f 708/825/757 724/836/757 709/827/757
f 702/828/758 716/835/758 717/837/758
f 709/827/759 725/838/759 710/829/759
f 703/814/760 717/837/760 718/839/760
f 710/829/761 726/840/761 711/813/761
f 704/815/762 718/839/762 719/841/762
f 711/813/763 727/842/763 712/816/763
f 705/817/764 719/841/764 720/843/764
f 712/816/765 728/844/765 713/818/765
f 706/819/766 720/843/766 721/845/766
f 713/818/767 729/833/767 714/820/767
f 706/819/768 722/846/768 707/821/768
f 718/839/769 734/847/769 719/841/769
f 727/842/770 741/848/770 742/849/770
f 719/841/771 735/850/771 720/843/771
f 728/844/772 742/849/772 743/851/772
f 720/843/773 736/852/773 721/845/773
f 729/833/774 743/851/774 744/853/774
f 721/845/775 737/854/775 722/846/775
f 715/831/776 564/855/776 730/856/776
f 790/857/777 729/833/777 744/853/777
f 722/846/778 738/858/778 723/834/778
f 715/831/779 731/859/779 716/835/779
f 723/834/780 739/860/780 724/836/780
f 716/835/781 732/861/781 717/837/781
f 724/836/782 740/862/782 725/838/782
f 717/837/783 733/863/783 718/839/783
f 725/838/784 741/848/784 726/840/784
f 737/854/785 753/864/785 738/858/785
f 730/856/786 746/865/786 731/859/786
f 738/858/787 754/866/787 739/860/787
f 731/859/788 747/867/788 732/861/788
f 740/862/789 754/866/789 755/868/789
f 732/861/790 748/869/790 733/863/790
f 741/848/791 755/868/791 756/870/791
f 733/863/792 749/871/792 734/847/792
f 742/849/793 756/870/793 757/872/793
f 734/847/794 750/873/794 735/850/794
f 743/851/795 757/872/795 758/874/795
f 735/850/796 751/875/796 736/852/796
f 744/853/797 758/874/797 759/876/797
f 736/852/798 752/877/798 737/854/798
f 730/856/799 564/878/799 745/879/799
f 790/880/800 744/853/800 759/876/800
f 757/872/801 771/881/801 772/882/801
f 749/871/802 765/883/802 750/873/802
f 758/874/803 772/882/803 773/884/803
f 750/873/804 766/885/804 751/875/804
f 759/876/805 773/884/805 774/886/805
f 751/875/806 767/887/806 752/877/806
f 745/879/807 564/888/807 760/889/807
f 790/890/808 759/876/808 774/886/808
f 752/877/809 768/891/809 753/864/809
f 745/879/810 761/892/810 746/865/810
f 754/866/811 768/891/811 769/893/811
f 746/865/812 762/894/812 747/867/812
f 755/868/813 769/893/813 770/895/813
f 747/867/814 763/896/814 748/869/814
f 756/870/815 770/895/815 771/881/815
f 748/869/816 764/897/816 749/871/816
f 769/893/817 783/898/817 784/899/817
f 761/892/818 777/900/818 762/894/818
f 770/895/819 784/899/819 785/901/819
f 762/894/820 778/902/820 763/896/820
f 771/881/821 785/901/821 786/903/821
f 763/896/822 779/904/822 764/897/822
f 772/882/823 786/903/823 787/905/823
f 764/897/824 780/906/824 765/883/824
f 773/884/825 787/905/825 788/907/825
f 765/883/826 781/908/826 766/885/826
f 774/886/827 788/907/827 789/909/827
f 766/885/828 782/910/828 767/887/828
f 760/889/829 564/911/829 775/912/829
f 790/913/830 774/886/830 789/909/830
f 767/887/831 783/898/831 768/891/831
f 760/889/832 776/914/832 761/892/832
f 788/907/833 803/915/833 804/916/833
f 780/906/834 797/917/834 781/908/834
f 789/909/835 804/916/835 805/918/835
f 781/908/836 798/919/836 782/910/836
f 775/912/837 564/920/837 791/921/837
f 790/922/838 789/909/838 805/918/838
f 782/910/839 799/923/839 783/898/839
f 775/912/840 792/924/840 776/914/840
f 784/899/841 799/923/841 800/925/841
f 776/914/842 793/926/842 777/900/842
f 785/901/843 800/925/843 801/927/843
f 777/900/844 794/928/844 778/902/844
f 786/903/845 801/927/845 802/929/845
f 778/902/846 795/930/846 779/904/846
f 787/905/847 802/929/847 803/915/847
f 779/904/848 796/931/848 780/906/848
f 792/924/849 808/932/849 793/926/849
f 801/927/850 815/933/850 816/934/850
f 793/926/851 809/935/851 794/928/851
f 802/929/852 816/934/852 817/936/852
f 794/928/853 810/937/853 795/930/853
f 803/915/854 817/936/854 818/938/854
f 795/930/855 811/939/855 796/931/855
f 804/916/856 818/938/856 819/940/856
f 796/931/857 812/941/857 797/917/857
f 805/918/858 819/940/858 820/942/858
f 797/917/859 813/943/859 798/919/859
f 791/921/860 564/944/860 806/945/860
f 790/946/861 805/918/861 820/942/861
f 798/919/862 814/947/862 799/923/862
f 791/921/863 807/948/863 792/924/863
f 799/923/864 815/933/864 800/925/864
f 811/939/865 827/949/865 812/941/865
f 820/942/866 834/950/866 835/951/866
f 812/941/867 828/952/867 813/943/867
f 806/945/868 564/953/868 821/954/868
f 790/955/869 820/942/869 835/951/869
f 813/943/870 829/956/870 814/947/870
f 806/945/871 822/957/871 807/948/871
f 814/947/872 830/958/872 815/933/872
f 807/948/873 823/959/873 808/932/873
f 816/934/874 830/958/874 831/960/874
f 808/932/875 824/961/875 809/935/875
f 817/936/876 831/960/876 832/962/876
f 809/935/877 825/963/877 810/937/877
f 818/938/878 832/962/878 833/964/878
f 810/937/879 826/965/879 811/939/879
f 819/940/880 833/964/880 834/950/880
f 830/958/881 846/966/881 831/960/881
f 823/959/882 839/967/882 824/961/882
f 831/960/883 847/968/883 832/962/883
f 824/961/884 840/969/884 825/963/884
f 833/964/885 847/968/885 848/970/885
f 825/963/886 841/971/886 826/965/886
f 834/950/887 848/970/887 849/972/887
f 826/965/888 842/973/888 827/949/888
f 835/951/889 849/972/889 850/974/889
f 827/949/890 843/975/890 828/952/890
f 821/954/891 564/976/891 836/977/891
f 790/978/892 835/951/892 850/974/892
f 828/952/893 844/979/893 829/956/893
f 821/954/894 837/980/894 822/957/894
f 829/956/895 845/981/895 830/958/895
f 822/957/896 838/982/896 823/959/896
f 849/983/897 865/984/897 850/985/897
f 842/986/898 858/987/898 843/988/898
f 836/989/899 564/990/899 851/991/899
f 790/992/900 850/985/900 865/984/900
f 843/988/901 859/993/901 844/994/901
f 837/995/902 851/991/902 852/996/902
f 844/994/903 860/997/903 845/998/903
f 837/995/904 853/999/904 838/1000/904
f 845/998/905 861/1001/905 846/1002/905
f 838/1000/906 854/1003/906 839/1004/906
f 846/1002/907 862/1005/907 847/1006/907
f 839/1004/908 855/1007/908 840/1008/908
f 847/1006/909 863/1009/909 848/1010/909
f 840/1008/910 856/1011/910 841/1012/910
f 848/1010/911 864/1013/911 849/983/911
f 841/1012/912 857/1014/912 842/986/912
f 854/1003/913 868/1015/913 869/1016/913
f 861/1001/914 877/1017/914 862/1005/914
f 855/1007/915 869/1016/915 870/1018/915
f 862/1005/916 878/1019/916 863/1009/916
f 856/1011/917 870/1018/917 871/1020/917
f 863/1009/918 879/1021/918 864/1013/918
f 856/1011/919 872/1022/919 857/1014/919
f 864/1013/920 880/1023/920 865/984/920
f 857/1014/921 873/1024/921 858/987/921
f 851/991/922 564/1025/922 866/1026/922
f 790/1027/923 865/984/923 880/1023/923
f 858/987/924 874/1028/924 859/993/924
f 852/996/925 866/1026/925 867/1029/925
f 859/993/926 875/1030/926 860/997/926
f 853/999/927 867/1029/927 868/1015/927
f 860/997/928 876/1031/928 861/1001/928
f 872/1022/929 888/1032/929 873/1024/929
f 866/1026/930 564/1033/930 881/1034/930
f 790/1035/931 880/1023/931 895/1036/931
f 873/1024/932 889/1037/932 874/1028/932
f 867/1029/933 881/1034/933 882/1038/933
f 874/1028/934 890/1039/934 875/1030/934
f 868/1015/935 882/1038/935 883/1040/935
f 875/1030/936 891/1041/936 876/1031/936
f 869/1016/937 883/1040/937 884/1042/937
f 876/1031/938 892/1043/938 877/1017/938
f 870/1018/939 884/1042/939 885/1044/939
f 877/1017/940 893/1045/940 878/1019/940
f 871/1020/941 885/1044/941 886/1046/941
f 878/1019/942 894/1047/942 879/1021/942
f 872/1022/943 886/1046/943 887/1048/943
f 879/1021/944 895/1036/944 880/1023/944
f 891/1041/945 907/1049/945 892/1043/945
f 885/1044/946 899/1050/946 900/1051/946
f 892/1043/947 908/1052/947 893/1045/947
f 886/1046/948 900/1051/948 901/1053/948
f 893/1045/949 909/1054/949 894/1047/949
f 887/1048/950 901/1053/950 902/1055/950
f 894/1047/951 910/1056/951 895/1036/951
f 887/1048/952 903/1057/952 888/1032/952
f 881/1034/953 564/1058/953 896/1059/953
f 790/1060/954 895/1036/954 910/1056/954
f 888/1032/955 904/1061/955 889/1037/955
f 882/1038/956 896/1059/956 897/1062/956
f 889/1037/957 905/1063/957 890/1039/957
f 883/1040/958 897/1062/958 898/1064/958
f 890/1039/959 906/1065/959 891/1041/959
f 884/1042/960 898/1064/960 899/1050/960
f 790/1066/961 910/1056/961 925/1067/961
f 903/1057/962 919/1068/962 904/1061/962
f 897/1062/963 911/1069/963 912/1070/963
f 904/1061/964 920/1071/964 905/1063/964
f 898/1064/965 912/1070/965 913/1072/965
f 905/1063/966 921/1073/966 906/1065/966
f 899/1050/967 913/1072/967 914/1074/967
f 906/1065/968 922/1075/968 907/1049/968
f 900/1051/969 914/1074/969 915/1076/969
f 907/1049/970 923/1077/970 908/1052/970
f 901/1053/971 915/1076/971 916/1078/971
f 908/1052/972 924/1079/972 909/1054/972
f 902/1055/973 916/1078/973 917/1080/973
f 909/1054/974 925/1067/974 910/1056/974
f 902/1055/975 918/1081/975 903/1057/975
f 896/1059/976 564/1082/976 911/1069/976
f 922/1075/977 938/1083/977 923/1077/977
f 916/1078/978 930/1084/978 931/1085/978
f 923/1077/979 939/1086/979 924/1079/979
f 917/1080/980 931/1085/980 932/1087/980
f 924/1079/981 940/1088/981 925/1067/981
f 918/1081/982 932/1087/982 933/1089/982
f 911/1069/983 564/1090/983 926/1091/983
f 790/1092/984 925/1067/984 940/1088/984
f 918/1081/985 934/1093/985 919/1068/985
f 912/1070/986 926/1091/986 927/1094/986
f 919/1068/987 935/1095/987 920/1071/987
f 913/1072/988 927/1094/988 928/1096/988
f 920/1071/989 936/1097/989 921/1073/989
f 914/1074/990 928/1096/990 929/1098/990
f 921/1073/991 937/1099/991 922/1075/991
f 915/1076/992 929/1098/992 930/1084/992
f 927/1094/993 941/1100/993 942/1101/993
f 934/1093/994 950/1102/994 935/1095/994
f 928/1096/995 942/1101/995 943/1103/995
f 935/1095/996 951/1104/996 936/1097/996
f 929/1098/997 943/1103/997 944/1105/997
f 936/1097/998 952/1106/998 937/1099/998
f 930/1084/999 944/1105/999 945/1107/999
f 937/1099/1000 953/1108/1000 938/1083/1000
f 931/1085/1001 945/1107/1001 946/1109/1001
f 938/1083/1002 954/1110/1002 939/1086/1002
f 932/1087/1003 946/1109/1003 947/1111/1003
f 939/1086/1004 955/1112/1004 940/1088/1004
f 933/1089/1005 947/1111/1005 948/1113/1005
f 926/1091/1006 564/1114/1006 941/1100/1006
f 790/1115/1007 940/1088/1007 955/1112/1007
f 933/1089/1008 949/1116/1008 934/1093/1008
f 946/1109/1009 484/591/1009 959/563/1009
f 953/1108/1010 963/566/1010 954/1110/1010
f 947/1111/1011 959/563/1011 485/568/1011
f 954/1110/1012 964/570/1012 955/1112/1012
f 948/1113/1013 485/568/1013 486/572/1013
f 941/1100/1014 564/1117/1014 956/574/1014
f 790/1118/1015 955/1112/1015 964/570/1015
f 949/1116/1016 486/572/1016 487/578/1016
f 942/1101/1017 956/574/1017 957/581/1017
f 949/1116/1018 960/582/1018 950/1102/1018
f 943/1103/1019 957/581/1019 483/585/1019
f 950/1102/1020 488/586/1020 951/1104/1020
f 944/1105/1021 483/585/1021 958/589/1021
f 951/1104/1022 961/590/1022 952/1106/1022
f 945/1107/1023 958/589/1023 484/591/1023
f 952/1106/1024 962/560/1024 953/1108/1024
f 1446/1119/1025 984/1120/1025 985/1121/1025
f 968/1122/1026 977/1123/1026 978/1124/1026
f 1438/1125/1027 1046/1126/1027 971/1127/1027
f 1272/1128/1028 1446/1119/1028 985/1121/1028
f 969/1129/1029 978/1124/1029 979/1130/1029
f 1438/1125/1030 972/1131/1030 1439/1132/1030
f 1442/1133/1031 979/1130/1031 980/1134/1031
f 1439/1132/1032 973/1135/1032 965/1136/1032
f 970/1137/1033 980/1134/1033 981/1138/1033
f 965/1136/1034 974/1139/1034 1440/1140/1034
f 1443/1141/1035 981/1138/1035 982/1142/1035
f 1440/1140/1036 975/1143/1036 966/1144/1036
f 1444/1145/1037 982/1142/1037 983/1146/1037
f 966/1144/1038 976/1147/1038 1441/1148/1038
f 1445/1149/1039 983/1146/1039 984/1120/1039
f 1441/1148/1040 977/1123/1040 967/1150/1040
f 984/1120/1041 998/1151/1041 999/1152/1041
f 976/1147/1042 992/1153/1042 977/1123/1042
f 985/1121/1043 999/1152/1043 1000/1154/1043
f 978/1124/1044 992/1153/1044 993/1155/1044
f 971/1127/1045 1046/1156/1045 986/1157/1045
f 1272/1158/1046 985/1121/1046 1000/1154/1046
f 979/1130/1047 993/1155/1047 994/1159/1047
f 971/1127/1048 987/1160/1048 972/1131/1048
f 980/1134/1049 994/1159/1049 995/1161/1049
f 972/1131/1050 988/1162/1050 973/1135/1050
f 981/1138/1051 995/1161/1051 996/1163/1051
f 973/1135/1052 989/1164/1052 974/1139/1052
f 982/1142/1053 996/1163/1053 997/1165/1053
f 974/1139/1054 990/1166/1054 975/1143/1054
f 983/1146/1055 997/1165/1055 998/1151/1055
f 975/1143/1056 991/1167/1056 976/1147/1056
f 987/1160/1057 1003/1168/1057 988/1162/1057
f 996/1163/1058 1010/1169/1058 1011/1170/1058
f 988/1162/1059 1004/1171/1059 989/1164/1059
f 997/1165/1060 1011/1170/1060 1012/1172/1060
f 989/1164/1061 1005/1173/1061 990/1166/1061
f 998/1151/1062 1012/1172/1062 1013/1174/1062
f 990/1166/1063 1006/1175/1063 991/1167/1063
f 999/1152/1064 1013/1174/1064 1014/1176/1064
f 991/1167/1065 1007/1177/1065 992/1153/1065
f 1000/1154/1066 1014/1176/1066 1015/1178/1066
f 992/1153/1067 1008/1179/1067 993/1155/1067
f 986/1157/1068 1046/1180/1068 1001/1181/1068
f 1272/1182/1069 1000/1154/1069 1015/1178/1069
f 994/1159/1070 1008/1179/1070 1009/1183/1070
f 986/1157/1071 1002/1184/1071 987/1160/1071
f 995/1161/1072 1009/1183/1072 1010/1169/1072
f 1006/1175/1073 1022/1185/1073 1007/1177/1073
f 1015/1178/1074 1029/1186/1074 1030/1187/1074
f 1007/1177/1075 1023/1188/1075 1008/1179/1075
f 1001/1181/1076 1046/1189/1076 1016/1190/1076
f 1272/1191/1077 1015/1178/1077 1030/1187/1077
f 1009/1183/1078 1023/1188/1078 1024/1192/1078
f 1001/1181/1079 1017/1193/1079 1002/1184/1079
f 1010/1169/1080 1024/1192/1080 1025/1194/1080
f 1002/1184/1081 1018/1195/1081 1003/1168/1081
f 1011/1170/1082 1025/1194/1082 1026/1196/1082
f 1003/1168/1083 1019/1197/1083 1004/1171/1083
f 1012/1172/1084 1026/1196/1084 1027/1198/1084
f 1004/1171/1085 1020/1199/1085 1005/1173/1085
f 1013/1174/1086 1027/1198/1086 1028/1200/1086
f 1005/1173/1087 1021/1201/1087 1006/1175/1087
f 1014/1176/1088 1028/1200/1088 1029/1186/1088
f 1026/1196/1089 1040/1202/1089 1041/1203/1089
f 1018/1195/1090 1034/1204/1090 1019/1197/1090
f 1027/1198/1091 1041/1203/1091 1042/1205/1091
f 1019/1197/1092 1035/1206/1092 1020/1199/1092
f 1028/1200/1093 1042/1205/1093 1043/1207/1093
f 1020/1199/1094 1036/1208/1094 1021/1201/1094
f 1029/1186/1095 1043/1207/1095 1044/1209/1095
f 1021/1201/1096 1037/1210/1096 1022/1185/1096
f 1030/1187/1097 1044/1209/1097 1045/1211/1097
f 1022/1185/1098 1038/1212/1098 1023/1188/1098
f 1016/1190/1099 1046/1213/1099 1031/1214/1099
f 1272/1215/1100 1030/1187/1100 1045/1211/1100
f 1024/1192/1101 1038/1212/1101 1039/1216/1101
f 1016/1190/1102 1032/1217/1102 1017/1193/1102
f 1025/1194/1103 1039/1216/1103 1040/1202/1103
f 1017/1193/1104 1033/1218/1104 1018/1195/1104
f 1045/1211/1105 1060/1219/1105 1061/1220/1105
f 1038/1212/1106 1053/1221/1106 1054/1222/1106
f 1031/1214/1107 1046/1223/1107 1047/1224/1107
f 1272/1225/1108 1045/1211/1108 1061/1220/1108
f 1039/1216/1109 1054/1222/1109 1055/1226/1109
f 1031/1214/1110 1048/1227/1110 1032/1217/1110
f 1040/1202/1111 1055/1226/1111 1056/1228/1111
f 1032/1217/1112 1049/1229/1112 1033/1218/1112
f 1041/1203/1113 1056/1228/1113 1057/1230/1113
f 1033/1218/1114 1050/1231/1114 1034/1204/1114
f 1042/1205/1115 1057/1230/1115 1058/1232/1115
f 1034/1204/1116 1051/1233/1116 1035/1206/1116
f 1043/1207/1117 1058/1232/1117 1059/1234/1117
f 1035/1206/1118 1052/1235/1118 1036/1208/1118
f 1044/1209/1119 1059/1234/1119 1060/1219/1119
f 1036/1208/1120 1053/1221/1120 1037/1210/1120
f 1049/1229/1121 1065/1236/1121 1050/1231/1121
f 1058/1232/1122 1072/1237/1122 1073/1238/1122
f 1050/1231/1123 1066/1239/1123 1051/1233/1123
f 1059/1234/1124 1073/1238/1124 1074/1240/1124
f 1051/1233/1125 1067/1241/1125 1052/1235/1125
f 1060/1219/1126 1074/1240/1126 1075/1242/1126
f 1052/1235/1127 1068/1243/1127 1053/1221/1127
f 1061/1220/1128 1075/1242/1128 1076/1244/1128
f 1054/1222/1129 1068/1243/1129 1069/1245/1129
f 1047/1224/1130 1046/1246/1130 1062/1247/1130
f 1272/1248/1131 1061/1220/1131 1076/1244/1131
f 1055/1226/1132 1069/1245/1132 1070/1249/1132
f 1047/1224/1133 1063/1250/1133 1048/1227/1133
f 1056/1228/1134 1070/1249/1134 1071/1251/1134
f 1048/1227/1135 1064/1252/1135 1049/1229/1135
f 1057/1230/1136 1071/1251/1136 1072/1237/1136
f 1069/1245/1137 1083/1253/1137 1084/1254/1137
f 1062/1247/1138 1046/1255/1138 1077/1256/1138
f 1272/1257/1139 1076/1244/1139 1091/1258/1139
f 1070/1249/1140 1084/1254/1140 1085/1259/1140
f 1062/1247/1141 1078/1260/1141 1063/1250/1141
f 1071/1251/1142 1085/1259/1142 1086/1261/1142
f 1063/1250/1143 1079/1262/1143 1064/1252/1143
f 1072/1237/1144 1086/1261/1144 1087/1263/1144
f 1064/1252/1145 1080/1264/1145 1065/1236/1145
f 1073/1238/1146 1087/1263/1146 1088/1265/1146
f 1065/1236/1147 1081/1266/1147 1066/1239/1147
f 1074/1240/1148 1088/1265/1148 1089/1267/1148
f 1066/1239/1149 1082/1268/1149 1067/1241/1149
f 1075/1242/1150 1089/1267/1150 1090/1269/1150
f 1068/1243/1151 1082/1268/1151 1083/1253/1151
f 1076/1244/1152 1090/1269/1152 1091/1258/1152
f 1087/1263/1153 1103/1270/1153 1088/1265/1153
f 1081/1266/1154 1095/1271/1154 1096/1272/1154
f 1088/1265/1155 1104/1273/1155 1089/1267/1155
f 1082/1268/1156 1096/1272/1156 1097/1274/1156
f 1089/1267/1157 1105/1275/1157 1090/1269/1157
f 1083/1253/1158 1097/1274/1158 1098/1276/1158
f 1090/1269/1159 1106/1277/1159 1091/1258/1159
f 1084/1254/1160 1098/1276/1160 1099/1278/1160
f 1077/1256/1161 1046/1279/1161 1092/1280/1161
f 1272/1281/1162 1091/1258/1162 1106/1277/1162
f 1085/1259/1163 1099/1278/1163 1100/1282/1163
f 1078/1260/1164 1092/1280/1164 1093/1283/1164
f 1086/1261/1165 1100/1282/1165 1101/1284/1165
f 1079/1262/1166 1093/1283/1166 1094/1285/1166
f 1086/1261/1167 1102/1286/1167 1087/1263/1167
f 1080/1264/1168 1094/1285/1168 1095/1271/1168
f 1272/1287/1169 1106/1277/1169 1121/1288/1169
f 1100/1282/1170 1114/1289/1170 1115/1290/1170
f 1093/1283/1171 1107/1291/1171 1108/1292/1171
f 1100/1282/1172 1116/1293/1172 1101/1284/1172
f 1094/1285/1173 1108/1292/1173 1109/1294/1173
f 1101/1284/1174 1117/1295/1174 1102/1286/1174
f 1095/1271/1175 1109/1294/1175 1110/1296/1175
f 1102/1286/1176 1118/1297/1176 1103/1270/1176
f 1096/1272/1177 1110/1296/1177 1111/1298/1177
f 1103/1270/1178 1119/1299/1178 1104/1273/1178
f 1097/1274/1179 1111/1298/1179 1112/1300/1179
f 1104/1273/1180 1120/1301/1180 1105/1275/1180
f 1098/1276/1181 1112/1300/1181 1113/1302/1181
f 1105/1275/1182 1121/1288/1182 1106/1277/1182
f 1099/1278/1183 1113/1302/1183 1114/1289/1183
f 1092/1280/1184 1046/1303/1184 1107/1291/1184
f 1118/1297/1185 1134/1304/1185 1119/1299/1185
f 1112/1300/1186 1126/1305/1186 1127/1306/1186
f 1119/1299/1187 1135/1307/1187 1120/1301/1187
f 1113/1302/1188 1127/1306/1188 1128/1308/1188
f 1120/1301/1189 1136/1309/1189 1121/1288/1189
f 1114/1289/1190 1128/1308/1190 1129/1310/1190
f 1107/1291/1191 1046/1311/1191 1122/1312/1191
f 1272/1313/1192 1121/1288/1192 1136/1309/1192
f 1114/1289/1193 1130/1314/1193 1115/1290/1193
f 1108/1292/1194 1122/1312/1194 1123/1315/1194
f 1115/1290/1195 1131/1316/1195 1116/1293/1195
f 1109/1294/1196 1123/1315/1196 1124/1317/1196
f 1116/1293/1197 1132/1318/1197 1117/1295/1197
f 1110/1296/1198 1124/1317/1198 1125/1319/1198
f 1117/1295/1199 1133/1320/1199 1118/1297/1199
f 1111/1298/1200 1125/1319/1200 1126/1305/1200
f 1123/1315/1201 1137/1321/1201 1138/1322/1201
f 1130/1314/1202 1146/1323/1202 1131/1316/1202
f 1124/1317/1203 1138/1322/1203 1139/1324/1203
f 1131/1316/1204 1147/1325/1204 1132/1318/1204
f 1125/1319/1205 1139/1324/1205 1140/1326/1205
f 1132/1318/1206 1148/1327/1206 1133/1320/1206
f 1126/1305/1207 1140/1326/1207 1141/1328/1207
f 1133/1320/1208 1149/1329/1208 1134/1304/1208
f 1127/1306/1209 1141/1328/1209 1142/1330/1209
f 1134/1304/1210 1150/1331/1210 1135/1307/1210
f 1128/1308/1211 1142/1330/1211 1143/1332/1211
f 1135/1307/1212 1151/1333/1212 1136/1309/1212
f 1129/1310/1213 1143/1332/1213 1144/1334/1213
f 1122/1312/1214 1046/1335/1214 1137/1321/1214
f 1272/1336/1215 1136/1309/1215 1151/1333/1215
f 1129/1310/1216 1145/1337/1216 1130/1314/1216
f 1142/1330/1217 1156/1338/1217 1157/1339/1217
f 1149/1329/1218 1165/1340/1218 1150/1331/1218
f 1143/1332/1219 1157/1339/1219 1158/1341/1219
f 1150/1331/1220 1166/1342/1220 1151/1333/1220
f 1144/1334/1221 1158/1341/1221 1159/1343/1221
f 1137/1321/1222 1046/1344/1222 1152/1345/1222
f 1272/1346/1223 1151/1333/1223 1166/1342/1223
f 1144/1334/1224 1160/1347/1224 1145/1337/1224
f 1138/1322/1225 1152/1345/1225 1153/1348/1225
f 1145/1337/1226 1161/1349/1226 1146/1323/1226
f 1139/1324/1227 1153/1348/1227 1154/1350/1227
f 1146/1323/1228 1162/1351/1228 1147/1325/1228
f 1140/1326/1229 1154/1350/1229 1155/1352/1229
f 1147/1325/1230 1163/1353/1230 1148/1327/1230
f 1141/1328/1231 1155/1352/1231 1156/1338/1231
f 1148/1327/1232 1164/1354/1232 1149/1329/1232
f 1160/1347/1233 1176/1355/1233 1161/1349/1233
f 1154/1350/1234 1168/1356/1234 1169/1357/1234
f 1161/1349/1235 1177/1358/1235 1162/1351/1235
f 1155/1352/1236 1169/1357/1236 1170/1359/1236
f 1162/1351/1237 1178/1360/1237 1163/1353/1237
f 1156/1338/1238 1170/1359/1238 1171/1361/1238
f 1163/1353/1239 1179/1362/1239 1164/1354/1239
f 1157/1339/1240 1171/1361/1240 1172/1363/1240
f 1164/1354/1241 1180/1364/1241 1165/1340/1241
f 1158/1341/1242 1172/1363/1242 1173/1365/1242
f 1165/1340/1243 1181/1366/1243 1166/1342/1243
f 1159/1343/1244 1173/1365/1244 1174/1367/1244
f 1152/1345/1245 1046/1368/1245 1167/1369/1245
f 1272/1370/1246 1166/1342/1246 1181/1366/1246
f 1159/1343/1247 1175/1371/1247 1160/1347/1247
f 1153/1348/1248 1167/1369/1248 1168/1356/1248
f 1179/1362/1249 1195/1372/1249 1180/1364/1249
f 1173/1365/1250 1187/1373/1250 1188/1374/1250
f 1180/1364/1251 1196/1375/1251 1181/1366/1251
f 1174/1367/1252 1188/1374/1252 1189/1376/1252
f 1167/1369/1253 1046/1377/1253 1182/1378/1253
f 1272/1379/1254 1181/1366/1254 1196/1375/1254
f 1174/1367/1255 1190/1380/1255 1175/1371/1255
f 1168/1356/1256 1182/1378/1256 1183/1381/1256
f 1175/1371/1257 1191/1382/1257 1176/1355/1257
f 1169/1357/1258 1183/1381/1258 1184/1383/1258
f 1176/1355/1259 1192/1384/1259 1177/1358/1259
f 1170/1359/1260 1184/1383/1260 1185/1385/1260
f 1177/1358/1261 1193/1386/1261 1178/1360/1261
f 1171/1361/1262 1185/1385/1262 1186/1387/1262
f 1178/1360/1263 1194/1388/1263 1179/1362/1263
f 1172/1363/1264 1186/1387/1264 1187/1373/1264
f 1184/1383/1265 1198/1389/1265 1199/1390/1265
f 1191/1382/1266 1207/1391/1266 1192/1384/1266
f 1185/1385/1267 1199/1390/1267 1200/1392/1267
f 1192/1384/1268 1208/1393/1268 1193/1386/1268
f 1186/1387/1269 1200/1392/1269 1201/1394/1269
f 1193/1386/1270 1209/1395/1270 1194/1388/1270
f 1187/1373/1271 1201/1394/1271 1202/1396/1271
f 1194/1388/1272 1210/1397/1272 1195/1372/1272
f 1188/1374/1273 1202/1396/1273 1203/1398/1273
f 1195/1372/1274 1211/1399/1274 1196/1375/1274
f 1188/1374/1275 1204/1400/1275 1189/1376/1275
f 1182/1378/1276 1046/1401/1276 1197/1402/1276
f 1272/1403/1277 1196/1375/1277 1211/1399/1277
f 1189/1376/1278 1205/1404/1278 1190/1380/1278
f 1183/1381/1279 1197/1402/1279 1198/1389/1279
f 1190/1380/1280 1206/1405/1280 1191/1382/1280
f 1202/1396/1281 1218/1406/1281 1203/1398/1281
f 1211/1399/1282 1225/1407/1282 1226/1408/1282
f 1203/1398/1283 1219/1409/1283 1204/1400/1283
f 1197/1402/1284 1046/1410/1284 1212/1411/1284
f 1272/1412/1285 1211/1399/1285 1226/1408/1285
f 1204/1400/1286 1220/1413/1286 1205/1404/1286
f 1197/1402/1287 1213/1414/1287 1198/1389/1287
f 1206/1405/1288 1220/1413/1288 1221/1415/1288
f 1198/1389/1289 1214/1416/1289 1199/1390/1289
f 1207/1391/1290 1221/1415/1290 1222/1417/1290
f 1199/1390/1291 1215/1418/1291 1200/1392/1291
f 1208/1393/1292 1222/1417/1292 1223/1419/1292
f 1200/1392/1293 1216/1420/1293 1201/1394/1293
f 1209/1395/1294 1223/1419/1294 1224/1421/1294
f 1201/1394/1295 1217/1422/1295 1202/1396/1295
f 1210/1397/1296 1224/1421/1296 1225/1407/1296
f 1222/1417/1297 1236/1423/1297 1237/1424/1297
f 1214/1416/1298 1230/1425/1298 1215/1418/1298
f 1223/1419/1299 1237/1424/1299 1238/1426/1299
f 1215/1418/1300 1231/1427/1300 1216/1420/1300
f 1224/1421/1301 1238/1426/1301 1239/1428/1301
f 1216/1420/1302 1232/1429/1302 1217/1422/1302
f 1225/1407/1303 1239/1428/1303 1240/1430/1303
f 1217/1422/1304 1233/1431/1304 1218/1406/1304
f 1226/1408/1305 1240/1430/1305 1241/1432/1305
f 1218/1406/1306 1234/1433/1306 1219/1409/1306
f 1212/1411/1307 1046/1434/1307 1227/1435/1307
f 1272/1436/1308 1226/1408/1308 1241/1432/1308
f 1219/1409/1309 1235/1437/1309 1220/1413/1309
f 1212/1411/1310 1228/1438/1310 1213/1414/1310
f 1221/1415/1311 1235/1437/1311 1236/1423/1311
f 1213/1414/1312 1229/1439/1312 1214/1416/1312
f 1241/1432/1313 1255/1440/1313 1256/1441/1313
f 1233/1431/1314 1249/1442/1314 1234/1433/1314
f 1227/1435/1315 1046/1443/1315 1242/1444/1315
f 1272/1445/1316 1241/1432/1316 1256/1441/1316
f 1235/1437/1317 1249/1442/1317 1250/1446/1317
f 1227/1435/1318 1243/1447/1318 1228/1438/1318
f 1236/1423/1319 1250/1446/1319 1251/1448/1319
f 1228/1438/1320 1244/1449/1320 1229/1439/1320
f 1237/1424/1321 1251/1448/1321 1252/1450/1321
f 1229/1439/1322 1245/1451/1322 1230/1425/1322
f 1238/1426/1323 1252/1450/1323 1253/1452/1323
f 1230/1425/1324 1246/1453/1324 1231/1427/1324
f 1239/1428/1325 1253/1452/1325 1254/1454/1325
f 1231/1427/1326 1247/1455/1326 1232/1429/1326
f 1240/1430/1327 1254/1454/1327 1255/1440/1327
f 1232/1429/1328 1248/1456/1328 1233/1431/1328
f 1253/1452/1329 1267/1457/1329 1268/1458/1329
f 1245/1451/1330 1261/1459/1330 1246/1453/1330
f 1254/1454/1331 1268/1458/1331 1269/1460/1331
f 1246/1453/1332 1262/1461/1332 1247/1455/1332
f 1255/1440/1333 1269/1460/1333 1270/1462/1333
f 1247/1455/1334 1263/1463/1334 1248/1456/1334
f 1256/1441/1335 1270/1462/1335 1271/1464/1335
f 1248/1456/1336 1264/1465/1336 1249/1442/1336
f 1242/1444/1337 1046/1466/1337 1257/1467/1337
f 1272/1468/1338 1256/1441/1338 1271/1464/1338
f 1250/1446/1339 1264/1465/1339 1265/1469/1339
f 1242/1444/1340 1258/1470/1340 1243/1447/1340
f 1251/1448/1341 1265/1469/1341 1266/1471/1341
f 1243/1447/1342 1259/1472/1342 1244/1449/1342
f 1252/1450/1343 1266/1471/1343 1267/1457/1343
f 1244/1449/1344 1260/1473/1344 1245/1451/1344
f 1257/1467/1345 1046/1474/1345 1273/1475/1345
f 1272/1476/1346 1271/1464/1346 1287/1477/1346
f 1265/1469/1347 1280/1478/1347 1281/1479/1347
f 1257/1467/1348 1274/1480/1348 1258/1470/1348
f 1266/1471/1349 1281/1479/1349 1282/1481/1349
f 1258/1470/1350 1275/1482/1350 1259/1472/1350
f 1267/1457/1351 1282/1481/1351 1283/1483/1351
f 1259/1472/1352 1276/1484/1352 1260/1473/1352
f 1268/1458/1353 1283/1483/1353 1284/1485/1353
f 1260/1473/1354 1277/1486/1354 1261/1459/1354
f 1269/1460/1355 1284/1485/1355 1285/1487/1355
f 1261/1459/1356 1278/1488/1356 1262/1461/1356
f 1270/1462/1357 1285/1487/1357 1286/1489/1357
f 1262/1461/1358 1279/1490/1358 1263/1463/1358
f 1271/1464/1359 1286/1489/1359 1287/1477/1359
f 1263/1463/1360 1280/1478/1360 1264/1465/1360
f 1276/1484/1361 1292/1491/1361 1277/1486/1361
f 1285/1487/1362 1299/1492/1362 1300/1493/1362
f 1277/1486/1363 1293/1494/1363 1278/1488/1363
f 1286/1489/1364 1300/1493/1364 1301/1495/1364
f 1278/1488/1365 1294/1496/1365 1279/1490/1365
f 1287/1477/1366 1301/1495/1366 1302/1497/1366
f 1279/1490/1367 1295/1498/1367 1280/1478/1367
f 1273/1475/1368 1046/1499/1368 1288/1500/1368
f 1272/1501/1369 1287/1477/1369 1302/1497/1369
f 1280/1478/1370 1296/1502/1370 1281/1479/1370
f 1273/1475/1371 1289/1503/1371 1274/1480/1371
f 1282/1481/1372 1296/1502/1372 1297/1504/1372
f 1274/1480/1373 1290/1505/1373 1275/1482/1373
f 1283/1483/1374 1297/1504/1374 1298/1506/1374
f 1275/1482/1375 1291/1507/1375 1276/1484/1375
f 1284/1485/1376 1298/1506/1376 1299/1492/1376
f 1295/1498/1377 1311/1508/1377 1296/1502/1377
f 1288/1500/1378 1304/1509/1378 1289/1503/1378
f 1297/1504/1379 1311/1508/1379 1312/1510/1379
f 1289/1503/1380 1305/1511/1380 1290/1505/1380
f 1298/1506/1381 1312/1510/1381 1313/1512/1381
f 1290/1505/1382 1306/1513/1382 1291/1507/1382
f 1299/1492/1383 1313/1512/1383 1314/1514/1383
f 1291/1507/1384 1307/1515/1384 1292/1491/1384
f 1300/1493/1385 1314/1514/1385 1315/1516/1385
f 1292/1491/1386 1308/1517/1386 1293/1494/1386
f 1301/1495/1387 1315/1516/1387 1316/1518/1387
f 1293/1494/1388 1309/1519/1388 1294/1496/1388
f 1302/1497/1389 1316/1518/1389 1317/1520/1389
f 1294/1496/1390 1310/1521/1390 1295/1498/1390
f 1288/1500/1391 1046/1522/1391 1303/1523/1391
f 1272/1524/1392 1302/1497/1392 1317/1520/1392
f 1315/1516/1393 1329/1525/1393 1330/1526/1393
f 1307/1515/1394 1323/1527/1394 1308/1517/1394
f 1316/1518/1395 1330/1526/1395 1331/1528/1395
f 1308/1517/1396 1324/1529/1396 1309/1519/1396
f 1317/1520/1397 1331/1528/1397 1332/1530/1397
f 1309/1519/1398 1325/1531/1398 1310/1521/1398
f 1303/1523/1399 1046/1532/1399 1318/1533/1399
f 1272/1534/1400 1317/1520/1400 1332/1530/1400
f 1310/1521/1401 1326/1535/1401 1311/1508/1401
f 1303/1523/1402 1319/1536/1402 1304/1509/1402
f 1311/1508/1403 1327/1537/1403 1312/1510/1403
f 1304/1509/1404 1320/1538/1404 1305/1511/1404
f 1313/1512/1405 1327/1537/1405 1328/1539/1405
f 1305/1511/1406 1321/1540/1406 1306/1513/1406
f 1314/1514/1407 1328/1539/1407 1329/1525/1407
f 1306/1513/1408 1322/1541/1408 1307/1515/1408
f 1319/1542/1409 1333/1543/1409 1334/1544/1409
f 1326/1545/1410 1342/1546/1410 1327/1547/1410
f 1320/1548/1411 1334/1544/1411 1335/1549/1411
f 1327/1547/1412 1343/1550/1412 1328/1551/1412
f 1321/1552/1413 1335/1549/1413 1336/1553/1413
f 1328/1551/1414 1344/1554/1414 1329/1555/1414
f 1322/1556/1415 1336/1553/1415 1337/1557/1415
f 1329/1555/1416 1345/1558/1416 1330/1559/1416
f 1323/1560/1417 1337/1557/1417 1338/1561/1417
f 1330/1559/1418 1346/1562/1418 1331/1563/1418
f 1323/1560/1419 1339/1564/1419 1324/1565/1419
f 1331/1563/1420 1347/1566/1420 1332/1567/1420
f 1324/1565/1421 1340/1568/1421 1325/1569/1421
f 1318/1570/1422 1046/1571/1422 1333/1543/1422
f 1272/1572/1423 1332/1567/1423 1347/1566/1423
f 1325/1569/1424 1341/1573/1424 1326/1545/1424
f 1338/1561/1425 1352/1574/1425 1353/1575/1425
f 1345/1558/1426 1361/1576/1426 1346/1562/1426
f 1339/1564/1427 1353/1575/1427 1354/1577/1427
f 1346/1562/1428 1362/1578/1428 1347/1566/1428
f 1339/1564/1429 1355/1579/1429 1340/1568/1429
f 1333/1543/1430 1046/1580/1430 1348/1581/1430
f 1272/1582/1431 1347/1566/1431 1362/1578/1431
f 1340/1568/1432 1356/1583/1432 1341/1573/1432
f 1334/1544/1433 1348/1581/1433 1349/1584/1433
f 1341/1573/1434 1357/1585/1434 1342/1546/1434
f 1335/1549/1435 1349/1584/1435 1350/1586/1435
f 1342/1546/1436 1358/1587/1436 1343/1550/1436
f 1336/1553/1437 1350/1586/1437 1351/1588/1437
f 1343/1550/1438 1359/1589/1438 1344/1554/1438
f 1337/1557/1439 1351/1588/1439 1352/1574/1439
f 1344/1554/1440 1360/1590/1440 1345/1558/1440
f 1356/1583/1441 1372/1591/1441 1357/1585/1441
f 1350/1586/1442 1364/1592/1442 1365/1593/1442
f 1357/1585/1443 1373/1594/1443 1358/1587/1443
f 1351/1588/1444 1365/1593/1444 1366/1595/1444
f 1358/1587/1445 1374/1596/1445 1359/1589/1445
f 1352/1574/1446 1366/1595/1446 1367/1597/1446
f 1359/1589/1447 1375/1598/1447 1360/1590/1447
f 1353/1575/1448 1367/1597/1448 1368/1599/1448
f 1360/1590/1449 1376/1600/1449 1361/1576/1449
f 1354/1577/1450 1368/1599/1450 1369/1601/1450
f 1361/1576/1451 1377/1602/1451 1362/1578/1451
f 1355/1579/1452 1369/1601/1452 1370/1603/1452
f 1348/1581/1453 1046/1604/1453 1363/1605/1453
f 1272/1606/1454 1362/1578/1454 1377/1602/1454
f 1355/1579/1455 1371/1607/1455 1356/1583/1455
f 1349/1584/1456 1363/1605/1456 1364/1592/1456
f 1375/1598/1457 1391/1608/1457 1376/1600/1457
f 1369/1601/1458 1383/1609/1458 1384/1610/1458
f 1376/1600/1459 1392/1611/1459 1377/1602/1459
f 1370/1603/1460 1384/1610/1460 1385/1612/1460
f 1363/1605/1461 1046/1613/1461 1378/1614/1461
f 1272/1615/1462 1377/1602/1462 1392/1611/1462
f 1370/1603/1463 1386/1616/1463 1371/1607/1463
f 1364/1592/1464 1378/1614/1464 1379/1617/1464
f 1371/1607/1465 1387/1618/1465 1372/1591/1465
f 1365/1593/1466 1379/1617/1466 1380/1619/1466
f 1372/1591/1467 1388/1620/1467 1373/1594/1467
f 1366/1595/1468 1380/1619/1468 1381/1621/1468
f 1373/1594/1469 1389/1622/1469 1374/1596/1469
f 1367/1597/1470 1381/1621/1470 1382/1623/1470
f 1374/1596/1471 1390/1624/1471 1375/1598/1471
f 1368/1599/1472 1382/1623/1472 1383/1609/1472
f 1387/1618/1473 1403/1625/1473 1388/1620/1473
f 1381/1621/1474 1395/1626/1474 1396/1627/1474
f 1388/1620/1475 1404/1628/1475 1389/1622/1475
f 1382/1623/1476 1396/1627/1476 1397/1629/1476
f 1389/1622/1477 1405/1630/1477 1390/1624/1477
f 1383/1609/1478 1397/1629/1478 1398/1631/1478
f 1390/1624/1479 1406/1632/1479 1391/1608/1479
f 1384/1610/1480 1398/1631/1480 1399/1633/1480
f 1391/1608/1481 1407/1634/1481 1392/1611/1481
f 1385/1612/1482 1399/1633/1482 1400/1635/1482
f 1378/1614/1483 1046/1636/1483 1393/1637/1483
f 1272/1638/1484 1392/1611/1484 1407/1634/1484
f 1385/1612/1485 1401/1639/1485 1386/1616/1485
f 1379/1617/1486 1393/1637/1486 1394/1640/1486
f 1386/1616/1487 1402/1641/1487 1387/1618/1487
f 1380/1619/1488 1394/1640/1488 1395/1626/1488
f 1406/1632/1489 1422/1642/1489 1407/1634/1489
f 1400/1635/1490 1414/1643/1490 1415/1644/1490
f 1393/1637/1491 1046/1645/1491 1408/1646/1491
f 1272/1647/1492 1407/1634/1492 1422/1642/1492
f 1400/1635/1493 1416/1648/1493 1401/1639/1493
f 1394/1640/1494 1408/1646/1494 1409/1649/1494
f 1401/1639/1495 1417/1650/1495 1402/1641/1495
f 1395/1626/1496 1409/1649/1496 1410/1651/1496
f 1402/1641/1497 1418/1652/1497 1403/1625/1497
f 1396/1627/1498 1410/1651/1498 1411/1653/1498
f 1403/1625/1499 1419/1654/1499 1404/1628/1499
f 1397/1629/1500 1411/1653/1500 1412/1655/1500
f 1404/1628/1501 1420/1656/1501 1405/1630/1501
f 1398/1631/1502 1412/1655/1502 1413/1657/1502
f 1405/1630/1503 1421/1658/1503 1406/1632/1503
f 1399/1633/1504 1413/1657/1504 1414/1643/1504
f 1411/1653/1505 1425/1659/1505 1426/1660/1505
f 1418/1652/1506 1434/1661/1506 1419/1654/1506
f 1412/1655/1507 1426/1660/1507 1427/1662/1507
f 1419/1654/1508 1435/1663/1508 1420/1656/1508
f 1413/1657/1509 1427/1662/1509 1428/1664/1509
f 1420/1656/1510 1436/1665/1510 1421/1658/1510
f 1414/1643/1511 1428/1664/1511 1429/1666/1511
f 1421/1658/1512 1437/1667/1512 1422/1642/1512
f 1415/1644/1513 1429/1666/1513 1430/1668/1513
f 1408/1646/1514 1046/1669/1514 1423/1670/1514
f 1272/1671/1515 1422/1642/1515 1437/1667/1515
f 1415/1644/1516 1431/1672/1516 1416/1648/1516
f 1409/1649/1517 1423/1670/1517 1424/1673/1517
f 1416/1648/1518 1432/1674/1518 1417/1650/1518
f 1410/1651/1519 1424/1673/1519 1425/1659/1519
f 1417/1650/1520 1433/1675/1520 1418/1652/1520
f 1430/1668/1521 967/1150/1521 968/1122/1521
f 1423/1670/1522 1046/1676/1522 1438/1125/1522
f 1272/1677/1523 1437/1667/1523 1446/1119/1523
f 1431/1672/1524 968/1122/1524 969/1129/1524
f 1424/1673/1525 1438/1125/1525 1439/1132/1525
f 1431/1672/1526 1442/1133/1526 1432/1674/1526
f 1425/1659/1527 1439/1132/1527 965/1136/1527
f 1432/1674/1528 970/1137/1528 1433/1675/1528
f 1426/1660/1529 965/1136/1529 1440/1140/1529
f 1433/1675/1530 1443/1141/1530 1434/1661/1530
f 1427/1662/1531 1440/1140/1531 966/1144/1531
f 1434/1661/1532 1444/1145/1532 1435/1663/1532
f 1428/1664/1533 966/1144/1533 1441/1148/1533
f 1435/1663/1534 1445/1149/1534 1436/1665/1534
f 1429/1666/1535 1441/1148/1535 967/1150/1535
f 1436/1665/1536 1446/1119/1536 1437/1667/1536
f 1926/1678/1537 1464/1679/1537 1465/1680/1537
f 1923/1681/1538 1457/1682/1538 1458/1683/1538
f 1927/1684/1539 1465/1680/1539 1466/1685/1539
f 1449/1686/1540 1458/1683/1540 1459/1687/1540
f 1928/1688/1541 1466/1685/1541 1467/1689/1541
f 1450/1690/1542 1459/1687/1542 1460/1691/1542
f 1920/1692/1543 1528/1693/1543 1453/1694/1543
f 1754/1695/1544 1928/1688/1544 1467/1689/1544
f 1451/1696/1545 1460/1691/1545 1461/1697/1545
f 1920/1692/1546 1454/1698/1546 1921/1699/1546
f 1924/1700/1547 1461/1697/1547 1462/1701/1547
f 1921/1699/1548 1455/1702/1548 1447/1703/1548
f 1452/1704/1549 1462/1701/1549 1463/1705/1549
f 1447/1703/1550 1456/1706/1550 1922/1707/1550
f 1925/1708/1551 1463/1705/1551 1464/1679/1551
f 1448/1709/1552 1456/1706/1552 1457/1682/1552
f 1464/1679/1553 1478/1710/1553 1479/1711/1553
f 1456/1706/1554 1472/1712/1554 1457/1682/1554
f 1465/1680/1555 1479/1711/1555 1480/1713/1555
f 1457/1682/1556 1473/1714/1556 1458/1683/1556
f 1466/1685/1557 1480/1713/1557 1481/1715/1557
f 1459/1687/1558 1473/1714/1558 1474/1716/1558
f 1467/1689/1559 1481/1715/1559 1482/1717/1559
f 1460/1691/1560 1474/1716/1560 1475/1718/1560
f 1453/1694/1561 1528/1719/1561 1468/1720/1561
f 1754/1721/1562 1467/1689/1562 1482/1717/1562
f 1461/1697/1563 1475/1718/1563 1476/1722/1563
f 1453/1694/1564 1469/1723/1564 1454/1698/1564
f 1462/1701/1565 1476/1722/1565 1477/1724/1565
f 1454/1698/1566 1470/1725/1566 1455/1702/1566
f 1463/1705/1567 1477/1724/1567 1478/1710/1567
f 1455/1702/1568 1471/1726/1568 1456/1706/1568
f 1468/1720/1569 1528/1727/1569 1483/1728/1569
f 1754/1729/1570 1482/1717/1570 1497/1730/1570
f 1476/1722/1571 1490/1731/1571 1491/1732/1571
f 1468/1720/1572 1484/1733/1572 1469/1723/1572
f 1477/1724/1573 1491/1732/1573 1492/1734/1573
f 1469/1723/1574 1485/1735/1574 1470/1725/1574
f 1478/1710/1575 1492/1734/1575 1493/1736/1575
f 1470/1725/1576 1486/1737/1576 1471/1726/1576
f 1479/1711/1577 1493/1736/1577 1494/1738/1577
f 1471/1726/1578 1487/1739/1578 1472/1712/1578
f 1480/1713/1579 1494/1738/1579 1495/1740/1579
f 1472/1712/1580 1488/1741/1580 1473/1714/1580
f 1481/1715/1581 1495/1740/1581 1496/1742/1581
f 1473/1714/1582 1489/1743/1582 1474/1716/1582
f 1482/1717/1583 1496/1742/1583 1497/1730/1583
f 1475/1718/1584 1489/1743/1584 1490/1731/1584
f 1486/1737/1585 1502/1744/1585 1487/1739/1585
f 1495/1740/1586 1509/1745/1586 1510/1746/1586
f 1487/1739/1587 1503/1747/1587 1488/1741/1587
f 1496/1742/1588 1510/1746/1588 1511/1748/1588
f 1488/1741/1589 1504/1749/1589 1489/1743/1589
f 1497/1730/1590 1511/1748/1590 1512/1750/1590
f 1490/1731/1591 1504/1749/1591 1505/1751/1591
f 1483/1728/1592 1528/1752/1592 1498/1753/1592
f 1754/1754/1593 1497/1730/1593 1512/1750/1593
f 1491/1732/1594 1505/1751/1594 1506/1755/1594
f 1483/1728/1595 1499/1756/1595 1484/1733/1595
f 1492/1734/1596 1506/1755/1596 1507/1757/1596
f 1484/1733/1597 1500/1758/1597 1485/1735/1597
f 1493/1736/1598 1507/1757/1598 1508/1759/1598
f 1485/1735/1599 1501/1760/1599 1486/1737/1599
f 1494/1738/1600 1508/1759/1600 1509/1745/1600
f 1506/1755/1601 1520/1761/1601 1521/1762/1601
f 1498/1753/1602 1514/1763/1602 1499/1756/1602
f 1507/1757/1603 1521/1762/1603 1522/1764/1603
f 1499/1756/1604 1515/1765/1604 1500/1758/1604
f 1508/1759/1605 1522/1764/1605 1523/1766/1605
f 1500/1758/1606 1516/1767/1606 1501/1760/1606
f 1509/1745/1607 1523/1766/1607 1524/1768/1607
f 1501/1760/1608 1517/1769/1608 1502/1744/1608
f 1510/1746/1609 1524/1768/1609 1525/1770/1609
f 1502/1744/1610 1518/1771/1610 1503/1747/1610
f 1511/1748/1611 1525/1770/1611 1526/1772/1611
f 1503/1747/1612 1519/1773/1612 1504/1749/1612
f 1512/1750/1613 1526/1772/1613 1527/1774/1613
f 1505/1751/1614 1519/1773/1614 1520/1761/1614
f 1498/1753/1615 1528/1775/1615 1513/1776/1615
f 1754/1777/1616 1512/1750/1616 1527/1774/1616
f 1525/1770/1617 1540/1778/1617 1541/1779/1617
f 1517/1769/1618 1534/1780/1618 1518/1771/1618
f 1526/1772/1619 1541/1779/1619 1542/1781/1619
f 1519/1773/1620 1534/1780/1620 1535/1782/1620
f 1527/1774/1621 1542/1781/1621 1543/1783/1621
f 1520/1761/1622 1535/1782/1622 1536/1784/1622
f 1513/1776/1623 1528/1785/1623 1529/1786/1623
f 1754/1787/1624 1527/1774/1624 1543/1783/1624
f 1521/1762/1625 1536/1784/1625 1537/1788/1625
f 1513/1776/1626 1530/1789/1626 1514/1763/1626
f 1522/1764/1627 1537/1788/1627 1538/1790/1627
f 1514/1763/1628 1531/1791/1628 1515/1765/1628
f 1523/1766/1629 1538/1790/1629 1539/1792/1629
f 1515/1765/1630 1532/1793/1630 1516/1767/1630
f 1524/1768/1631 1539/1792/1631 1540/1778/1631
f 1516/1767/1632 1533/1794/1632 1517/1769/1632
f 1529/1786/1633 1545/1795/1633 1530/1789/1633
f 1538/1790/1634 1552/1796/1634 1553/1797/1634
f 1530/1789/1635 1546/1798/1635 1531/1791/1635
f 1539/1792/1636 1553/1797/1636 1554/1799/1636
f 1531/1791/1637 1547/1800/1637 1532/1793/1637
f 1540/1778/1638 1554/1799/1638 1555/1801/1638
f 1532/1793/1639 1548/1802/1639 1533/1794/1639
f 1541/1779/1640 1555/1801/1640 1556/1803/1640
f 1533/1794/1641 1549/1804/1641 1534/1780/1641
f 1542/1781/1642 1556/1803/1642 1557/1805/1642
f 1535/1782/1643 1549/1804/1643 1550/1806/1643
f 1543/1783/1644 1557/1805/1644 1558/1807/1644
f 1536/1784/1645 1550/1806/1645 1551/1808/1645
f 1529/1786/1646 1528/1809/1646 1544/1810/1646
f 1754/1811/1647 1543/1783/1647 1558/1807/1647
f 1537/1788/1648 1551/1808/1648 1552/1796/1648
f 1549/1804/1649 1563/1812/1649 1564/1813/1649
f 1557/1805/1650 1571/1814/1650 1572/1815/1650
f 1550/1806/1651 1564/1813/1651 1565/1816/1651
f 1558/1807/1652 1572/1815/1652 1573/1817/1652
f 1551/1808/1653 1565/1816/1653 1566/1818/1653
f 1544/1810/1654 1528/1819/1654 1559/1820/1654
f 1754/1821/1655 1558/1807/1655 1573/1817/1655
f 1552/1796/1656 1566/1818/1656 1567/1822/1656
f 1544/1810/1657 1560/1823/1657 1545/1795/1657
f 1553/1797/1658 1567/1822/1658 1568/1824/1658
f 1545/1795/1659 1561/1825/1659 1546/1798/1659
f 1554/1799/1660 1568/1824/1660 1569/1826/1660
f 1546/1798/1661 1562/1827/1661 1547/1800/1661
f 1555/1801/1662 1569/1826/1662 1570/1828/1662
f 1548/1802/1663 1562/1827/1663 1563/1812/1663
f 1556/1803/1664 1570/1828/1664 1571/1814/1664
f 1568/1824/1665 1582/1829/1665 1583/1830/1665
f 1561/1825/1666 1575/1831/1666 1576/1832/1666
f 1569/1826/1667 1583/1830/1667 1584/1833/1667
f 1562/1827/1668 1576/1832/1668 1577/1834/1668
f 1570/1828/1669 1584/1833/1669 1585/1835/1669
f 1563/1812/1670 1577/1834/1670 1578/1836/1670
f 1571/1814/1671 1585/1835/1671 1586/1837/1671
f 1564/1813/1672 1578/1836/1672 1579/1838/1672
f 1572/1815/1673 1586/1837/1673 1587/1839/1673
f 1565/1816/1674 1579/1838/1674 1580/1840/1674
f 1572/1815/1675 1588/1841/1675 1573/1817/1675
f 1566/1818/1676 1580/1840/1676 1581/1842/1676
f 1559/1820/1677 1528/1843/1677 1574/1844/1677
f 1754/1845/1678 1573/1817/1678 1588/1841/1678
f 1567/1822/1679 1581/1842/1679 1582/1829/1679
f 1560/1823/1680 1574/1844/1680 1575/1831/1680
f 1586/1837/1681 1602/1846/1681 1587/1839/1681
f 1580/1840/1682 1594/1847/1682 1595/1848/1682
f 1587/1839/1683 1603/1849/1683 1588/1841/1683
f 1581/1842/1684 1595/1848/1684 1596/1850/1684
f 1574/1844/1685 1528/1851/1685 1589/1852/1685
f 1754/1853/1686 1588/1841/1686 1603/1849/1686
f 1582/1829/1687 1596/1850/1687 1597/1854/1687
f 1575/1831/1688 1589/1852/1688 1590/1855/1688
f 1583/1830/1689 1597/1854/1689 1598/1856/1689
f 1576/1832/1690 1590/1855/1690 1591/1857/1690
f 1583/1830/1691 1599/1858/1691 1584/1833/1691
f 1577/1834/1692 1591/1857/1692 1592/1859/1692
f 1584/1833/1693 1600/1860/1693 1585/1835/1693
f 1578/1836/1694 1592/1859/1694 1593/1861/1694
f 1585/1835/1695 1601/1862/1695 1586/1837/1695
f 1579/1838/1696 1593/1861/1696 1594/1847/1696
f 1598/1856/1697 1614/1863/1697 1599/1858/1697
f 1592/1859/1698 1606/1864/1698 1607/1865/1698
f 1599/1858/1699 1615/1866/1699 1600/1860/1699
f 1593/1861/1700 1607/1865/1700 1608/1867/1700
f 1600/1860/1701 1616/1868/1701 1601/1862/1701
f 1594/1847/1702 1608/1867/1702 1609/1869/1702
f 1601/1862/1703 1617/1870/1703 1602/1846/1703
f 1595/1848/1704 1609/1869/1704 1610/1871/1704
f 1602/1846/1705 1618/1872/1705 1603/1849/1705
f 1596/1850/1706 1610/1871/1706 1611/1873/1706
f 1589/1852/1707 1528/1874/1707 1604/1875/1707
f 1754/1876/1708 1603/1849/1708 1618/1872/1708
f 1597/1854/1709 1611/1873/1709 1612/1877/1709
f 1590/1855/1710 1604/1875/1710 1605/1878/1710
f 1597/1854/1711 1613/1879/1711 1598/1856/1711
f 1591/1857/1712 1605/1878/1712 1606/1864/1712
f 1617/1870/1713 1633/1880/1713 1618/1872/1713
f 1611/1873/1714 1625/1881/1714 1626/1882/1714
f 1604/1875/1715 1528/1883/1715 1619/1884/1715
f 1754/1885/1716 1618/1872/1716 1633/1880/1716
f 1612/1877/1717 1626/1882/1717 1627/1886/1717
f 1605/1878/1718 1619/1884/1718 1620/1887/1718
f 1612/1877/1719 1628/1888/1719 1613/1879/1719
f 1606/1864/1720 1620/1887/1720 1621/1889/1720
f 1613/1879/1721 1629/1890/1721 1614/1863/1721
f 1607/1865/1722 1621/1889/1722 1622/1891/1722
f 1614/1863/1723 1630/1892/1723 1615/1866/1723
f 1608/1867/1724 1622/1891/1724 1623/1893/1724
f 1615/1866/1725 1631/1894/1725 1616/1868/1725
f 1609/1869/1726 1623/1893/1726 1624/1895/1726
f 1616/1868/1727 1632/1896/1727 1617/1870/1727
f 1610/1871/1728 1624/1895/1728 1625/1881/1728
f 1622/1891/1729 1636/1897/1729 1637/1898/1729
f 1629/1890/1730 1645/1899/1730 1630/1892/1730
f 1623/1893/1731 1637/1898/1731 1638/1900/1731
f 1630/1892/1732 1646/1901/1732 1631/1894/1732
f 1624/1895/1733 1638/1900/1733 1639/1902/1733
f 1631/1894/1734 1647/1903/1734 1632/1896/1734
f 1625/1881/1735 1639/1902/1735 1640/1904/1735
f 1632/1896/1736 1648/1905/1736 1633/1880/1736
f 1626/1882/1737 1640/1904/1737 1641/1906/1737
f 1619/1884/1738 1528/1907/1738 1634/1908/1738
f 1754/1909/1739 1633/1880/1739 1648/1905/1739
f 1627/1886/1740 1641/1906/1740 1642/1910/1740
f 1620/1887/1741 1634/1908/1741 1635/1911/1741
f 1627/1886/1742 1643/1912/1742 1628/1888/1742
f 1621/1889/1743 1635/1911/1743 1636/1897/1743
f 1628/1888/1744 1644/1913/1744 1629/1890/1744
f 1641/1906/1745 1655/1914/1745 1656/1915/1745
f 1634/1908/1746 1528/1916/1746 1649/1917/1746
f 1754/1918/1747 1648/1905/1747 1663/1919/1747
f 1641/1906/1748 1657/1920/1748 1642/1910/1748
f 1635/1911/1749 1649/1917/1749 1650/1921/1749
f 1642/1910/1750 1658/1922/1750 1643/1912/1750
f 1636/1897/1751 1650/1921/1751 1651/1923/1751
f 1643/1912/1752 1659/1924/1752 1644/1913/1752
f 1637/1898/1753 1651/1923/1753 1652/1925/1753
f 1644/1913/1754 1660/1926/1754 1645/1899/1754
f 1638/1900/1755 1652/1925/1755 1653/1927/1755
f 1645/1899/1756 1661/1928/1756 1646/1901/1756
f 1639/1902/1757 1653/1927/1757 1654/1929/1757
f 1646/1901/1758 1662/1930/1758 1647/1903/1758
f 1640/1904/1759 1654/1929/1759 1655/1914/1759
f 1647/1903/1760 1663/1919/1760 1648/1905/1760
f 1659/1924/1761 1675/1931/1761 1660/1926/1761
f 1653/1927/1762 1667/1932/1762 1668/1933/1762
f 1660/1926/1763 1676/1934/1763 1661/1928/1763
f 1654/1929/1764 1668/1933/1764 1669/1935/1764
f 1661/1928/1765 1677/1936/1765 1662/1930/1765
f 1655/1914/1766 1669/1935/1766 1670/1937/1766
f 1662/1930/1767 1678/1938/1767 1663/1919/1767
f 1656/1915/1768 1670/1937/1768 1671/1939/1768
f 1649/1917/1769 1528/1940/1769 1664/1941/1769
f 1754/1942/1770 1663/1919/1770 1678/1938/1770
f 1656/1915/1771 1672/1943/1771 1657/1920/1771
f 1650/1921/1772 1664/1941/1772 1665/1944/1772
f 1657/1920/1773 1673/1945/1773 1658/1922/1773
f 1651/1923/1774 1665/1944/1774 1666/1946/1774
f 1658/1922/1775 1674/1947/1775 1659/1924/1775
f 1652/1925/1776 1666/1946/1776 1667/1932/1776
f 1664/1941/1777 1528/1948/1777 1679/1949/1777
f 1754/1950/1778 1678/1938/1778 1693/1951/1778
f 1671/1939/1779 1687/1952/1779 1672/1943/1779
f 1665/1944/1780 1679/1949/1780 1680/1953/1780
f 1672/1943/1781 1688/1954/1781 1673/1945/1781
f 1666/1946/1782 1680/1953/1782 1681/1955/1782
f 1673/1945/1783 1689/1956/1783 1674/1947/1783
f 1667/1932/1784 1681/1955/1784 1682/1957/1784
f 1674/1947/1785 1690/1958/1785 1675/1931/1785
f 1668/1933/1786 1682/1957/1786 1683/1959/1786
f 1675/1931/1787 1691/1960/1787 1676/1934/1787
f 1669/1935/1788 1683/1959/1788 1684/1961/1788
f 1676/1934/1789 1692/1962/1789 1677/1936/1789
f 1670/1937/1790 1684/1961/1790 1685/1963/1790
f 1677/1936/1791 1693/1951/1791 1678/1938/1791
f 1670/1937/1792 1686/1964/1792 1671/1939/1792
f 1682/1957/1793 1698/1965/1793 1683/1959/1793
f 1691/1960/1794 1705/1966/1794 1706/1967/1794
f 1683/1959/1795 1699/1968/1795 1684/1961/1795
f 1692/1962/1796 1706/1967/1796 1707/1969/1796
f 1684/1961/1797 1700/1970/1797 1685/1963/1797
f 1693/1951/1798 1707/1969/1798 1708/1971/1798
f 1685/1963/1799 1701/1972/1799 1686/1964/1799
f 1679/1949/1800 1528/1973/1800 1694/1974/1800
f 1754/1975/1801 1693/1951/1801 1708/1971/1801
f 1686/1964/1802 1702/1976/1802 1687/1952/1802
f 1679/1949/1803 1695/1977/1803 1680/1953/1803
f 1687/1952/1804 1703/1978/1804 1688/1954/1804
f 1680/1953/1805 1696/1979/1805 1681/1955/1805
f 1688/1954/1806 1704/1980/1806 1689/1956/1806
f 1681/1955/1807 1697/1981/1807 1682/1957/1807
f 1689/1956/1808 1705/1966/1808 1690/1958/1808
f 1701/1972/1809 1717/1982/1809 1702/1976/1809
f 1694/1974/1810 1710/1983/1810 1695/1977/1810
f 1702/1976/1811 1718/1984/1811 1703/1978/1811
f 1695/1977/1812 1711/1985/1812 1696/1979/1812
f 1704/1980/1813 1718/1984/1813 1719/1986/1813
f 1696/1979/1814 1712/1987/1814 1697/1981/1814
f 1705/1966/1815 1719/1986/1815 1720/1988/1815
f 1697/1981/1816 1713/1989/1816 1698/1965/1816
f 1706/1967/1817 1720/1988/1817 1721/1990/1817
f 1698/1965/1818 1714/1991/1818 1699/1968/1818
f 1707/1969/1819 1721/1990/1819 1722/1992/1819
f 1699/1968/1820 1715/1993/1820 1700/1970/1820
f 1708/1971/1821 1722/1992/1821 1723/1994/1821
f 1700/1970/1822 1716/1995/1822 1701/1972/1822
f 1694/1974/1823 1528/1996/1823 1709/1997/1823
f 1754/1998/1824 1708/1971/1824 1723/1994/1824
f 1721/1990/1825 1735/1999/1825 1736/2000/1825
f 1713/1989/1826 1729/2001/1826 1714/1991/1826
f 1722/1992/1827 1736/2000/1827 1737/2002/1827
f 1714/1991/1828 1730/2003/1828 1715/1993/1828
f 1723/1994/1829 1737/2002/1829 1738/2004/1829
f 1715/1993/1830 1731/2005/1830 1716/1995/1830
f 1709/1997/1831 1528/2006/1831 1724/2007/1831
f 1754/2008/1832 1723/1994/1832 1738/2004/1832
f 1716/1995/1833 1732/2009/1833 1717/1982/1833
f 1709/1997/1834 1725/2010/1834 1710/1983/1834
f 1718/1984/1835 1732/2009/1835 1733/2011/1835
f 1710/1983/1836 1726/2012/1836 1711/1985/1836
f 1719/1986/1837 1733/2011/1837 1734/2013/1837
f 1711/1985/1838 1727/2014/1838 1712/1987/1838
f 1720/1988/1839 1734/2013/1839 1735/1999/1839
f 1712/1987/1840 1728/2015/1840 1713/1989/1840
f 1733/2011/1841 1747/2016/1841 1748/2017/1841
f 1725/2010/1842 1741/2018/1842 1726/2012/1842
f 1734/2013/1843 1748/2017/1843 1749/2019/1843
f 1726/2012/1844 1742/2020/1844 1727/2014/1844
f 1735/1999/1845 1749/2019/1845 1750/2021/1845
f 1727/2014/1846 1743/2022/1846 1728/2015/1846
f 1736/2000/1847 1750/2021/1847 1751/2023/1847
f 1728/2015/1848 1744/2024/1848 1729/2001/1848
f 1737/2002/1849 1751/2023/1849 1752/2025/1849
f 1729/2001/1850 1745/2026/1850 1730/2003/1850
f 1738/2004/1851 1752/2025/1851 1753/2027/1851
f 1730/2003/1852 1746/2028/1852 1731/2005/1852
f 1724/2007/1853 1528/2029/1853 1739/2030/1853
f 1754/2031/1854 1738/2004/1854 1753/2027/1854
f 1731/2005/1855 1747/2016/1855 1732/2009/1855
f 1724/2007/1856 1740/2032/1856 1725/2010/1856
f 1752/2025/1857 1767/2033/1857 1768/2034/1857
f 1744/2024/1858 1761/2035/1858 1745/2026/1858
f 1753/2027/1859 1768/2034/1859 1769/2036/1859
f 1745/2026/1860 1762/2037/1860 1746/2028/1860
f 1739/2030/1861 1528/2038/1861 1755/2039/1861
f 1754/2040/1862 1753/2027/1862 1769/2036/1862
f 1746/2028/1863 1763/2041/1863 1747/2016/1863
f 1739/2030/1864 1756/2042/1864 1740/2032/1864
f 1748/2017/1865 1763/2041/1865 1764/2043/1865
f 1740/2032/1866 1757/2044/1866 1741/2018/1866
f 1749/2019/1867 1764/2043/1867 1765/2045/1867
f 1741/2018/1868 1758/2046/1868 1742/2020/1868
f 1750/2021/1869 1765/2045/1869 1766/2047/1869
f 1742/2020/1870 1759/2048/1870 1743/2022/1870
f 1751/2023/1871 1766/2047/1871 1767/2033/1871
f 1743/2022/1872 1760/2049/1872 1744/2024/1872
f 1756/2042/1873 1772/2050/1873 1757/2044/1873
f 1765/2045/1874 1779/2051/1874 1780/2052/1874
f 1757/2044/1875 1773/2053/1875 1758/2046/1875
f 1766/2047/1876 1780/2052/1876 1781/2054/1876
f 1758/2046/1877 1774/2055/1877 1759/2048/1877
f 1767/2033/1878 1781/2054/1878 1782/2056/1878
f 1759/2048/1879 1775/2057/1879 1760/2049/1879
f 1768/2034/1880 1782/2056/1880 1783/2058/1880
f 1760/2049/1881 1776/2059/1881 1761/2035/1881
f 1769/2036/1882 1783/2058/1882 1784/2060/1882
f 1761/2035/1883 1777/2061/1883 1762/2037/1883
f 1755/2039/1884 1528/2062/1884 1770/2063/1884
f 1754/2064/1885 1769/2036/1885 1784/2060/1885
f 1762/2037/1886 1778/2065/1886 1763/2041/1886
f 1755/2039/1887 1771/2066/1887 1756/2042/1887
f 1763/2041/1888 1779/2051/1888 1764/2043/1888
f 1775/2057/1889 1791/2067/1889 1776/2059/1889
f 1784/2060/1890 1798/2068/1890 1799/2069/1890
f 1776/2059/1891 1792/2070/1891 1777/2061/1891
f 1770/2063/1892 1528/2071/1892 1785/2072/1892
f 1754/2073/1893 1784/2060/1893 1799/2069/1893
f 1777/2061/1894 1793/2074/1894 1778/2065/1894
f 1770/2063/1895 1786/2075/1895 1771/2066/1895
f 1778/2065/1896 1794/2076/1896 1779/2051/1896
f 1771/2066/1897 1787/2077/1897 1772/2050/1897
f 1780/2052/1898 1794/2076/1898 1795/2078/1898
f 1772/2050/1899 1788/2079/1899 1773/2053/1899
f 1781/2054/1900 1795/2078/1900 1796/2080/1900
f 1773/2053/1901 1789/2081/1901 1774/2055/1901
f 1782/2056/1902 1796/2080/1902 1797/2082/1902
f 1774/2055/1903 1790/2083/1903 1775/2057/1903
f 1783/2058/1904 1797/2082/1904 1798/2068/1904
f 1794/2076/1905 1810/2084/1905 1795/2078/1905
f 1787/2077/1906 1803/2085/1906 1788/2079/1906
f 1795/2078/1907 1811/2086/1907 1796/2080/1907
f 1788/2079/1908 1804/2087/1908 1789/2081/1908
f 1797/2082/1909 1811/2086/1909 1812/2088/1909
f 1789/2081/1910 1805/2089/1910 1790/2083/1910
f 1798/2068/1911 1812/2088/1911 1813/2090/1911
f 1790/2083/1912 1806/2091/1912 1791/2067/1912
f 1799/2069/1913 1813/2090/1913 1814/2092/1913
f 1791/2067/1914 1807/2093/1914 1792/2070/1914
f 1785/2072/1915 1528/2094/1915 1800/2095/1915
f 1754/2096/1916 1799/2069/1916 1814/2092/1916
f 1792/2070/1917 1808/2097/1917 1793/2074/1917
f 1785/2072/1918 1801/2098/1918 1786/2075/1918
f 1793/2074/1919 1809/2099/1919 1794/2076/1919
f 1786/2075/1920 1802/2100/1920 1787/2077/1920
f 1813/2101/1921 1829/2102/1921 1814/2103/1921
f 1806/2104/1922 1822/2105/1922 1807/2106/1922
f 1800/2107/1923 1528/2108/1923 1815/2109/1923
f 1754/2110/1924 1814/2103/1924 1829/2102/1924
f 1807/2106/1925 1823/2111/1925 1808/2112/1925
f 1801/2113/1926 1815/2109/1926 1816/2114/1926
f 1808/2112/1927 1824/2115/1927 1809/2116/1927
f 1801/2113/1928 1817/2117/1928 1802/2118/1928
f 1809/2116/1929 1825/2119/1929 1810/2120/1929
f 1802/2118/1930 1818/2121/1930 1803/2122/1930
f 1810/2120/1931 1826/2123/1931 1811/2124/1931
f 1803/2122/1932 1819/2125/1932 1804/2126/1932
f 1811/2124/1933 1827/2127/1933 1812/2128/1933
f 1804/2126/1934 1820/2129/1934 1805/2130/1934
f 1812/2128/1935 1828/2131/1935 1813/2101/1935
f 1805/2130/1936 1821/2132/1936 1806/2104/1936
f 1818/2121/1937 1832/2133/1937 1833/2134/1937
f 1825/2119/1938 1841/2135/1938 1826/2123/1938
f 1819/2125/1939 1833/2134/1939 1834/2136/1939
f 1826/2123/1940 1842/2137/1940 1827/2127/1940
f 1820/2129/1941 1834/2136/1941 1835/2138/1941
f 1827/2127/1942 1843/2139/1942 1828/2131/1942
f 1820/2129/1943 1836/2140/1943 1821/2132/1943
f 1828/2131/1944 1844/2141/1944 1829/2102/1944
f 1821/2132/1945 1837/2142/1945 1822/2105/1945
f 1815/2109/1946 1528/2143/1946 1830/2144/1946
f 1754/2145/1947 1829/2102/1947 1844/2141/1947
f 1822/2105/1948 1838/2146/1948 1823/2111/1948
f 1816/2114/1949 1830/2144/1949 1831/2147/1949
f 1823/2111/1950 1839/2148/1950 1824/2115/1950
f 1817/2117/1951 1831/2147/1951 1832/2133/1951
f 1824/2115/1952 1840/2149/1952 1825/2119/1952
f 1836/2140/1953 1852/2150/1953 1837/2142/1953
f 1830/2144/1954 1528/2151/1954 1845/2152/1954
f 1754/2153/1955 1844/2141/1955 1859/2154/1955
f 1837/2142/1956 1853/2155/1956 1838/2146/1956
f 1831/2147/1957 1845/2152/1957 1846/2156/1957
f 1838/2146/1958 1854/2157/1958 1839/2148/1958
f 1832/2133/1959 1846/2156/1959 1847/2158/1959
f 1839/2148/1960 1855/2159/1960 1840/2149/1960
f 1833/2134/1961 1847/2158/1961 1848/2160/1961
f 1840/2149/1962 1856/2161/1962 1841/2135/1962
f 1834/2136/1963 1848/2160/1963 1849/2162/1963
f 1841/2135/1964 1857/2163/1964 1842/2137/1964
f 1835/2138/1965 1849/2162/1965 1850/2164/1965
f 1842/2137/1966 1858/2165/1966 1843/2139/1966
f 1836/2140/1967 1850/2164/1967 1851/2166/1967
f 1843/2139/1968 1859/2154/1968 1844/2141/1968
f 1855/2159/1969 1871/2167/1969 1856/2161/1969
f 1849/2162/1970 1863/2168/1970 1864/2169/1970
f 1856/2161/1971 1872/2170/1971 1857/2163/1971
f 1850/2164/1972 1864/2169/1972 1865/2171/1972
f 1857/2163/1973 1873/2172/1973 1858/2165/1973
f 1851/2166/1974 1865/2171/1974 1866/2173/1974
f 1858/2165/1975 1874/2174/1975 1859/2154/1975
f 1851/2166/1976 1867/2175/1976 1852/2150/1976
f 1845/2152/1977 1528/2176/1977 1860/2177/1977
f 1754/2178/1978 1859/2154/1978 1874/2174/1978
f 1852/2150/1979 1868/2179/1979 1853/2155/1979
f 1846/2156/1980 1860/2177/1980 1861/2180/1980
f 1853/2155/1981 1869/2181/1981 1854/2157/1981
f 1847/2158/1982 1861/2180/1982 1862/2182/1982
f 1854/2157/1983 1870/2183/1983 1855/2159/1983
f 1848/2160/1984 1862/2182/1984 1863/2168/1984
f 1754/2184/1985 1874/2174/1985 1889/2185/1985
f 1867/2175/1986 1883/2186/1986 1868/2179/1986
f 1861/2180/1987 1875/2187/1987 1876/2188/1987
f 1868/2179/1988 1884/2189/1988 1869/2181/1988
f 1862/2182/1989 1876/2188/1989 1877/2190/1989
f 1869/2181/1990 1885/2191/1990 1870/2183/1990
f 1863/2168/1991 1877/2190/1991 1878/2192/1991
f 1870/2183/1992 1886/2193/1992 1871/2167/1992
f 1864/2169/1993 1878/2192/1993 1879/2194/1993
f 1871/2167/1994 1887/2195/1994 1872/2170/1994
f 1865/2171/1995 1879/2194/1995 1880/2196/1995
f 1872/2170/1996 1888/2197/1996 1873/2172/1996
f 1866/2173/1997 1880/2196/1997 1881/2198/1997
f 1873/2172/1998 1889/2185/1998 1874/2174/1998
f 1866/2173/1999 1882/2199/1999 1867/2175/1999
f 1860/2177/2000 1528/2200/2000 1875/2187/2000
f 1886/2193/2001 1902/2201/2001 1887/2195/2001
f 1880/2196/2002 1894/2202/2002 1895/2203/2002
f 1887/2195/2003 1903/2204/2003 1888/2197/2003
f 1881/2198/2004 1895/2203/2004 1896/2205/2004
f 1888/2197/2005 1904/2206/2005 1889/2185/2005
f 1882/2199/2006 1896/2205/2006 1897/2207/2006
f 1875/2187/2007 1528/2208/2007 1890/2209/2007
f 1754/2210/2008 1889/2185/2008 1904/2206/2008
f 1882/2199/2009 1898/2211/2009 1883/2186/2009
f 1876/2188/2010 1890/2209/2010 1891/2212/2010
f 1883/2186/2011 1899/2213/2011 1884/2189/2011
f 1877/2190/2012 1891/2212/2012 1892/2214/2012
f 1884/2189/2013 1900/2215/2013 1885/2191/2013
f 1878/2192/2014 1892/2214/2014 1893/2216/2014
f 1885/2191/2015 1901/2217/2015 1886/2193/2015
f 1879/2194/2016 1893/2216/2016 1894/2202/2016
f 1891/2212/2017 1905/2218/2017 1906/2219/2017
f 1898/2211/2018 1914/2220/2018 1899/2213/2018
f 1892/2214/2019 1906/2219/2019 1907/2221/2019
f 1899/2213/2020 1915/2222/2020 1900/2215/2020
f 1893/2216/2021 1907/2221/2021 1908/2223/2021
f 1900/2215/2022 1916/2224/2022 1901/2217/2022
f 1894/2202/2023 1908/2223/2023 1909/2225/2023
f 1901/2217/2024 1917/2226/2024 1902/2201/2024
f 1895/2203/2025 1909/2225/2025 1910/2227/2025
f 1902/2201/2026 1918/2228/2026 1903/2204/2026
f 1896/2205/2027 1910/2227/2027 1911/2229/2027
f 1903/2204/2028 1919/2230/2028 1904/2206/2028
f 1897/2207/2029 1911/2229/2029 1912/2231/2029
f 1890/2209/2030 1528/2232/2030 1905/2218/2030
f 1754/2233/2031 1904/2206/2031 1919/2230/2031
f 1897/2207/2032 1913/2234/2032 1898/2211/2032
f 1910/2227/2033 1448/1709/2033 1923/1681/2033
f 1917/2226/2034 1927/1684/2034 1918/2228/2034
f 1911/2229/2035 1923/1681/2035 1449/1686/2035
f 1918/2228/2036 1928/1688/2036 1919/2230/2036
f 1912/2231/2037 1449/1686/2037 1450/1690/2037
f 1905/2218/2038 1528/2235/2038 1920/1692/2038
f 1754/2236/2039 1919/2230/2039 1928/1688/2039
f 1913/2234/2040 1450/1690/2040 1451/1696/2040
f 1906/2219/2041 1920/1692/2041 1921/1699/2041
f 1913/2234/2042 1924/1700/2042 1914/2220/2042
f 1907/2221/2043 1921/1699/2043 1447/1703/2043
f 1914/2220/2044 1452/1704/2044 1915/2222/2044
f 1908/2223/2045 1447/1703/2045 1922/1707/2045
f 1915/2222/2046 1925/1708/2046 1916/2224/2046
f 1909/2225/2047 1922/1707/2047 1448/1709/2047
f 1916/2224/2048 1926/1678/2048 1917/2226/2048
f 2410/2237/2049 1948/2238/2049 1949/2239/2049
f 1932/2240/2050 1941/2241/2050 1942/2242/2050
f 2402/2243/2051 2010/2244/2051 1935/2245/2051
f 2236/2246/2052 2410/2237/2052 1949/2239/2052
f 1933/2247/2053 1942/2242/2053 1943/2248/2053
f 2402/2243/2054 1936/2249/2054 2403/2250/2054
f 2406/2251/2055 1943/2248/2055 1944/2252/2055
f 2403/2250/2056 1937/2253/2056 1929/2254/2056
f 1934/2255/2057 1944/2252/2057 1945/2256/2057
f 1929/2254/2058 1938/2257/2058 2404/2258/2058
f 2407/2259/2059 1945/2256/2059 1946/2260/2059
f 2404/2258/2060 1939/2261/2060 1930/2262/2060
f 2408/2263/2061 1946/2260/2061 1947/2264/2061
f 1930/2262/2062 1940/2265/2062 2405/2266/2062
f 2409/2267/2063 1947/2264/2063 1948/2238/2063
f 2405/2266/2064 1941/2241/2064 1931/2268/2064
f 1948/2238/2065 1962/2269/2065 1963/2270/2065
f 1940/2265/2066 1956/2271/2066 1941/2241/2066
f 1949/2239/2067 1963/2270/2067 1964/2272/2067
f 1942/2242/2068 1956/2271/2068 1957/2273/2068
f 1935/2245/2069 2010/2274/2069 1950/2275/2069
f 2236/2276/2070 1949/2239/2070 1964/2272/2070
f 1943/2248/2071 1957/2273/2071 1958/2277/2071
f 1935/2245/2072 1951/2278/2072 1936/2249/2072
f 1944/2252/2073 1958/2277/2073 1959/2279/2073
f 1936/2249/2074 1952/2280/2074 1937/2253/2074
f 1945/2256/2075 1959/2279/2075 1960/2281/2075
f 1937/2253/2076 1953/2282/2076 1938/2257/2076
f 1946/2260/2077 1960/2281/2077 1961/2283/2077
f 1938/2257/2078 1954/2284/2078 1939/2261/2078
f 1947/2264/2079 1961/2283/2079 1962/2269/2079
f 1939/2261/2080 1955/2285/2080 1940/2265/2080
f 1951/2278/2081 1967/2286/2081 1952/2280/2081
f 1960/2281/2082 1974/2287/2082 1975/2288/2082
f 1952/2280/2083 1968/2289/2083 1953/2282/2083
f 1961/2283/2084 1975/2288/2084 1976/2290/2084
f 1953/2282/2085 1969/2291/2085 1954/2284/2085
f 1962/2269/2086 1976/2290/2086 1977/2292/2086
f 1954/2284/2087 1970/2293/2087 1955/2285/2087
f 1963/2270/2088 1977/2292/2088 1978/2294/2088
f 1955/2285/2089 1971/2295/2089 1956/2271/2089
f 1964/2272/2090 1978/2294/2090 1979/2296/2090
f 1956/2271/2091 1972/2297/2091 1957/2273/2091
f 1950/2275/2092 2010/2298/2092 1965/2299/2092
f 2236/2300/2093 1964/2272/2093 1979/2296/2093
f 1958/2277/2094 1972/2297/2094 1973/2301/2094
f 1950/2275/2095 1966/2302/2095 1951/2278/2095
f 1959/2279/2096 1973/2301/2096 1974/2287/2096
f 1970/2293/2097 1986/2303/2097 1971/2295/2097
f 1979/2296/2098 1993/2304/2098 1994/2305/2098
f 1971/2295/2099 1987/2306/2099 1972/2297/2099
f 1965/2299/2100 2010/2307/2100 1980/2308/2100
f 2236/2309/2101 1979/2296/2101 1994/2305/2101
f 1973/2301/2102 1987/2306/2102 1988/2310/2102
f 1965/2299/2103 1981/2311/2103 1966/2302/2103
f 1974/2287/2104 1988/2310/2104 1989/2312/2104
f 1966/2302/2105 1982/2313/2105 1967/2286/2105
f 1975/2288/2106 1989/2312/2106 1990/2314/2106
f 1967/2286/2107 1983/2315/2107 1968/2289/2107
f 1976/2290/2108 1990/2314/2108 1991/2316/2108
f 1968/2289/2109 1984/2317/2109 1969/2291/2109
f 1977/2292/2110 1991/2316/2110 1992/2318/2110
f 1969/2291/2111 1985/2319/2111 1970/2293/2111
f 1978/2294/2112 1992/2318/2112 1993/2304/2112
f 1990/2314/2113 2004/2320/2113 2005/2321/2113
f 1982/2313/2114 1998/2322/2114 1983/2315/2114
f 1991/2316/2115 2005/2321/2115 2006/2323/2115
f 1983/2315/2116 1999/2324/2116 1984/2317/2116
f 1992/2318/2117 2006/2323/2117 2007/2325/2117
f 1984/2317/2118 2000/2326/2118 1985/2319/2118
f 1993/2304/2119 2007/2325/2119 2008/2327/2119
f 1985/2319/2120 2001/2328/2120 1986/2303/2120
f 1994/2305/2121 2008/2327/2121 2009/2329/2121
f 1986/2303/2122 2002/2330/2122 1987/2306/2122
f 1980/2308/2123 2010/2331/2123 1995/2332/2123
f 2236/2333/2124 1994/2305/2124 2009/2329/2124
f 1988/2310/2125 2002/2330/2125 2003/2334/2125
f 1980/2308/2126 1996/2335/2126 1981/2311/2126
f 1989/2312/2127 2003/2334/2127 2004/2320/2127
f 1981/2311/2128 1997/2336/2128 1982/2313/2128
f 2009/2329/2129 2024/2337/2129 2025/2338/2129
f 2002/2330/2130 2017/2339/2130 2018/2340/2130
f 1995/2332/2131 2010/2341/2131 2011/2342/2131
f 2236/2343/2132 2009/2329/2132 2025/2338/2132
f 2003/2334/2133 2018/2340/2133 2019/2344/2133
f 1995/2332/2134 2012/2345/2134 1996/2335/2134
f 2004/2320/2135 2019/2344/2135 2020/2346/2135
f 1996/2335/2136 2013/2347/2136 1997/2336/2136
f 2005/2321/2137 2020/2346/2137 2021/2348/2137
f 1997/2336/2138 2014/2349/2138 1998/2322/2138
f 2006/2323/2139 2021/2348/2139 2022/2350/2139
f 1998/2322/2140 2015/2351/2140 1999/2324/2140
f 2007/2325/2141 2022/2350/2141 2023/2352/2141
f 1999/2324/2142 2016/2353/2142 2000/2326/2142
f 2008/2327/2143 2023/2352/2143 2024/2337/2143
f 2000/2326/2144 2017/2339/2144 2001/2328/2144
f 2013/2347/2145 2029/2354/2145 2014/2349/2145
f 2022/2350/2146 2036/2355/2146 2037/2356/2146
f 2014/2349/2147 2030/2357/2147 2015/2351/2147
f 2023/2352/2148 2037/2356/2148 2038/2358/2148
f 2015/2351/2149 2031/2359/2149 2016/2353/2149
f 2024/2337/2150 2038/2358/2150 2039/2360/2150
f 2016/2353/2151 2032/2361/2151 2017/2339/2151
f 2025/2338/2152 2039/2360/2152 2040/2362/2152
f 2018/2340/2153 2032/2361/2153 2033/2363/2153
f 2011/2342/2154 2010/2364/2154 2026/2365/2154
f 2236/2366/2155 2025/2338/2155 2040/2362/2155
f 2019/2344/2156 2033/2363/2156 2034/2367/2156
f 2011/2342/2157 2027/2368/2157 2012/2345/2157
f 2020/2346/2158 2034/2367/2158 2035/2369/2158
f 2012/2345/2159 2028/2370/2159 2013/2347/2159
f 2021/2348/2160 2035/2369/2160 2036/2355/2160
f 2033/2363/2161 2047/2371/2161 2048/2372/2161
f 2026/2365/2162 2010/2373/2162 2041/2374/2162
f 2236/2375/2163 2040/2362/2163 2055/2376/2163
f 2034/2367/2164 2048/2372/2164 2049/2377/2164
f 2026/2365/2165 2042/2378/2165 2027/2368/2165
f 2035/2369/2166 2049/2377/2166 2050/2379/2166
f 2027/2368/2167 2043/2380/2167 2028/2370/2167
f 2036/2355/2168 2050/2379/2168 2051/2381/2168
f 2028/2370/2169 2044/2382/2169 2029/2354/2169
f 2037/2356/2170 2051/2381/2170 2052/2383/2170
f 2029/2354/2171 2045/2384/2171 2030/2357/2171
f 2038/2358/2172 2052/2383/2172 2053/2385/2172
f 2030/2357/2173 2046/2386/2173 2031/2359/2173
f 2039/2360/2174 2053/2385/2174 2054/2387/2174
f 2032/2361/2175 2046/2386/2175 2047/2371/2175
f 2040/2362/2176 2054/2387/2176 2055/2376/2176
f 2051/2381/2177 2067/2388/2177 2052/2383/2177
f 2045/2384/2178 2059/2389/2178 2060/2390/2178
f 2052/2383/2179 2068/2391/2179 2053/2385/2179
f 2046/2386/2180 2060/2390/2180 2061/2392/2180
f 2053/2385/2181 2069/2393/2181 2054/2387/2181
f 2047/2371/2182 2061/2392/2182 2062/2394/2182
f 2054/2387/2183 2070/2395/2183 2055/2376/2183
f 2048/2372/2184 2062/2394/2184 2063/2396/2184
f 2041/2374/2185 2010/2397/2185 2056/2398/2185
f 2236/2399/2186 2055/2376/2186 2070/2395/2186
f 2049/2377/2187 2063/2396/2187 2064/2400/2187
f 2042/2378/2188 2056/2398/2188 2057/2401/2188
f 2050/2379/2189 2064/2400/2189 2065/2402/2189
f 2043/2380/2190 2057/2401/2190 2058/2403/2190
f 2050/2379/2191 2066/2404/2191 2051/2381/2191
f 2044/2382/2192 2058/2403/2192 2059/2389/2192
f 2236/2405/2193 2070/2395/2193 2085/2406/2193
f 2064/2400/2194 2078/2407/2194 2079/2408/2194
f 2057/2401/2195 2071/2409/2195 2072/2410/2195
f 2064/2400/2196 2080/2411/2196 2065/2402/2196
f 2058/2403/2197 2072/2410/2197 2073/2412/2197
f 2065/2402/2198 2081/2413/2198 2066/2404/2198
f 2059/2389/2199 2073/2412/2199 2074/2414/2199
f 2066/2404/2200 2082/2415/2200 2067/2388/2200
f 2060/2390/2201 2074/2414/2201 2075/2416/2201
f 2067/2388/2202 2083/2417/2202 2068/2391/2202
f 2061/2392/2203 2075/2416/2203 2076/2418/2203
f 2068/2391/2204 2084/2419/2204 2069/2393/2204
f 2062/2394/2205 2076/2418/2205 2077/2420/2205
f 2069/2393/2206 2085/2406/2206 2070/2395/2206
f 2063/2396/2207 2077/2420/2207 2078/2407/2207
f 2056/2398/2208 2010/2421/2208 2071/2409/2208
f 2082/2415/2209 2098/2422/2209 2083/2417/2209
f 2076/2418/2210 2090/2423/2210 2091/2424/2210
f 2083/2417/2211 2099/2425/2211 2084/2419/2211
f 2077/2420/2212 2091/2424/2212 2092/2426/2212
f 2084/2419/2213 2100/2427/2213 2085/2406/2213
f 2078/2407/2214 2092/2426/2214 2093/2428/2214
f 2071/2409/2215 2010/2429/2215 2086/2430/2215
f 2236/2431/2216 2085/2406/2216 2100/2427/2216
f 2078/2407/2217 2094/2432/2217 2079/2408/2217
f 2072/2410/2218 2086/2430/2218 2087/2433/2218
f 2079/2408/2219 2095/2434/2219 2080/2411/2219
f 2073/2412/2220 2087/2433/2220 2088/2435/2220
f 2080/2411/2221 2096/2436/2221 2081/2413/2221
f 2074/2414/2222 2088/2435/2222 2089/2437/2222
f 2081/2413/2223 2097/2438/2223 2082/2415/2223
f 2075/2416/2224 2089/2437/2224 2090/2423/2224
f 2087/2433/2225 2101/2439/2225 2102/2440/2225
f 2094/2432/2226 2110/2441/2226 2095/2434/2226
f 2088/2435/2227 2102/2440/2227 2103/2442/2227
f 2095/2434/2228 2111/2443/2228 2096/2436/2228
f 2089/2437/2229 2103/2442/2229 2104/2444/2229
f 2096/2436/2230 2112/2445/2230 2097/2438/2230
f 2090/2423/2231 2104/2444/2231 2105/2446/2231
f 2097/2438/2232 2113/2447/2232 2098/2422/2232
f 2091/2424/2233 2105/2446/2233 2106/2448/2233
f 2098/2422/2234 2114/2449/2234 2099/2425/2234
f 2092/2426/2235 2106/2448/2235 2107/2450/2235
f 2099/2425/2236 2115/2451/2236 2100/2427/2236
f 2093/2428/2237 2107/2450/2237 2108/2452/2237
f 2086/2430/2238 2010/2453/2238 2101/2439/2238
f 2236/2454/2239 2100/2427/2239 2115/2451/2239
f 2093/2428/2240 2109/2455/2240 2094/2432/2240
f 2106/2448/2241 2120/2456/2241 2121/2457/2241
f 2113/2447/2242 2129/2458/2242 2114/2449/2242
f 2107/2450/2243 2121/2457/2243 2122/2459/2243
f 2114/2449/2244 2130/2460/2244 2115/2451/2244
f 2108/2452/2245 2122/2459/2245 2123/2461/2245
f 2101/2439/2246 2010/2462/2246 2116/2463/2246
f 2236/2464/2247 2115/2451/2247 2130/2460/2247
f 2108/2452/2248 2124/2465/2248 2109/2455/2248
f 2102/2440/2249 2116/2463/2249 2117/2466/2249
f 2109/2455/2250 2125/2467/2250 2110/2441/2250
f 2103/2442/2251 2117/2466/2251 2118/2468/2251
f 2110/2441/2252 2126/2469/2252 2111/2443/2252
f 2104/2444/2253 2118/2468/2253 2119/2470/2253
f 2111/2443/2254 2127/2471/2254 2112/2445/2254
f 2105/2446/2255 2119/2470/2255 2120/2456/2255
f 2112/2445/2256 2128/2472/2256 2113/2447/2256
f 2124/2465/2257 2140/2473/2257 2125/2467/2257
f 2118/2468/2258 2132/2474/2258 2133/2475/2258
f 2125/2467/2259 2141/2476/2259 2126/2469/2259
f 2119/2470/2260 2133/2475/2260 2134/2477/2260
f 2126/2469/2261 2142/2478/2261 2127/2471/2261
f 2120/2456/2262 2134/2477/2262 2135/2479/2262
f 2127/2471/2263 2143/2480/2263 2128/2472/2263
f 2121/2457/2264 2135/2479/2264 2136/2481/2264
f 2128/2472/2265 2144/2482/2265 2129/2458/2265
f 2122/2459/2266 2136/2481/2266 2137/2483/2266
f 2129/2458/2267 2145/2484/2267 2130/2460/2267
f 2123/2461/2268 2137/2483/2268 2138/2485/2268
f 2116/2463/2269 2010/2486/2269 2131/2487/2269
f 2236/2488/2270 2130/2460/2270 2145/2484/2270
f 2123/2461/2271 2139/2489/2271 2124/2465/2271
f 2117/2466/2272 2131/2487/2272 2132/2474/2272
f 2143/2480/2273 2159/2490/2273 2144/2482/2273
f 2137/2483/2274 2151/2491/2274 2152/2492/2274
f 2144/2482/2275 2160/2493/2275 2145/2484/2275
f 2138/2485/2276 2152/2492/2276 2153/2494/2276
f 2131/2487/2277 2010/2495/2277 2146/2496/2277
f 2236/2497/2278 2145/2484/2278 2160/2493/2278
f 2138/2485/2279 2154/2498/2279 2139/2489/2279
f 2132/2474/2280 2146/2496/2280 2147/2499/2280
f 2139/2489/2281 2155/2500/2281 2140/2473/2281
f 2133/2475/2282 2147/2499/2282 2148/2501/2282
f 2140/2473/2283 2156/2502/2283 2141/2476/2283
f 2134/2477/2284 2148/2501/2284 2149/2503/2284
f 2141/2476/2285 2157/2504/2285 2142/2478/2285
f 2135/2479/2286 2149/2503/2286 2150/2505/2286
f 2142/2478/2287 2158/2506/2287 2143/2480/2287
f 2136/2481/2288 2150/2505/2288 2151/2491/2288
f 2148/2501/2289 2162/2507/2289 2163/2508/2289
f 2155/2500/2290 2171/2509/2290 2156/2502/2290
f 2149/2503/2291 2163/2508/2291 2164/2510/2291
f 2156/2502/2292 2172/2511/2292 2157/2504/2292
f 2150/2505/2293 2164/2510/2293 2165/2512/2293
f 2157/2504/2294 2173/2513/2294 2158/2506/2294
f 2151/2491/2295 2165/2512/2295 2166/2514/2295
f 2158/2506/2296 2174/2515/2296 2159/2490/2296
f 2152/2492/2297 2166/2514/2297 2167/2516/2297
f 2159/2490/2298 2175/2517/2298 2160/2493/2298
f 2153/2494/2299 2167/2516/2299 2168/2518/2299
f 2146/2496/2300 2010/2519/2300 2161/2520/2300
f 2236/2521/2301 2160/2493/2301 2175/2517/2301
f 2153/2494/2302 2169/2522/2302 2154/2498/2302
f 2147/2499/2303 2161/2520/2303 2162/2507/2303
f 2154/2498/2304 2170/2523/2304 2155/2500/2304
f 2166/2514/2305 2182/2524/2305 2167/2516/2305
f 2175/2517/2306 2189/2525/2306 2190/2526/2306
f 2167/2516/2307 2183/2527/2307 2168/2518/2307
f 2161/2520/2308 2010/2528/2308 2176/2529/2308
f 2236/2530/2309 2175/2517/2309 2190/2526/2309
f 2168/2518/2310 2184/2531/2310 2169/2522/2310
f 2161/2520/2311 2177/2532/2311 2162/2507/2311
f 2170/2523/2312 2184/2531/2312 2185/2533/2312
f 2162/2507/2313 2178/2534/2313 2163/2508/2313
f 2171/2509/2314 2185/2533/2314 2186/2535/2314
f 2163/2508/2315 2179/2536/2315 2164/2510/2315
f 2172/2511/2316 2186/2535/2316 2187/2537/2316
f 2164/2510/2317 2180/2538/2317 2165/2512/2317
f 2173/2513/2318 2187/2537/2318 2188/2539/2318
f 2165/2512/2319 2181/2540/2319 2166/2514/2319
f 2174/2515/2320 2188/2539/2320 2189/2525/2320
f 2186/2535/2321 2200/2541/2321 2201/2542/2321
f 2178/2534/2322 2194/2543/2322 2179/2536/2322
f 2187/2537/2323 2201/2542/2323 2202/2544/2323
f 2179/2536/2324 2195/2545/2324 2180/2538/2324
f 2188/2539/2325 2202/2544/2325 2203/2546/2325
f 2180/2538/2326 2196/2547/2326 2181/2540/2326
f 2189/2525/2327 2203/2546/2327 2204/2548/2327
f 2181/2540/2328 2197/2549/2328 2182/2524/2328
f 2190/2526/2329 2204/2548/2329 2205/2550/2329
f 2182/2524/2330 2198/2551/2330 2183/2527/2330
f 2176/2529/2331 2010/2552/2331 2191/2553/2331
f 2236/2554/2332 2190/2526/2332 2205/2550/2332
f 2183/2527/2333 2199/2555/2333 2184/2531/2333
f 2176/2529/2334 2192/2556/2334 2177/2532/2334
f 2185/2533/2335 2199/2555/2335 2200/2541/2335
f 2177/2532/2336 2193/2557/2336 2178/2534/2336
f 2205/2550/2337 2219/2558/2337 2220/2559/2337
f 2197/2549/2338 2213/2560/2338 2198/2551/2338
f 2191/2553/2339 2010/2561/2339 2206/2562/2339
f 2236/2563/2340 2205/2550/2340 2220/2559/2340
f 2199/2555/2341 2213/2560/2341 2214/2564/2341
f 2191/2553/2342 2207/2565/2342 2192/2556/2342
f 2200/2541/2343 2214/2564/2343 2215/2566/2343
f 2192/2556/2344 2208/2567/2344 2193/2557/2344
f 2201/2542/2345 2215/2566/2345 2216/2568/2345
f 2193/2557/2346 2209/2569/2346 2194/2543/2346
f 2202/2544/2347 2216/2568/2347 2217/2570/2347
f 2194/2543/2348 2210/2571/2348 2195/2545/2348
f 2203/2546/2349 2217/2570/2349 2218/2572/2349
f 2195/2545/2350 2211/2573/2350 2196/2547/2350
f 2204/2548/2351 2218/2572/2351 2219/2558/2351
f 2196/2547/2352 2212/2574/2352 2197/2549/2352
f 2217/2570/2353 2231/2575/2353 2232/2576/2353
f 2209/2569/2354 2225/2577/2354 2210/2571/2354
f 2218/2572/2355 2232/2576/2355 2233/2578/2355
f 2210/2571/2356 2226/2579/2356 2211/2573/2356
f 2219/2558/2357 2233/2578/2357 2234/2580/2357
f 2211/2573/2358 2227/2581/2358 2212/2574/2358
f 2220/2559/2359 2234/2580/2359 2235/2582/2359
f 2212/2574/2360 2228/2583/2360 2213/2560/2360
f 2206/2562/2361 2010/2584/2361 2221/2585/2361
f 2236/2586/2362 2220/2559/2362 2235/2582/2362
f 2214/2564/2363 2228/2583/2363 2229/2587/2363
f 2206/2562/2364 2222/2588/2364 2207/2565/2364
f 2215/2566/2365 2229/2587/2365 2230/2589/2365
f 2207/2565/2366 2223/2590/2366 2208/2567/2366
f 2216/2568/2367 2230/2589/2367 2231/2575/2367
f 2208/2567/2368 2224/2591/2368 2209/2569/2368
f 2221/2585/2369 2010/2592/2369 2237/2593/2369
f 2236/2594/2370 2235/2582/2370 2251/2595/2370
f 2229/2587/2371 2244/2596/2371 2245/2597/2371
f 2221/2585/2372 2238/2598/2372 2222/2588/2372
f 2230/2589/2373 2245/2597/2373 2246/2599/2373
f 2222/2588/2374 2239/2600/2374 2223/2590/2374
f 2231/2575/2375 2246/2599/2375 2247/2601/2375
f 2223/2590/2376 2240/2602/2376 2224/2591/2376
f 2232/2576/2377 2247/2601/2377 2248/2603/2377
f 2224/2591/2378 2241/2604/2378 2225/2577/2378
f 2233/2578/2379 2248/2603/2379 2249/2605/2379
f 2225/2577/2380 2242/2606/2380 2226/2579/2380
f 2234/2580/2381 2249/2605/2381 2250/2607/2381
f 2226/2579/2382 2243/2608/2382 2227/2581/2382
f 2235/2582/2383 2250/2607/2383 2251/2595/2383
f 2227/2581/2384 2244/2596/2384 2228/2583/2384
f 2240/2602/2385 2256/2609/2385 2241/2604/2385
f 2249/2605/2386 2263/2610/2386 2264/2611/2386
f 2241/2604/2387 2257/2612/2387 2242/2606/2387
f 2250/2607/2388 2264/2611/2388 2265/2613/2388
f 2242/2606/2389 2258/2614/2389 2243/2608/2389
f 2251/2595/2390 2265/2613/2390 2266/2615/2390
f 2243/2608/2391 2259/2616/2391 2244/2596/2391
f 2237/2593/2392 2010/2617/2392 2252/2618/2392
f 2236/2619/2393 2251/2595/2393 2266/2615/2393
f 2244/2596/2394 2260/2620/2394 2245/2597/2394
f 2237/2593/2395 2253/2621/2395 2238/2598/2395
f 2246/2599/2396 2260/2620/2396 2261/2622/2396
f 2238/2598/2397 2254/2623/2397 2239/2600/2397
f 2247/2601/2398 2261/2622/2398 2262/2624/2398
f 2239/2600/2399 2255/2625/2399 2240/2602/2399
f 2248/2603/2400 2262/2624/2400 2263/2610/2400
f 2259/2616/2401 2275/2626/2401 2260/2620/2401
f 2252/2618/2402 2268/2627/2402 2253/2621/2402
f 2261/2622/2403 2275/2626/2403 2276/2628/2403
f 2253/2621/2404 2269/2629/2404 2254/2623/2404
f 2262/2624/2405 2276/2628/2405 2277/2630/2405
f 2254/2623/2406 2270/2631/2406 2255/2625/2406
f 2263/2610/2407 2277/2630/2407 2278/2632/2407
f 2255/2625/2408 2271/2633/2408 2256/2609/2408
f 2264/2611/2409 2278/2632/2409 2279/2634/2409
f 2256/2609/2410 2272/2635/2410 2257/2612/2410
f 2265/2613/2411 2279/2634/2411 2280/2636/2411
f 2257/2612/2412 2273/2637/2412 2258/2614/2412
f 2266/2615/2413 2280/2636/2413 2281/2638/2413
f 2258/2614/2414 2274/2639/2414 2259/2616/2414
f 2252/2618/2415 2010/2640/2415 2267/2641/2415
f 2236/2642/2416 2266/2615/2416 2281/2638/2416
f 2279/2634/2417 2293/2643/2417 2294/2644/2417
f 2271/2633/2418 2287/2645/2418 2272/2635/2418
f 2280/2636/2419 2294/2644/2419 2295/2646/2419
f 2272/2635/2420 2288/2647/2420 2273/2637/2420
f 2281/2638/2421 2295/2646/2421 2296/2648/2421
f 2273/2637/2422 2289/2649/2422 2274/2639/2422
f 2267/2641/2423 2010/2650/2423 2282/2651/2423
f 2236/2652/2424 2281/2638/2424 2296/2648/2424
f 2274/2639/2425 2290/2653/2425 2275/2626/2425
f 2267/2641/2426 2283/2654/2426 2268/2627/2426
f 2275/2626/2427 2291/2655/2427 2276/2628/2427
f 2268/2627/2428 2284/2656/2428 2269/2629/2428
f 2277/2630/2429 2291/2655/2429 2292/2657/2429
f 2269/2629/2430 2285/2658/2430 2270/2631/2430
f 2278/2632/2431 2292/2657/2431 2293/2643/2431
f 2270/2631/2432 2286/2659/2432 2271/2633/2432
f 2283/2660/2433 2297/2661/2433 2298/2662/2433
f 2290/2663/2434 2306/2664/2434 2291/2665/2434
f 2284/2666/2435 2298/2662/2435 2299/2667/2435
f 2291/2665/2436 2307/2668/2436 2292/2669/2436
f 2285/2670/2437 2299/2667/2437 2300/2671/2437
f 2292/2669/2438 2308/2672/2438 2293/2673/2438
f 2286/2674/2439 2300/2671/2439 2301/2675/2439
f 2293/2673/2440 2309/2676/2440 2294/2677/2440
f 2287/2678/2441 2301/2675/2441 2302/2679/2441
f 2294/2677/2442 2310/2680/2442 2295/2681/2442
f 2287/2678/2443 2303/2682/2443 2288/2683/2443
f 2295/2681/2444 2311/2684/2444 2296/2685/2444
f 2288/2683/2445 2304/2686/2445 2289/2687/2445
f 2282/2688/2446 2010/2689/2446 2297/2661/2446
f 2236/2690/2447 2296/2685/2447 2311/2684/2447
f 2289/2687/2448 2305/2691/2448 2290/2663/2448
f 2302/2679/2449 2316/2692/2449 2317/2693/2449
f 2309/2676/2450 2325/2694/2450 2310/2680/2450
f 2303/2682/2451 2317/2693/2451 2318/2695/2451
f 2310/2680/2452 2326/2696/2452 2311/2684/2452
f 2303/2682/2453 2319/2697/2453 2304/2686/2453
f 2297/2661/2454 2010/2698/2454 2312/2699/2454
f 2236/2700/2455 2311/2684/2455 2326/2696/2455
f 2304/2686/2456 2320/2701/2456 2305/2691/2456
f 2298/2662/2457 2312/2699/2457 2313/2702/2457
f 2305/2691/2458 2321/2703/2458 2306/2664/2458
f 2299/2667/2459 2313/2702/2459 2314/2704/2459
f 2306/2664/2460 2322/2705/2460 2307/2668/2460
f 2300/2671/2461 2314/2704/2461 2315/2706/2461
f 2307/2668/2462 2323/2707/2462 2308/2672/2462
f 2301/2675/2463 2315/2706/2463 2316/2692/2463
f 2308/2672/2464 2324/2708/2464 2309/2676/2464
f 2320/2701/2465 2336/2709/2465 2321/2703/2465
f 2314/2704/2466 2328/2710/2466 2329/2711/2466
f 2321/2703/2467 2337/2712/2467 2322/2705/2467
f 2315/2706/2468 2329/2711/2468 2330/2713/2468
f 2322/2705/2469 2338/2714/2469 2323/2707/2469
f 2316/2692/2470 2330/2713/2470 2331/2715/2470
f 2323/2707/2471 2339/2716/2471 2324/2708/2471
f 2317/2693/2472 2331/2715/2472 2332/2717/2472
f 2324/2708/2473 2340/2718/2473 2325/2694/2473
f 2318/2695/2474 2332/2717/2474 2333/2719/2474
f 2325/2694/2475 2341/2720/2475 2326/2696/2475
f 2319/2697/2476 2333/2719/2476 2334/2721/2476
f 2312/2699/2477 2010/2722/2477 2327/2723/2477
f 2236/2724/2478 2326/2696/2478 2341/2720/2478
f 2319/2697/2479 2335/2725/2479 2320/2701/2479
f 2313/2702/2480 2327/2723/2480 2328/2710/2480
f 2339/2716/2481 2355/2726/2481 2340/2718/2481
f 2333/2719/2482 2347/2727/2482 2348/2728/2482
f 2340/2718/2483 2356/2729/2483 2341/2720/2483
f 2334/2721/2484 2348/2728/2484 2349/2730/2484
f 2327/2723/2485 2010/2731/2485 2342/2732/2485
f 2236/2733/2486 2341/2720/2486 2356/2729/2486
f 2334/2721/2487 2350/2734/2487 2335/2725/2487
f 2328/2710/2488 2342/2732/2488 2343/2735/2488
f 2335/2725/2489 2351/2736/2489 2336/2709/2489
f 2329/2711/2490 2343/2735/2490 2344/2737/2490
f 2336/2709/2491 2352/2738/2491 2337/2712/2491
f 2330/2713/2492 2344/2737/2492 2345/2739/2492
f 2337/2712/2493 2353/2740/2493 2338/2714/2493
f 2331/2715/2494 2345/2739/2494 2346/2741/2494
f 2338/2714/2495 2354/2742/2495 2339/2716/2495
f 2332/2717/2496 2346/2741/2496 2347/2727/2496
f 2351/2736/2497 2367/2743/2497 2352/2738/2497
f 2345/2739/2498 2359/2744/2498 2360/2745/2498
f 2352/2738/2499 2368/2746/2499 2353/2740/2499
f 2346/2741/2500 2360/2745/2500 2361/2747/2500
f 2353/2740/2501 2369/2748/2501 2354/2742/2501
f 2347/2727/2502 2361/2747/2502 2362/2749/2502
f 2354/2742/2503 2370/2750/2503 2355/2726/2503
f 2348/2728/2504 2362/2749/2504 2363/2751/2504
f 2355/2726/2505 2371/2752/2505 2356/2729/2505
f 2349/2730/2506 2363/2751/2506 2364/2753/2506
f 2342/2732/2507 2010/2754/2507 2357/2755/2507
f 2236/2756/2508 2356/2729/2508 2371/2752/2508
f 2349/2730/2509 2365/2757/2509 2350/2734/2509
f 2343/2735/2510 2357/2755/2510 2358/2758/2510
f 2350/2734/2511 2366/2759/2511 2351/2736/2511
f 2344/2737/2512 2358/2758/2512 2359/2744/2512
f 2370/2750/2513 2386/2760/2513 2371/2752/2513
f 2364/2753/2514 2378/2761/2514 2379/2762/2514
f 2357/2755/2515 2010/2763/2515 2372/2764/2515
f 2236/2765/2516 2371/2752/2516 2386/2760/2516
f 2364/2753/2517 2380/2766/2517 2365/2757/2517
f 2358/2758/2518 2372/2764/2518 2373/2767/2518
f 2365/2757/2519 2381/2768/2519 2366/2759/2519
f 2359/2744/2520 2373/2767/2520 2374/2769/2520
f 2366/2759/2521 2382/2770/2521 2367/2743/2521
f 2360/2745/2522 2374/2769/2522 2375/2771/2522
f 2367/2743/2523 2383/2772/2523 2368/2746/2523
f 2361/2747/2524 2375/2771/2524 2376/2773/2524
f 2368/2746/2525 2384/2774/2525 2369/2748/2525
f 2362/2749/2526 2376/2773/2526 2377/2775/2526
f 2369/2748/2527 2385/2776/2527 2370/2750/2527
f 2363/2751/2528 2377/2775/2528 2378/2761/2528
f 2375/2771/2529 2389/2777/2529 2390/2778/2529
f 2382/2770/2530 2398/2779/2530 2383/2772/2530
f 2376/2773/2531 2390/2778/2531 2391/2780/2531
f 2383/2772/2532 2399/2781/2532 2384/2774/2532
f 2377/2775/2533 2391/2780/2533 2392/2782/2533
f 2384/2774/2534 2400/2783/2534 2385/2776/2534
f 2378/2761/2535 2392/2782/2535 2393/2784/2535
f 2385/2776/2536 2401/2785/2536 2386/2760/2536
f 2379/2762/2537 2393/2784/2537 2394/2786/2537
f 2372/2764/2538 2010/2787/2538 2387/2788/2538
f 2236/2789/2539 2386/2760/2539 2401/2785/2539
f 2379/2762/2540 2395/2790/2540 2380/2766/2540
f 2373/2767/2541 2387/2788/2541 2388/2791/2541
f 2380/2766/2542 2396/2792/2542 2381/2768/2542
f 2374/2769/2543 2388/2791/2543 2389/2777/2543
f 2381/2768/2544 2397/2793/2544 2382/2770/2544
f 2394/2786/2545 1931/2268/2545 1932/2240/2545
f 2387/2788/2546 2010/2794/2546 2402/2243/2546
f 2236/2795/2547 2401/2785/2547 2410/2237/2547
f 2394/2786/2548 1933/2247/2548 2395/2790/2548
f 2388/2791/2549 2402/2243/2549 2403/2250/2549
f 2395/2790/2550 2406/2251/2550 2396/2792/2550
f 2389/2777/2551 2403/2250/2551 1929/2254/2551
f 2396/2792/2552 1934/2255/2552 2397/2793/2552
f 2390/2778/2553 1929/2254/2553 2404/2258/2553
f 2397/2793/2554 2407/2259/2554 2398/2779/2554
f 2391/2780/2555 2404/2258/2555 1930/2262/2555
f 2398/2779/2556 2408/2263/2556 2399/2781/2556
f 2392/2782/2557 1930/2262/2557 2405/2266/2557
f 2399/2781/2558 2409/2267/2558 2400/2783/2558
f 2393/2784/2559 2405/2266/2559 1931/2268/2559
f 2400/2783/2560 2410/2237/2560 2401/2785/2560
f 475/1/1 474/29/1 7/2/1
f 5/4/2 15/32/2 16/5/2
f 1/7/3 475/1/3 8/3/3
f 478/6/4 16/5/4 17/9/4
f 476/11/5 1/7/5 9/8/5
f 6/10/6 17/9/6 18/13/6
f 2/15/7 476/11/7 10/12/7
f 479/14/8 18/13/8 19/17/8
f 477/19/9 2/15/9 11/16/9
f 480/18/10 19/17/10 20/21/10
f 3/23/11 477/19/11 12/20/11
f 481/22/12 20/21/12 21/25/12
f 3/23/13 13/24/13 14/27/13
f 4/28/16 14/27/16 15/32/16
f 14/27/19 29/49/19 30/37/19
f 7/2/20 22/34/20 23/38/20
f 15/32/21 30/37/21 31/39/21
f 8/3/22 23/38/22 24/40/22
f 16/5/23 31/39/23 32/41/23
f 9/8/24 24/40/24 25/42/24
f 17/9/25 32/41/25 33/43/25
f 10/12/26 25/42/26 26/44/26
f 19/17/27 18/13/27 33/43/27
f 11/16/28 26/44/28 27/46/28
f 20/21/29 19/17/29 34/45/29
f 13/24/30 12/20/30 27/46/30
f 20/21/31 35/47/31 36/36/31
f 13/24/32 28/48/32 29/49/32
f 25/42/33 40/66/33 41/50/33
f 34/45/34 33/43/34 48/51/34
f 26/44/35 41/50/35 42/53/35
f 34/45/36 49/52/36 50/54/36
f 27/46/37 42/53/37 43/55/37
f 35/47/38 50/54/38 51/56/38
f 28/48/39 43/55/39 44/57/39
f 30/37/42 29/49/42 44/57/42
f 22/34/43 37/59/43 38/62/43
f 30/37/44 45/61/44 46/63/44
f 23/38/45 38/62/45 39/64/45
f 32/41/46 31/39/46 46/63/46
f 24/40/47 39/64/47 40/66/47
f 33/43/48 32/41/48 47/65/48
f 44/57/49 59/80/49 60/67/49
f 37/59/50 52/82/50 53/68/50
f 45/61/51 60/67/51 61/69/51
f 38/62/52 53/68/52 54/70/52
f 47/65/53 46/63/53 61/69/53
f 39/64/54 54/70/54 55/72/54
f 47/65/55 62/71/55 63/73/55
f 40/66/56 55/72/56 56/74/56
f 48/51/57 63/73/57 64/75/57
f 41/50/58 56/74/58 57/76/58
f 49/52/59 64/75/59 65/77/59
f 43/55/60 42/53/60 57/76/60
f 50/54/61 65/77/61 66/79/61
f 44/57/62 43/55/62 58/78/62
f 63/73/65 78/99/65 79/84/65
f 56/74/66 71/100/66 72/85/66
f 65/77/67 64/75/67 79/84/67
f 58/78/68 57/76/68 72/85/68
f 65/77/69 80/86/69 81/88/69
f 59/80/70 58/78/70 73/87/70
f 59/80/73 74/89/73 75/93/73
f 52/82/74 67/91/74 68/94/74
f 60/67/75 75/93/75 76/95/75
f 53/68/76 68/94/76 69/96/76
f 62/71/77 61/69/77 76/95/77
f 54/70/78 69/96/78 70/98/78
f 62/71/79 77/97/79 78/99/79
f 56/74/80 55/72/80 70/98/80
f 67/91/81 83/115/81 84/101/81
f 75/93/82 91/117/82 92/102/82
f 68/94/83 84/101/83 85/103/83
f 77/97/84 76/95/84 92/102/84
f 69/96/85 85/103/85 86/105/85
f 77/97/86 93/104/86 94/106/86
f 71/100/87 70/98/87 86/105/87
f 78/99/88 94/106/88 95/108/88
f 71/100/89 87/107/89 88/109/89
f 79/84/90 95/108/90 96/110/90
f 73/87/91 72/85/91 88/109/91
f 81/88/92 80/86/92 96/110/92
f 74/89/93 73/87/93 89/111/93
f 74/89/96 90/113/96 91/117/96
f 87/107/97 102/134/97 103/118/97
f 96/110/98 95/108/98 110/119/98
f 89/111/99 88/109/99 103/118/99
f 96/110/100 111/120/100 112/122/100
f 90/113/101 89/111/101 104/121/101
f 90/113/104 105/123/104 106/127/104
f 84/101/105 83/115/105 98/125/105
f 91/117/106 106/127/106 107/129/106
f 84/101/107 99/128/107 100/130/107
f 93/104/108 92/102/108 107/129/108
f 85/103/109 100/130/109 101/132/109
f 93/104/110 108/131/110 109/133/110
f 87/107/111 86/105/111 101/132/111
f 95/108/112 94/106/112 109/133/112
f 106/127/113 121/150/113 122/135/113
f 99/128/114 114/151/114 115/136/114
f 108/131/115 107/129/115 122/135/115
f 100/130/116 115/136/116 116/138/116
f 108/131/117 123/137/117 124/139/117
f 102/134/118 101/132/118 116/138/118
f 110/119/119 109/133/119 124/139/119
f 102/134/120 117/140/120 118/142/120
f 110/119/121 125/141/121 126/143/121
f 104/121/122 103/118/122 118/142/122
f 111/120/123 126/143/123 127/145/123
f 105/123/124 104/121/124 119/144/124
f 105/123/127 120/146/127 121/150/127
f 99/128/128 98/125/128 113/148/128
f 125/141/129 140/168/129 141/152/129
f 119/144/130 118/142/130 133/153/130
f 126/143/131 141/152/131 142/155/131
f 120/146/132 119/144/132 134/154/132
f 120/146/135 135/156/135 136/160/135
f 113/148/136 128/158/136 129/161/136
f 121/150/137 136/160/137 137/162/137
f 114/151/138 129/161/138 130/163/138
f 123/137/139 122/135/139 137/162/139
f 115/136/140 130/163/140 131/165/140
f 123/137/141 138/164/141 139/166/141
f 117/140/142 116/138/142 131/165/142
f 125/141/143 124/139/143 139/166/143
f 117/140/144 132/167/144 133/153/144
f 138/164/145 137/162/145 152/169/145
f 130/163/146 145/185/146 146/171/146
f 138/164/147 153/170/147 154/172/147
f 132/167/148 131/165/148 146/171/148
f 140/168/149 139/166/149 154/172/149
f 132/167/150 147/173/150 148/175/150
f 140/168/151 155/174/151 156/176/151
f 134/154/152 133/153/152 148/175/152
f 142/155/153 141/152/153 156/176/153
f 135/156/154 134/154/154 149/177/154
f 135/156/157 150/179/157 151/183/157
f 128/158/158 143/181/158 144/184/158
f 136/160/159 151/183/159 152/169/159
f 130/163/160 129/161/160 144/184/160
f 156/176/161 171/202/161 172/186/161
f 150/179/162 149/177/162 164/187/162
f 150/179/165 165/188/165 166/192/165
f 143/181/166 158/190/166 159/193/166
f 151/183/167 166/192/167 167/194/167
f 145/185/168 144/184/168 159/193/168
f 153/170/169 152/169/169 167/194/169
f 145/185/170 160/195/170 161/197/170
f 153/170/171 168/196/171 169/198/171
f 147/173/172 146/171/172 161/197/172
f 155/174/173 154/172/173 169/198/173
f 147/173/174 162/199/174 163/201/174
f 155/174/175 170/200/175 171/202/175
f 149/177/176 148/175/176 163/201/176
f 160/195/177 175/218/177 176/203/177
f 168/196/178 183/219/178 184/204/178
f 162/199/179 161/197/179 176/203/179
f 169/198/180 184/204/180 185/206/180
f 162/199/181 177/205/181 178/207/181
f 171/202/182 170/200/182 185/206/182
f 164/187/183 163/201/183 178/207/183
f 172/186/184 171/202/184 186/208/184
f 165/188/185 164/187/185 179/209/185
f 165/188/188 180/211/188 181/215/188
f 158/190/189 173/213/189 174/216/189
f 166/192/190 181/215/190 182/217/190
f 159/193/191 174/216/191 175/218/191
f 168/196/192 167/194/192 182/217/192
f 180/211/193 179/209/193 194/220/193
f 180/211/196 195/221/196 196/226/196
f 174/216/197 173/213/197 188/223/197
f 181/215/198 196/226/198 197/228/198
f 175/218/199 174/216/199 189/227/199
f 183/219/200 182/217/200 197/228/200
f 175/218/201 190/229/201 191/231/201
f 183/219/202 198/230/202 199/232/202
f 177/205/203 176/203/203 191/231/203
f 185/206/204 184/204/204 199/232/204
f 177/205/205 192/233/205 193/235/205
f 185/206/206 200/234/206 201/236/206
f 179/209/207 178/207/207 193/235/207
f 186/208/208 201/236/208 202/225/208
f 198/230/209 213/253/209 214/237/209
f 192/233/210 191/231/210 206/238/210
f 200/234/211 199/232/211 214/237/211
f 192/233/212 207/239/212 208/241/212
f 200/234/213 215/240/213 216/242/213
f 194/220/214 193/235/214 208/241/214
f 201/236/215 216/242/215 217/244/215
f 195/221/216 194/220/216 209/243/216
f 195/221/219 210/245/219 211/249/219
f 188/223/220 203/247/220 204/250/220
f 196/226/221 211/249/221 212/251/221
f 189/227/222 204/250/222 205/252/222
f 198/230/223 197/228/223 212/251/223
f 190/229/224 205/252/224 206/238/224
f 210/245/227 225/270/227 226/258/227
f 203/247/228 218/255/228 219/259/228
f 211/249/229 226/258/229 227/260/229
f 204/250/230 219/259/230 220/261/230
f 213/253/231 212/251/231 227/260/231
f 205/252/232 220/261/232 221/263/232
f 213/253/233 228/262/233 229/264/233
f 207/239/234 206/238/234 221/263/234
f 215/240/235 214/237/235 229/264/235
f 207/239/2561 222/265/2561 223/267/2561
f 215/240/237 230/266/237 231/268/237
f 209/243/238 208/241/238 223/267/238
f 216/242/239 231/268/239 232/257/239
f 210/245/240 209/243/240 224/269/240
f 222/265/241 221/263/241 236/271/241
f 230/266/242 229/264/242 244/273/242
f 222/265/243 237/272/243 238/275/243
f 230/266/244 245/274/244 246/276/244
f 224/269/245 223/267/245 238/275/245
f 232/257/246 231/268/246 246/276/246
f 225/270/247 224/269/247 239/277/247
f 225/270/250 240/279/250 241/283/250
f 218/255/251 233/281/251 234/284/251
f 226/258/252 241/283/252 242/285/252
f 220/261/253 219/259/253 234/284/253
f 228/262/254 227/260/254 242/285/254
f 220/261/255 235/286/255 236/271/255
f 228/262/256 243/287/256 244/273/256
f 240/279/257 255/301/257 256/288/257
f 233/281/258 248/303/258 249/289/258
f 241/283/259 256/288/259 257/290/259
f 234/284/260 249/289/260 250/291/260
f 243/287/261 242/285/261 257/290/261
f 235/286/262 250/291/262 251/293/262
f 243/287/263 258/292/263 259/294/263
f 237/272/264 236/271/264 251/293/264
f 245/274/265 244/273/265 259/294/265
f 237/272/266 252/295/266 253/297/266
f 245/274/267 260/296/267 261/298/267
f 239/277/268 238/275/268 253/297/268
f 246/276/269 261/298/269 262/300/269
f 240/279/270 239/277/270 254/299/270
f 260/296/273 259/294/273 274/305/273
f 252/295/274 267/321/274 268/307/274
f 260/296/2562 275/306/2562 276/308/2562
f 254/299/276 253/297/276 268/307/276
f 261/298/277 276/308/277 277/310/277
f 255/301/278 254/299/278 269/309/278
f 255/301/281 270/311/281 271/315/281
f 249/289/282 248/303/282 263/313/282
f 256/288/283 271/315/283 272/317/283
f 249/289/284 264/316/284 265/318/284
f 258/292/285 257/290/285 272/317/285
f 250/291/286 265/318/286 266/320/286
f 258/292/287 273/319/287 274/305/287
f 252/295/288 251/293/288 266/320/288
f 271/315/289 286/337/289 287/322/289
f 264/316/290 279/338/290 280/323/290
f 273/319/291 272/317/291 287/322/291
f 265/318/292 280/323/292 281/325/292
f 273/319/293 288/324/293 289/326/293
f 267/321/294 266/320/294 281/325/294
f 275/306/295 274/305/295 289/326/295
f 267/321/296 282/327/296 283/329/296
f 275/306/297 290/328/297 291/330/297
f 269/309/298 268/307/298 283/329/298
f 277/310/299 276/308/299 291/330/299
f 270/311/300 269/309/300 284/331/300
f 270/311/303 285/333/303 286/337/303
f 264/316/304 263/313/304 278/335/304
f 290/328/305 305/355/305 306/339/305
f 284/331/306 283/329/306 298/340/306
f 292/332/307 291/330/307 306/339/307
f 285/333/308 284/331/308 299/341/308
f 285/333/311 300/343/311 301/347/311
f 278/335/312 293/345/312 294/348/312
f 286/337/313 301/347/313 302/349/313
f 279/338/314 294/348/314 295/350/314
f 288/324/315 287/322/315 302/349/315
f 280/323/316 295/350/316 296/352/316
f 288/324/317 303/351/317 304/353/317
f 282/327/318 281/325/318 296/352/318
f 290/328/319 289/326/319 304/353/319
f 282/327/320 297/354/320 298/340/320
f 294/348/321 310/372/321 311/356/321
f 303/351/322 302/349/322 318/357/322
f 295/350/323 311/356/323 312/359/323
f 303/351/324 319/358/324 320/360/324
f 297/354/325 296/352/325 312/359/325
f 305/355/326 304/353/326 320/360/326
f 297/354/327 313/361/327 314/363/327
f 305/355/328 321/362/328 322/364/328
f 299/341/329 298/340/329 314/363/329
f 306/339/330 322/364/330 323/366/330
f 300/343/331 299/341/331 315/365/331
f 300/343/334 316/367/334 317/371/334
f 293/345/335 309/369/335 310/372/335
f 301/347/336 317/371/336 318/357/336
f 315/365/337 314/363/337 329/373/337
f 322/364/338 337/389/338 338/375/338
f 316/367/339 315/365/339 330/374/339
f 316/367/342 331/376/342 332/380/342
f 309/369/343 324/378/343 325/381/343
f 317/371/344 332/380/344 333/382/344
f 310/372/345 325/381/345 326/383/345
f 319/358/346 318/357/346 333/382/346
f 311/356/347 326/383/347 327/385/347
f 319/358/348 334/384/348 335/386/348
f 312/359/349 327/385/349 328/387/349
f 321/362/350 320/360/350 335/386/350
f 313/361/351 328/387/351 329/373/351
f 321/362/352 336/388/352 337/389/352
f 334/384/353 333/382/353 348/390/353
f 326/383/354 341/406/354 342/392/354
f 334/384/355 349/391/355 350/393/355
f 328/387/356 327/385/356 342/392/356
f 336/388/357 335/386/357 350/393/357
f 328/387/358 343/394/358 344/396/358
f 336/388/359 351/395/359 352/397/359
f 330/374/360 329/373/360 344/396/360
f 337/389/361 352/397/361 353/399/361
f 331/376/362 330/374/362 345/398/362
f 331/376/365 346/400/365 347/404/365
f 324/378/366 339/402/366 340/405/366
f 332/380/367 347/404/367 348/390/367
f 325/381/368 340/405/368 341/406/368
f 352/397/369 367/423/369 368/407/369
f 346/400/370 345/398/370 360/408/370
f 346/400/373 361/409/373 362/413/373
f 339/402/374 354/411/374 355/414/374
f 347/404/375 362/413/375 363/415/375
f 341/406/376 340/405/376 355/414/376
f 349/391/377 348/390/377 363/415/377
f 341/406/378 356/416/378 357/418/378
f 349/391/379 364/417/379 365/419/379
f 343/394/380 342/392/380 357/418/380
f 351/395/381 350/393/381 365/419/381
f 343/394/382 358/420/382 359/422/382
f 351/395/383 366/421/383 367/423/383
f 345/398/384 344/396/384 359/422/384
f 356/424/385 371/454/385 372/425/385
f 364/427/386 379/455/386 380/428/386
f 358/430/387 357/426/387 372/425/387
f 366/432/388 365/429/388 380/428/388
f 358/430/389 373/431/389 374/434/389
f 366/432/390 381/433/390 382/436/390
f 360/438/391 359/435/391 374/434/391
f 367/437/392 382/436/392 383/440/392
f 361/442/393 360/438/393 375/439/393
f 361/442/396 376/443/396 377/448/396
f 354/444/397 369/446/397 370/450/397
f 362/449/398 377/448/398 378/452/398
f 356/424/399 355/451/399 370/450/399
f 364/427/400 363/453/400 378/452/400
f 376/443/401 375/439/401 390/456/401
f 376/443/404 391/457/404 392/462/404
f 369/446/405 384/459/405 385/463/405
f 377/448/406 392/462/406 393/464/406
f 371/454/407 370/450/407 385/463/407
f 379/455/408 378/452/408 393/464/408
f 371/454/409 386/465/409 387/467/409
f 379/455/410 394/466/410 395/468/410
f 373/431/411 372/425/411 387/467/411
f 381/433/412 380/428/412 395/468/412
f 373/431/413 388/469/413 389/471/413
f 381/433/414 396/470/414 397/472/414
f 375/439/415 374/434/415 389/471/415
f 382/436/416 397/472/416 398/461/416
f 394/466/417 409/489/417 410/473/417
f 388/469/418 387/467/418 402/474/418
f 396/470/419 395/468/419 410/473/419
f 388/469/420 403/475/420 404/477/420
f 397/472/421 396/470/421 411/476/421
f 390/456/422 389/471/422 404/477/422
f 397/472/423 412/478/423 413/480/423
f 391/457/424 390/456/424 405/479/424
f 391/457/427 406/481/427 407/485/427
f 385/463/428 384/459/428 399/483/428
f 392/462/429 407/485/429 408/487/429
f 385/463/430 400/486/430 401/488/430
f 394/466/431 393/464/431 408/487/431
f 386/465/432 401/488/432 402/474/432
f 406/481/434 421/504/434 422/492/434
f 399/483/435 414/506/435 415/493/435
f 407/485/436 422/492/436 423/494/436
f 401/488/437 400/486/437 415/493/437
f 409/489/438 408/487/438 423/494/438
f 401/488/439 416/495/439 417/497/439
f 409/489/440 424/496/440 425/498/440
f 403/475/441 402/474/441 417/497/441
f 411/476/442 410/473/442 425/498/442
f 403/475/443 418/499/443 419/501/443
f 411/476/444 426/500/444 427/502/444
f 405/479/445 404/477/445 419/501/445
f 412/478/446 427/502/446 428/491/446
f 406/481/447 405/479/447 420/503/447
f 426/500/449 425/498/449 440/507/449
f 418/499/450 433/523/450 434/509/450
f 426/500/451 441/508/451 442/510/451
f 420/503/452 419/501/452 434/509/452
f 427/502/453 442/510/453 443/512/453
f 421/504/454 420/503/454 435/511/454
f 421/504/457 436/513/457 437/517/457
f 414/506/458 429/515/458 430/518/458
f 422/492/459 437/517/459 438/519/459
f 416/495/460 415/493/460 430/518/460
f 424/496/461 423/494/461 438/519/461
f 416/495/462 431/520/462 432/522/462
f 424/496/463 439/521/463 440/507/463
f 418/499/464 417/497/464 432/522/464
f 430/518/465 429/515/465 444/524/465
f 437/517/466 452/540/466 453/526/466
f 430/518/467 445/525/467 446/527/467
f 439/521/468 438/519/468 453/526/468
f 431/520/469 446/527/469 447/529/469
f 439/521/470 454/528/470 455/530/470
f 433/523/471 432/522/471 447/529/471
f 441/508/472 440/507/472 455/530/472
f 433/523/473 448/531/473 449/533/473
f 441/508/474 456/532/474 457/534/474
f 435/511/475 434/509/475 449/533/475
f 442/510/476 457/534/476 458/536/476
f 436/513/477 435/511/477 450/535/477
f 436/513/480 451/537/480 452/540/480
f 448/531/481 463/556/481 464/541/481
f 456/532/482 471/557/482 472/542/482
f 450/535/483 449/533/483 464/541/483
f 458/536/484 457/534/484 472/542/484
f 451/537/485 450/535/485 465/543/485
f 451/537/488 466/545/488 467/549/488
f 444/524/489 459/547/489 460/550/489
f 452/540/490 467/549/490 468/551/490
f 446/527/491 445/525/491 460/550/491
f 454/528/492 453/526/492 468/551/492
f 446/527/493 461/552/493 462/554/493
f 454/528/494 469/553/494 470/555/494
f 448/531/495 447/529/495 462/554/495
f 456/532/496 455/530/496 470/555/496
f 467/549/497 5/4/497 478/6/497
f 461/552/498 460/550/498 475/1/498
f 468/551/499 478/6/499 6/10/499
f 462/554/500 461/552/500 1/7/500
f 469/553/501 6/10/501 479/14/501
f 463/556/502 462/554/502 476/11/502
f 471/557/503 470/555/503 479/14/503
f 464/541/504 463/556/504 2/15/504
f 471/557/505 480/18/505 481/22/505
f 465/543/506 464/541/506 477/19/506
f 472/542/507 481/22/507 482/26/507
f 466/545/508 465/543/508 3/23/508
f 466/545/511 4/28/511 5/4/511
f 460/550/512 459/547/512 474/29/512
f 962/560/513 961/590/513 500/561/513
f 959/563/514 484/591/514 493/564/514
f 963/566/515 962/560/515 501/562/515
f 485/568/516 959/563/516 494/565/516
f 964/570/517 963/566/517 502/567/517
f 486/572/518 485/568/518 495/569/518
f 487/578/521 486/572/521 496/573/521
f 956/574/522 489/576/522 490/580/522
f 960/582/523 487/578/523 497/579/523
f 957/581/524 490/580/524 491/584/524
f 488/586/525 960/582/525 498/583/525
f 483/585/526 491/584/526 492/588/526
f 961/590/2563 488/586/2563 499/587/2563
f 484/591/528 958/589/528 492/588/528
f 500/561/529 499/587/529 514/592/529
f 492/588/530 507/608/530 508/594/530
f 501/562/531 500/561/531 515/593/531
f 493/564/532 508/594/532 509/596/532
f 502/567/533 501/562/533 516/595/533
f 495/569/534 494/565/534 509/596/534
f 503/571/535 502/567/535 517/597/535
f 496/573/536 495/569/536 510/598/536
f 497/579/539 496/573/539 511/600/539
f 489/576/2564 504/602/2564 505/605/2564
f 498/583/541 497/579/541 512/604/541
f 490/580/542 505/605/542 506/607/542
f 499/587/543 498/583/543 513/606/543
f 491/584/544 506/607/544 507/608/544
f 512/604/547 511/600/547 526/613/547
f 504/602/548 519/610/548 520/615/548
f 513/606/549 512/604/549 527/614/549
f 505/605/550 520/615/550 521/617/550
f 514/592/551 513/606/551 528/616/551
f 506/607/552 521/617/552 522/619/552
f 515/593/553 514/592/553 529/618/553
f 507/608/554 522/619/554 523/621/554
f 516/595/555 515/593/555 530/620/555
f 508/594/556 523/621/556 524/623/556
f 517/597/557 516/595/557 531/622/557
f 509/596/558 524/623/558 525/625/558
f 518/599/559 517/597/559 532/624/559
f 511/600/560 510/598/560 525/625/560
f 522/619/2565 537/642/2565 538/626/2565
f 531/622/562 530/620/562 545/627/562
f 523/621/563 538/626/563 539/629/563
f 532/624/564 531/622/564 546/628/564
f 524/623/565 539/629/565 540/631/565
f 533/612/566 532/624/566 547/630/566
f 526/613/567 525/625/567 540/631/567
f 527/614/570 526/613/570 541/633/570
f 519/610/571 534/635/571 535/638/571
f 528/616/572 527/614/572 542/637/572
f 520/615/573 535/638/573 536/640/573
f 529/618/574 528/616/574 543/639/574
f 521/617/575 536/640/575 537/642/575
f 530/620/576 529/618/576 544/641/576
f 542/637/577 541/633/577 556/643/577
f 534/635/578 549/658/578 550/645/578
f 543/639/579 542/637/579 557/644/579
f 535/638/580 550/645/580 551/647/580
f 544/641/581 543/639/581 558/646/581
f 536/640/582 551/647/582 552/649/582
f 545/627/583 544/641/583 559/648/583
f 537/642/584 552/649/584 553/651/584
f 546/628/585 545/627/585 560/650/585
f 538/626/586 553/651/586 554/653/586
f 547/630/587 546/628/587 561/652/587
f 539/629/588 554/653/588 555/655/588
f 548/632/589 547/630/589 562/654/589
f 541/633/590 540/631/590 555/655/590
f 561/652/593 560/650/593 576/660/593
f 553/651/594 569/676/594 570/662/594
f 562/654/595 561/652/595 577/661/595
f 555/655/596 554/653/596 570/662/596
f 563/656/597 562/654/597 578/663/597
f 556/643/598 555/655/598 571/664/598
f 557/644/601 556/643/601 572/666/601
f 549/658/602 565/668/602 566/671/602
f 558/646/603 557/644/603 573/670/603
f 550/645/604 566/671/604 567/673/604
f 559/648/605 558/646/605 574/672/605
f 551/647/606 567/673/606 568/675/606
f 560/650/607 559/648/607 575/674/607
f 552/649/608 568/675/608 569/676/608
f 565/668/609 580/692/609 581/677/609
f 574/672/610 573/670/610 588/678/610
f 566/671/611 581/677/611 582/680/611
f 575/674/612 574/672/612 589/679/612
f 567/673/2566 582/680/2566 583/682/2566
f 576/660/614 575/674/614 590/681/614
f 568/675/615 583/682/615 584/684/615
f 577/661/616 576/660/616 591/683/616
f 569/676/617 584/684/617 585/686/617
f 578/663/618 577/661/618 592/685/618
f 571/664/619 570/662/619 585/686/619
f 579/665/620 578/663/620 593/687/620
f 572/666/621 571/664/621 586/688/621
f 573/670/624 572/666/624 587/690/624
f 585/686/625 584/684/625 599/694/625
f 593/687/626 592/685/626 607/696/626
f 586/688/627 585/686/627 600/695/627
f 594/689/628 593/687/628 608/697/628
f 587/690/629 586/688/629 601/698/629
f 588/678/632 587/690/632 602/700/632
f 580/692/633 595/702/633 596/705/633
f 589/679/634 588/678/634 603/704/634
f 581/677/635 596/705/635 597/707/635
f 590/681/636 589/679/636 604/706/636
f 582/680/637 597/707/637 598/709/637
f 591/683/638 590/681/638 605/708/638
f 584/684/639 583/682/639 598/709/639
f 592/685/640 591/683/640 606/710/640
f 604/706/641 603/704/641 618/711/641
f 597/707/642 596/705/642 611/713/642
f 605/708/643 604/706/643 619/712/643
f 598/709/644 597/707/644 612/714/644
f 606/710/645 605/708/645 620/715/645
f 599/694/646 598/709/646 613/716/646
f 607/696/647 606/710/647 621/717/647
f 600/695/648 599/694/648 614/718/648
f 608/697/649 607/696/649 622/719/649
f 601/698/650 600/695/650 615/720/650
f 608/697/651 623/721/651 624/723/651
f 602/700/652 601/698/652 616/722/652
f 603/704/655 602/700/655 617/724/655
f 596/705/656 595/702/656 610/726/656
f 622/719/657 637/744/657 638/728/657
f 616/722/658 615/720/658 630/729/658
f 623/721/659 638/728/659 639/731/659
f 617/724/660 616/722/660 631/730/660
f 618/711/663 617/724/663 632/732/663
f 611/713/664 610/726/664 625/734/664
f 619/712/665 618/711/665 633/736/665
f 612/714/666 611/713/666 626/737/666
f 619/712/667 634/738/667 635/740/667
f 613/716/668 612/714/668 627/739/668
f 620/715/669 635/740/669 636/742/669
f 614/718/670 613/716/670 628/741/670
f 621/717/671 636/742/671 637/744/671
f 615/720/672 614/718/672 629/743/672
f 634/738/673 649/761/673 650/745/673
f 628/741/674 627/739/674 642/746/674
f 635/740/675 650/745/675 651/748/675
f 629/743/676 628/741/676 643/747/676
f 636/742/677 651/748/677 652/750/677
f 630/729/678 629/743/678 644/749/678
f 637/744/679 652/750/679 653/752/679
f 631/730/680 630/729/680 645/751/680
f 638/728/681 653/752/681 654/754/681
f 632/732/682 631/730/682 646/753/682
f 633/736/685 632/732/685 647/755/685
f 626/737/686 625/734/686 640/757/686
f 633/736/687 648/759/687 649/761/687
f 627/739/688 626/737/688 641/760/688
f 653/752/689 668/778/689 669/762/689
f 647/755/690 646/753/690 661/763/690
f 648/759/693 647/755/693 662/764/693
f 641/760/694 640/757/694 655/766/694
f 648/759/695 663/768/695 664/770/695
f 642/746/696 641/760/696 656/769/696
f 649/761/697 664/770/697 665/772/697
f 643/747/698 642/746/698 657/771/698
f 650/745/699 665/772/699 666/774/699
f 644/749/700 643/747/700 658/773/700
f 651/748/701 666/774/701 667/776/701
f 645/751/702 644/749/702 659/775/702
f 652/750/2567 667/776/2567 668/778/2567
f 646/753/704 645/751/704 660/777/704
f 658/773/705 657/771/705 672/779/705
f 665/772/706 680/795/706 681/781/706
f 659/775/707 658/773/707 673/780/707
f 666/774/708 681/781/708 682/783/708
f 660/777/2568 659/775/2568 674/782/2568
f 667/776/710 682/783/710 683/785/710
f 661/763/711 660/777/711 675/784/711
f 668/778/712 683/785/712 684/787/712
f 662/764/713 661/763/713 676/786/713
f 663/768/716 662/764/716 677/788/716
f 656/769/717 655/766/717 670/790/717
f 663/768/2569 678/792/2569 679/794/2569
f 657/771/719 656/769/719 671/793/719
f 664/770/720 679/794/720 680/795/720
f 677/788/2570 676/786/2570 691/796/2570
f 677/788/2571 692/797/2571 693/802/2571
f 671/793/725 670/790/725 685/799/725
f 678/792/726 693/802/726 694/804/726
f 672/779/727 671/793/727 686/803/727
f 679/794/728 694/804/728 695/806/728
f 673/780/729 672/779/729 687/805/729
f 680/795/730 695/806/730 696/808/730
f 674/782/731 673/780/731 688/807/731
f 681/781/732 696/808/732 697/810/732
f 675/784/733 674/782/733 689/809/733
f 682/783/734 697/810/734 698/812/734
f 676/786/2572 675/784/2572 690/811/2572
f 683/785/736 698/812/736 699/801/736
f 695/806/737 710/829/737 711/813/737
f 689/809/738 688/807/738 703/814/738
f 696/808/739 711/813/739 712/816/739
f 690/811/740 689/809/740 704/815/740
f 697/810/741 712/816/741 713/818/741
f 691/796/742 690/811/742 705/817/742
f 698/812/2573 713/818/2573 714/820/2573
f 692/797/744 691/796/744 706/819/744
f 692/797/747 707/821/747 708/825/747
f 686/803/748 685/799/748 700/823/748
f 693/802/749 708/825/749 709/827/749
f 687/805/750 686/803/750 701/826/750
f 694/804/751 709/827/751 710/829/751
f 688/807/752 687/805/752 702/828/752
f 707/821/755 722/846/755 723/834/755
f 701/826/2574 700/823/2574 715/831/2574
f 708/825/2575 723/834/2575 724/836/2575
f 702/828/758 701/826/758 716/835/758
f 709/827/759 724/836/759 725/838/759
f 703/814/760 702/828/760 717/837/760
f 710/829/761 725/838/761 726/840/761
f 704/815/762 703/814/762 718/839/762
f 711/813/763 726/840/763 727/842/763
f 705/817/764 704/815/764 719/841/764
f 712/816/765 727/842/765 728/844/765
f 706/819/766 705/817/766 720/843/766
f 713/818/767 728/844/767 729/833/767
f 706/819/768 721/845/768 722/846/768
f 718/839/2576 733/863/2576 734/847/2576
f 727/842/770 726/840/770 741/848/770
f 719/841/771 734/847/771 735/850/771
f 728/844/772 727/842/772 742/849/772
f 720/843/773 735/850/773 736/852/773
f 729/833/774 728/844/774 743/851/774
f 721/845/775 736/852/775 737/854/775
f 722/846/778 737/854/778 738/858/778
f 715/831/779 730/856/779 731/859/779
f 723/834/780 738/858/780 739/860/780
f 716/835/781 731/859/781 732/861/781
f 724/836/782 739/860/782 740/862/782
f 717/837/783 732/861/783 733/863/783
f 725/838/2577 740/862/2577 741/848/2577
f 737/854/785 752/877/785 753/864/785
f 730/856/2578 745/879/2578 746/865/2578
f 738/858/787 753/864/787 754/866/787
f 731/859/788 746/865/788 747/867/788
f 740/862/789 739/860/789 754/866/789
f 732/861/790 747/867/790 748/869/790
f 741/848/791 740/862/791 755/868/791
f 733/863/792 748/869/792 749/871/792
f 742/849/2579 741/848/2579 756/870/2579
f 734/847/794 749/871/794 750/873/794
f 743/851/795 742/849/795 757/872/795
f 735/850/796 750/873/796 751/875/796
f 744/853/2580 743/851/2580 758/874/2580
f 736/852/798 751/875/798 752/877/798
f 757/872/801 756/870/801 771/881/801
f 749/871/802 764/897/802 765/883/802
f 758/874/803 757/872/803 772/882/803
f 750/873/2581 765/883/2581 766/885/2581
f 759/876/805 758/874/805 773/884/805
f 751/875/806 766/885/806 767/887/806
f 752/877/809 767/887/809 768/891/809
f 745/879/810 760/889/810 761/892/810
f 754/866/811 753/864/811 768/891/811
f 746/865/2582 761/892/2582 762/894/2582
f 755/868/813 754/866/813 769/893/813
f 747/867/814 762/894/814 763/896/814
f 756/870/815 755/868/815 770/895/815
f 748/869/816 763/896/816 764/897/816
f 769/893/817 768/891/817 783/898/817
f 761/892/818 776/914/818 777/900/818
f 770/895/819 769/893/819 784/899/819
f 762/894/820 777/900/820 778/902/820
f 771/881/821 770/895/821 785/901/821
f 763/896/822 778/902/822 779/904/822
f 772/882/823 771/881/823 786/903/823
f 764/897/824 779/904/824 780/906/824
f 773/884/825 772/882/825 787/905/825
f 765/883/826 780/906/826 781/908/826
f 774/886/827 773/884/827 788/907/827
f 766/885/828 781/908/828 782/910/828
f 767/887/831 782/910/831 783/898/831
f 760/889/832 775/912/832 776/914/832
f 788/907/833 787/905/833 803/915/833
f 780/906/834 796/931/834 797/917/834
f 789/909/835 788/907/835 804/916/835
f 781/908/836 797/917/836 798/919/836
f 782/910/839 798/919/839 799/923/839
f 775/912/840 791/921/840 792/924/840
f 784/899/841 783/898/841 799/923/841
f 776/914/842 792/924/842 793/926/842
f 785/901/843 784/899/843 800/925/843
f 777/900/844 793/926/844 794/928/844
f 786/903/845 785/901/845 801/927/845
f 778/902/846 794/928/846 795/930/846
f 787/905/847 786/903/847 802/929/847
f 779/904/848 795/930/848 796/931/848
f 792/924/849 807/948/849 808/932/849
f 801/927/850 800/925/850 815/933/850
f 793/926/851 808/932/851 809/935/851
f 802/929/852 801/927/852 816/934/852
f 794/928/853 809/935/853 810/937/853
f 803/915/854 802/929/854 817/936/854
f 795/930/2583 810/937/2583 811/939/2583
f 804/916/856 803/915/856 818/938/856
f 796/931/857 811/939/857 812/941/857
f 805/918/2584 804/916/2584 819/940/2584
f 797/917/859 812/941/859 813/943/859
f 798/919/862 813/943/862 814/947/862
f 791/921/863 806/945/863 807/948/863
f 799/923/864 814/947/864 815/933/864
f 811/939/865 826/965/865 827/949/865
f 820/942/866 819/940/866 834/950/866
f 812/941/867 827/949/867 828/952/867
f 813/943/870 828/952/870 829/956/870
f 806/945/871 821/954/871 822/957/871
f 814/947/872 829/956/872 830/958/872
f 807/948/873 822/957/873 823/959/873
f 816/934/874 815/933/874 830/958/874
f 808/932/875 823/959/875 824/961/875
f 817/936/876 816/934/876 831/960/876
f 809/935/877 824/961/877 825/963/877
f 818/938/878 817/936/878 832/962/878
f 810/937/879 825/963/879 826/965/879
f 819/940/880 818/938/880 833/964/880
f 830/958/881 845/981/881 846/966/881
f 823/959/882 838/982/882 839/967/882
f 831/960/883 846/966/883 847/968/883
f 824/961/884 839/967/884 840/969/884
f 833/964/885 832/962/885 847/968/885
f 825/963/886 840/969/886 841/971/886
f 834/950/887 833/964/887 848/970/887
f 826/965/888 841/971/888 842/973/888
f 835/951/2585 834/950/2585 849/972/2585
f 827/949/890 842/973/890 843/975/890
f 828/952/893 843/975/893 844/979/893
f 821/954/894 836/977/894 837/980/894
f 829/956/895 844/979/895 845/981/895
f 822/957/896 837/980/896 838/982/896
f 849/983/897 864/1013/897 865/984/897
f 842/986/898 857/1014/898 858/987/898
f 843/988/901 858/987/901 859/993/901
f 837/995/902 836/989/902 851/991/902
f 844/994/903 859/993/903 860/997/903
f 837/995/904 852/996/904 853/999/904
f 845/998/905 860/997/905 861/1001/905
f 838/1000/906 853/999/906 854/1003/906
f 846/1002/907 861/1001/907 862/1005/907
f 839/1004/908 854/1003/908 855/1007/908
f 847/1006/909 862/1005/909 863/1009/909
f 840/1008/910 855/1007/910 856/1011/910
f 848/1010/911 863/1009/911 864/1013/911
f 841/1012/912 856/1011/912 857/1014/912
f 854/1003/913 853/999/913 868/1015/913
f 861/1001/914 876/1031/914 877/1017/914
f 855/1007/915 854/1003/915 869/1016/915
f 862/1005/916 877/1017/916 878/1019/916
f 856/1011/917 855/1007/917 870/1018/917
f 863/1009/918 878/1019/918 879/1021/918
f 856/1011/919 871/1020/919 872/1022/919
f 864/1013/920 879/1021/920 880/1023/920
f 857/1014/921 872/1022/921 873/1024/921
f 858/987/924 873/1024/924 874/1028/924
f 852/996/925 851/991/925 866/1026/925
f 859/993/926 874/1028/926 875/1030/926
f 853/999/927 852/996/927 867/1029/927
f 860/997/928 875/1030/928 876/1031/928
f 872/1022/929 887/1048/929 888/1032/929
f 873/1024/932 888/1032/932 889/1037/932
f 867/1029/933 866/1026/933 881/1034/933
f 874/1028/934 889/1037/934 890/1039/934
f 868/1015/935 867/1029/935 882/1038/935
f 875/1030/936 890/1039/936 891/1041/936
f 869/1016/937 868/1015/937 883/1040/937
f 876/1031/938 891/1041/938 892/1043/938
f 870/1018/939 869/1016/939 884/1042/939
f 877/1017/940 892/1043/940 893/1045/940
f 871/1020/941 870/1018/941 885/1044/941
f 878/1019/942 893/1045/942 894/1047/942
f 872/1022/943 871/1020/943 886/1046/943
f 879/1021/944 894/1047/944 895/1036/944
f 891/1041/945 906/1065/945 907/1049/945
f 885/1044/946 884/1042/946 899/1050/946
f 892/1043/947 907/1049/947 908/1052/947
f 886/1046/948 885/1044/948 900/1051/948
f 893/1045/949 908/1052/949 909/1054/949
f 887/1048/950 886/1046/950 901/1053/950
f 894/1047/951 909/1054/951 910/1056/951
f 887/1048/952 902/1055/952 903/1057/952
f 888/1032/955 903/1057/955 904/1061/955
f 882/1038/956 881/1034/956 896/1059/956
f 889/1037/957 904/1061/957 905/1063/957
f 883/1040/2586 882/1038/2586 897/1062/2586
f 890/1039/959 905/1063/959 906/1065/959
f 884/1042/960 883/1040/960 898/1064/960
f 903/1057/962 918/1081/962 919/1068/962
f 897/1062/963 896/1059/963 911/1069/963
f 904/1061/964 919/1068/964 920/1071/964
f 898/1064/965 897/1062/965 912/1070/965
f 905/1063/966 920/1071/966 921/1073/966
f 899/1050/967 898/1064/967 913/1072/967
f 906/1065/968 921/1073/968 922/1075/968
f 900/1051/969 899/1050/969 914/1074/969
f 907/1049/970 922/1075/970 923/1077/970
f 901/1053/971 900/1051/971 915/1076/971
f 908/1052/972 923/1077/972 924/1079/972
f 902/1055/2587 901/1053/2587 916/1078/2587
f 909/1054/974 924/1079/974 925/1067/974
f 902/1055/975 917/1080/975 918/1081/975
f 922/1075/977 937/1099/977 938/1083/977
f 916/1078/978 915/1076/978 930/1084/978
f 923/1077/979 938/1083/979 939/1086/979
f 917/1080/980 916/1078/980 931/1085/980
f 924/1079/981 939/1086/981 940/1088/981
f 918/1081/982 917/1080/982 932/1087/982
f 918/1081/985 933/1089/985 934/1093/985
f 912/1070/986 911/1069/986 926/1091/986
f 919/1068/2588 934/1093/2588 935/1095/2588
f 913/1072/988 912/1070/988 927/1094/988
f 920/1071/989 935/1095/989 936/1097/989
f 914/1074/990 913/1072/990 928/1096/990
f 921/1073/991 936/1097/991 937/1099/991
f 915/1076/992 914/1074/992 929/1098/992
f 927/1094/993 926/1091/993 941/1100/993
f 934/1093/994 949/1116/994 950/1102/994
f 928/1096/995 927/1094/995 942/1101/995
f 935/1095/996 950/1102/996 951/1104/996
f 929/1098/997 928/1096/997 943/1103/997
f 936/1097/998 951/1104/998 952/1106/998
f 930/1084/999 929/1098/999 944/1105/999
f 937/1099/1000 952/1106/1000 953/1108/1000
f 931/1085/1001 930/1084/1001 945/1107/1001
f 938/1083/1002 953/1108/1002 954/1110/1002
f 932/1087/1003 931/1085/1003 946/1109/1003
f 939/1086/2589 954/1110/2589 955/1112/2589
f 933/1089/1005 932/1087/1005 947/1111/1005
f 933/1089/1008 948/1113/1008 949/1116/1008
f 946/1109/1009 945/1107/1009 484/591/1009
f 953/1108/1010 962/560/1010 963/566/1010
f 947/1111/1011 946/1109/1011 959/563/1011
f 954/1110/2590 963/566/2590 964/570/2590
f 948/1113/1013 947/1111/1013 485/568/1013
f 949/1116/1016 948/1113/1016 486/572/1016
f 942/1101/2591 941/1100/2591 956/574/2591
f 949/1116/1018 487/578/1018 960/582/1018
f 943/1103/1019 942/1101/1019 957/581/1019
f 950/1102/1020 960/582/1020 488/586/1020
f 944/1105/1021 943/1103/1021 483/585/1021
f 951/1104/1022 488/586/1022 961/590/1022
f 945/1107/1023 944/1105/1023 958/589/1023
f 952/1106/1024 961/590/1024 962/560/1024
f 1446/1119/1025 1445/1149/1025 984/1120/1025
f 968/1122/1026 967/1150/1026 977/1123/1026
f 969/1129/1029 968/1122/1029 978/1124/1029
f 1438/1125/1030 971/1127/1030 972/1131/1030
f 1442/1133/1031 969/1129/1031 979/1130/1031
f 1439/1132/1032 972/1131/1032 973/1135/1032
f 970/1137/1033 1442/1133/1033 980/1134/1033
f 965/1136/2592 973/1135/2592 974/1139/2592
f 1443/1141/1035 970/1137/1035 981/1138/1035
f 1440/1140/1036 974/1139/1036 975/1143/1036
f 1444/1145/1037 1443/1141/1037 982/1142/1037
f 966/1144/1038 975/1143/1038 976/1147/1038
f 1445/1149/1039 1444/1145/1039 983/1146/1039
f 1441/1148/1040 976/1147/1040 977/1123/1040
f 984/1120/1041 983/1146/1041 998/1151/1041
f 976/1147/1042 991/1167/1042 992/1153/1042
f 985/1121/1043 984/1120/1043 999/1152/1043
f 978/1124/1044 977/1123/1044 992/1153/1044
f 979/1130/1047 978/1124/1047 993/1155/1047
f 971/1127/1048 986/1157/1048 987/1160/1048
f 980/1134/1049 979/1130/1049 994/1159/1049
f 972/1131/1050 987/1160/1050 988/1162/1050
f 981/1138/1051 980/1134/1051 995/1161/1051
f 973/1135/1052 988/1162/1052 989/1164/1052
f 982/1142/1053 981/1138/1053 996/1163/1053
f 974/1139/1054 989/1164/1054 990/1166/1054
f 983/1146/1055 982/1142/1055 997/1165/1055
f 975/1143/1056 990/1166/1056 991/1167/1056
f 987/1160/2593 1002/1184/2593 1003/1168/2593
f 996/1163/1058 995/1161/1058 1010/1169/1058
f 988/1162/2594 1003/1168/2594 1004/1171/2594
f 997/1165/1060 996/1163/1060 1011/1170/1060
f 989/1164/1061 1004/1171/1061 1005/1173/1061
f 998/1151/1062 997/1165/1062 1012/1172/1062
f 990/1166/1063 1005/1173/1063 1006/1175/1063
f 999/1152/1064 998/1151/1064 1013/1174/1064
f 991/1167/1065 1006/1175/1065 1007/1177/1065
f 1000/1154/1066 999/1152/1066 1014/1176/1066
f 992/1153/1067 1007/1177/1067 1008/1179/1067
f 994/1159/1070 993/1155/1070 1008/1179/1070
f 986/1157/2595 1001/1181/2595 1002/1184/2595
f 995/1161/1072 994/1159/1072 1009/1183/1072
f 1006/1175/1073 1021/1201/1073 1022/1185/1073
f 1015/1178/1074 1014/1176/1074 1029/1186/1074
f 1007/1177/1075 1022/1185/1075 1023/1188/1075
f 1009/1183/1078 1008/1179/1078 1023/1188/1078
f 1001/1181/2596 1016/1190/2596 1017/1193/2596
f 1010/1169/1080 1009/1183/1080 1024/1192/1080
f 1002/1184/1081 1017/1193/1081 1018/1195/1081
f 1011/1170/1082 1010/1169/1082 1025/1194/1082
f 1003/1168/1083 1018/1195/1083 1019/1197/1083
f 1012/1172/1084 1011/1170/1084 1026/1196/1084
f 1004/1171/1085 1019/1197/1085 1020/1199/1085
f 1013/1174/1086 1012/1172/1086 1027/1198/1086
f 1005/1173/1087 1020/1199/1087 1021/1201/1087
f 1014/1176/1088 1013/1174/1088 1028/1200/1088
f 1026/1196/1089 1025/1194/1089 1040/1202/1089
f 1018/1195/1090 1033/1218/1090 1034/1204/1090
f 1027/1198/1091 1026/1196/1091 1041/1203/1091
f 1019/1197/2597 1034/1204/2597 1035/1206/2597
f 1028/1200/1093 1027/1198/1093 1042/1205/1093
f 1020/1199/1094 1035/1206/1094 1036/1208/1094
f 1029/1186/1095 1028/1200/1095 1043/1207/1095
f 1021/1201/1096 1036/1208/1096 1037/1210/1096
f 1030/1187/1097 1029/1186/1097 1044/1209/1097
f 1022/1185/1098 1037/1210/1098 1038/1212/1098
f 1024/1192/1101 1023/1188/1101 1038/1212/1101
f 1016/1190/1102 1031/1214/1102 1032/1217/1102
f 1025/1194/1103 1024/1192/1103 1039/1216/1103
f 1017/1193/1104 1032/1217/1104 1033/1218/1104
f 1045/1211/1105 1044/1209/1105 1060/1219/1105
f 1038/1212/1106 1037/1210/1106 1053/1221/1106
f 1039/1216/1109 1038/1212/1109 1054/1222/1109
f 1031/1214/2598 1047/1224/2598 1048/1227/2598
f 1040/1202/1111 1039/1216/1111 1055/1226/1111
f 1032/1217/1112 1048/1227/1112 1049/1229/1112
f 1041/1203/1113 1040/1202/1113 1056/1228/1113
f 1033/1218/1114 1049/1229/1114 1050/1231/1114
f 1042/1205/2599 1041/1203/2599 1057/1230/2599
f 1034/1204/1116 1050/1231/1116 1051/1233/1116
f 1043/1207/1117 1042/1205/1117 1058/1232/1117
f 1035/1206/1118 1051/1233/1118 1052/1235/1118
f 1044/1209/1119 1043/1207/1119 1059/1234/1119
f 1036/1208/2600 1052/1235/2600 1053/1221/2600
f 1049/1229/1121 1064/1252/1121 1065/1236/1121
f 1058/1232/1122 1057/1230/1122 1072/1237/1122
f 1050/1231/1123 1065/1236/1123 1066/1239/1123
f 1059/1234/1124 1058/1232/1124 1073/1238/1124
f 1051/1233/1125 1066/1239/1125 1067/1241/1125
f 1060/1219/1126 1059/1234/1126 1074/1240/1126
f 1052/1235/1127 1067/1241/1127 1068/1243/1127
f 1061/1220/1128 1060/1219/1128 1075/1242/1128
f 1054/1222/1129 1053/1221/1129 1068/1243/1129
f 1055/1226/1132 1054/1222/1132 1069/1245/1132
f 1047/1224/1133 1062/1247/1133 1063/1250/1133
f 1056/1228/1134 1055/1226/1134 1070/1249/1134
f 1048/1227/1135 1063/1250/1135 1064/1252/1135
f 1057/1230/1136 1056/1228/1136 1071/1251/1136
f 1069/1245/1137 1068/1243/1137 1083/1253/1137
f 1070/1249/1140 1069/1245/1140 1084/1254/1140
f 1062/1247/1141 1077/1256/1141 1078/1260/1141
f 1071/1251/1142 1070/1249/1142 1085/1259/1142
f 1063/1250/1143 1078/1260/1143 1079/1262/1143
f 1072/1237/1144 1071/1251/1144 1086/1261/1144
f 1064/1252/1145 1079/1262/1145 1080/1264/1145
f 1073/1238/1146 1072/1237/1146 1087/1263/1146
f 1065/1236/1147 1080/1264/1147 1081/1266/1147
f 1074/1240/1148 1073/1238/1148 1088/1265/1148
f 1066/1239/1149 1081/1266/1149 1082/1268/1149
f 1075/1242/1150 1074/1240/1150 1089/1267/1150
f 1068/1243/1151 1067/1241/1151 1082/1268/1151
f 1076/1244/1152 1075/1242/1152 1090/1269/1152
f 1087/1263/1153 1102/1286/1153 1103/1270/1153
f 1081/1266/1154 1080/1264/1154 1095/1271/1154
f 1088/1265/1155 1103/1270/1155 1104/1273/1155
f 1082/1268/1156 1081/1266/1156 1096/1272/1156
f 1089/1267/1157 1104/1273/1157 1105/1275/1157
f 1083/1253/1158 1082/1268/1158 1097/1274/1158
f 1090/1269/1159 1105/1275/1159 1106/1277/1159
f 1084/1254/1160 1083/1253/1160 1098/1276/1160
f 1085/1259/1163 1084/1254/1163 1099/1278/1163
f 1078/1260/1164 1077/1256/1164 1092/1280/1164
f 1086/1261/1165 1085/1259/1165 1100/1282/1165
f 1079/1262/1166 1078/1260/1166 1093/1283/1166
f 1086/1261/1167 1101/1284/1167 1102/1286/1167
f 1080/1264/1168 1079/1262/1168 1094/1285/1168
f 1100/1282/1170 1099/1278/1170 1114/1289/1170
f 1093/1283/1171 1092/1280/1171 1107/1291/1171
f 1100/1282/1172 1115/1290/1172 1116/1293/1172
f 1094/1285/1173 1093/1283/1173 1108/1292/1173
f 1101/1284/1174 1116/1293/1174 1117/1295/1174
f 1095/1271/1175 1094/1285/1175 1109/1294/1175
f 1102/1286/1176 1117/1295/1176 1118/1297/1176
f 1096/1272/1177 1095/1271/1177 1110/1296/1177
f 1103/1270/1178 1118/1297/1178 1119/1299/1178
f 1097/1274/1179 1096/1272/1179 1111/1298/1179
f 1104/1273/1180 1119/1299/1180 1120/1301/1180
f 1098/1276/1181 1097/1274/1181 1112/1300/1181
f 1105/1275/1182 1120/1301/1182 1121/1288/1182
f 1099/1278/1183 1098/1276/1183 1113/1302/1183
f 1118/1297/2601 1133/1320/2601 1134/1304/2601
f 1112/1300/1186 1111/1298/1186 1126/1305/1186
f 1119/1299/1187 1134/1304/1187 1135/1307/1187
f 1113/1302/1188 1112/1300/1188 1127/1306/1188
f 1120/1301/1189 1135/1307/1189 1136/1309/1189
f 1114/1289/1190 1113/1302/1190 1128/1308/1190
f 1114/1289/1193 1129/1310/1193 1130/1314/1193
f 1108/1292/1194 1107/1291/1194 1122/1312/1194
f 1115/1290/1195 1130/1314/1195 1131/1316/1195
f 1109/1294/1196 1108/1292/1196 1123/1315/1196
f 1116/1293/1197 1131/1316/1197 1132/1318/1197
f 1110/1296/1198 1109/1294/1198 1124/1317/1198
f 1117/1295/1199 1132/1318/1199 1133/1320/1199
f 1111/1298/1200 1110/1296/1200 1125/1319/1200
f 1123/1315/1201 1122/1312/1201 1137/1321/1201
f 1130/1314/1202 1145/1337/1202 1146/1323/1202
f 1124/1317/1203 1123/1315/1203 1138/1322/1203
f 1131/1316/1204 1146/1323/1204 1147/1325/1204
f 1125/1319/1205 1124/1317/1205 1139/1324/1205
f 1132/1318/1206 1147/1325/1206 1148/1327/1206
f 1126/1305/1207 1125/1319/1207 1140/1326/1207
f 1133/1320/1208 1148/1327/1208 1149/1329/1208
f 1127/1306/1209 1126/1305/1209 1141/1328/1209
f 1134/1304/1210 1149/1329/1210 1150/1331/1210
f 1128/1308/1211 1127/1306/1211 1142/1330/1211
f 1135/1307/1212 1150/1331/1212 1151/1333/1212
f 1129/1310/1213 1128/1308/1213 1143/1332/1213
f 1129/1310/1216 1144/1334/1216 1145/1337/1216
f 1142/1330/1217 1141/1328/1217 1156/1338/1217
f 1149/1329/1218 1164/1354/1218 1165/1340/1218
f 1143/1332/1219 1142/1330/1219 1157/1339/1219
f 1150/1331/2602 1165/1340/2602 1166/1342/2602
f 1144/1334/1221 1143/1332/1221 1158/1341/1221
f 1144/1334/1224 1159/1343/1224 1160/1347/1224
f 1138/1322/1225 1137/1321/1225 1152/1345/1225
f 1145/1337/1226 1160/1347/1226 1161/1349/1226
f 1139/1324/1227 1138/1322/1227 1153/1348/1227
f 1146/1323/1228 1161/1349/1228 1162/1351/1228
f 1140/1326/1229 1139/1324/1229 1154/1350/1229
f 1147/1325/1230 1162/1351/1230 1163/1353/1230
f 1141/1328/1231 1140/1326/1231 1155/1352/1231
f 1148/1327/1232 1163/1353/1232 1164/1354/1232
f 1160/1347/1233 1175/1371/1233 1176/1355/1233
f 1154/1350/1234 1153/1348/1234 1168/1356/1234
f 1161/1349/1235 1176/1355/1235 1177/1358/1235
f 1155/1352/1236 1154/1350/1236 1169/1357/1236
f 1162/1351/2603 1177/1358/2603 1178/1360/2603
f 1156/1338/1238 1155/1352/1238 1170/1359/1238
f 1163/1353/1239 1178/1360/1239 1179/1362/1239
f 1157/1339/1240 1156/1338/1240 1171/1361/1240
f 1164/1354/1241 1179/1362/1241 1180/1364/1241
f 1158/1341/1242 1157/1339/1242 1172/1363/1242
f 1165/1340/2604 1180/1364/2604 1181/1366/2604
f 1159/1343/1244 1158/1341/1244 1173/1365/1244
f 1159/1343/1247 1174/1367/1247 1175/1371/1247
f 1153/1348/1248 1152/1345/1248 1167/1369/1248
f 1179/1362/1249 1194/1388/1249 1195/1372/1249
f 1173/1365/1250 1172/1363/1250 1187/1373/1250
f 1180/1364/1251 1195/1372/1251 1196/1375/1251
f 1174/1367/1252 1173/1365/1252 1188/1374/1252
f 1174/1367/1255 1189/1376/1255 1190/1380/1255
f 1168/1356/1256 1167/1369/1256 1182/1378/1256
f 1175/1371/1257 1190/1380/1257 1191/1382/1257
f 1169/1357/1258 1168/1356/1258 1183/1381/1258
f 1176/1355/1259 1191/1382/1259 1192/1384/1259
f 1170/1359/2605 1169/1357/2605 1184/1383/2605
f 1177/1358/1261 1192/1384/1261 1193/1386/1261
f 1171/1361/1262 1170/1359/1262 1185/1385/1262
f 1178/1360/1263 1193/1386/1263 1194/1388/1263
f 1172/1363/1264 1171/1361/1264 1186/1387/1264
f 1184/1383/1265 1183/1381/1265 1198/1389/1265
f 1191/1382/1266 1206/1405/1266 1207/1391/1266
f 1185/1385/1267 1184/1383/1267 1199/1390/1267
f 1192/1384/1268 1207/1391/1268 1208/1393/1268
f 1186/1387/1269 1185/1385/1269 1200/1392/1269
f 1193/1386/1270 1208/1393/1270 1209/1395/1270
f 1187/1373/1271 1186/1387/1271 1201/1394/1271
f 1194/1388/1272 1209/1395/1272 1210/1397/1272
f 1188/1374/1273 1187/1373/1273 1202/1396/1273
f 1195/1372/1274 1210/1397/1274 1211/1399/1274
f 1188/1374/1275 1203/1398/1275 1204/1400/1275
f 1189/1376/1278 1204/1400/1278 1205/1404/1278
f 1183/1381/2606 1182/1378/2606 1197/1402/2606
f 1190/1380/1280 1205/1404/1280 1206/1405/1280
f 1202/1396/1281 1217/1422/1281 1218/1406/1281
f 1211/1399/1282 1210/1397/1282 1225/1407/1282
f 1203/1398/1283 1218/1406/1283 1219/1409/1283
f 1204/1400/1286 1219/1409/1286 1220/1413/1286
f 1197/1402/1287 1212/1411/1287 1213/1414/1287
f 1206/1405/1288 1205/1404/1288 1220/1413/1288
f 1198/1389/1289 1213/1414/1289 1214/1416/1289
f 1207/1391/1290 1206/1405/1290 1221/1415/1290
f 1199/1390/1291 1214/1416/1291 1215/1418/1291
f 1208/1393/1292 1207/1391/1292 1222/1417/1292
f 1200/1392/1293 1215/1418/1293 1216/1420/1293
f 1209/1395/2607 1208/1393/2607 1223/1419/2607
f 1201/1394/1295 1216/1420/1295 1217/1422/1295
f 1210/1397/1296 1209/1395/1296 1224/1421/1296
f 1222/1417/1297 1221/1415/1297 1236/1423/1297
f 1214/1416/1298 1229/1439/1298 1230/1425/1298
f 1223/1419/1299 1222/1417/1299 1237/1424/1299
f 1215/1418/1300 1230/1425/1300 1231/1427/1300
f 1224/1421/1301 1223/1419/1301 1238/1426/1301
f 1216/1420/1302 1231/1427/1302 1232/1429/1302
f 1225/1407/1303 1224/1421/1303 1239/1428/1303
f 1217/1422/1304 1232/1429/1304 1233/1431/1304
f 1226/1408/1305 1225/1407/1305 1240/1430/1305
f 1218/1406/1306 1233/1431/1306 1234/1433/1306
f 1219/1409/1309 1234/1433/1309 1235/1437/1309
f 1212/1411/1310 1227/1435/1310 1228/1438/1310
f 1221/1415/1311 1220/1413/1311 1235/1437/1311
f 1213/1414/1312 1228/1438/1312 1229/1439/1312
f 1241/1432/2608 1240/1430/2608 1255/1440/2608
f 1233/1431/1314 1248/1456/1314 1249/1442/1314
f 1235/1437/1317 1234/1433/1317 1249/1442/1317
f 1227/1435/1318 1242/1444/1318 1243/1447/1318
f 1236/1423/1319 1235/1437/1319 1250/1446/1319
f 1228/1438/1320 1243/1447/1320 1244/1449/1320
f 1237/1424/1321 1236/1423/1321 1251/1448/1321
f 1229/1439/1322 1244/1449/1322 1245/1451/1322
f 1238/1426/1323 1237/1424/1323 1252/1450/1323
f 1230/1425/1324 1245/1451/1324 1246/1453/1324
f 1239/1428/1325 1238/1426/1325 1253/1452/1325
f 1231/1427/1326 1246/1453/1326 1247/1455/1326
f 1240/1430/1327 1239/1428/1327 1254/1454/1327
f 1232/1429/1328 1247/1455/1328 1248/1456/1328
f 1253/1452/1329 1252/1450/1329 1267/1457/1329
f 1245/1451/1330 1260/1473/1330 1261/1459/1330
f 1254/1454/1331 1253/1452/1331 1268/1458/1331
f 1246/1453/1332 1261/1459/1332 1262/1461/1332
f 1255/1440/1333 1254/1454/1333 1269/1460/1333
f 1247/1455/1334 1262/1461/1334 1263/1463/1334
f 1256/1441/1335 1255/1440/1335 1270/1462/1335
f 1248/1456/2609 1263/1463/2609 1264/1465/2609
f 1250/1446/1339 1249/1442/1339 1264/1465/1339
f 1242/1444/1340 1257/1467/1340 1258/1470/1340
f 1251/1448/1341 1250/1446/1341 1265/1469/1341
f 1243/1447/1342 1258/1470/1342 1259/1472/1342
f 1252/1450/1343 1251/1448/1343 1266/1471/1343
f 1244/1449/1344 1259/1472/1344 1260/1473/1344
f 1265/1469/1347 1264/1465/1347 1280/1478/1347
f 1257/1467/1348 1273/1475/1348 1274/1480/1348
f 1266/1471/1349 1265/1469/1349 1281/1479/1349
f 1258/1470/1350 1274/1480/1350 1275/1482/1350
f 1267/1457/1351 1266/1471/1351 1282/1481/1351
f 1259/1472/1352 1275/1482/1352 1276/1484/1352
f 1268/1458/1353 1267/1457/1353 1283/1483/1353
f 1260/1473/1354 1276/1484/1354 1277/1486/1354
f 1269/1460/1355 1268/1458/1355 1284/1485/1355
f 1261/1459/1356 1277/1486/1356 1278/1488/1356
f 1270/1462/1357 1269/1460/1357 1285/1487/1357
f 1262/1461/1358 1278/1488/1358 1279/1490/1358
f 1271/1464/1359 1270/1462/1359 1286/1489/1359
f 1263/1463/1360 1279/1490/1360 1280/1478/1360
f 1276/1484/1361 1291/1507/1361 1292/1491/1361
f 1285/1487/1362 1284/1485/1362 1299/1492/1362
f 1277/1486/1363 1292/1491/1363 1293/1494/1363
f 1286/1489/1364 1285/1487/1364 1300/1493/1364
f 1278/1488/1365 1293/1494/1365 1294/1496/1365
f 1287/1477/2610 1286/1489/2610 1301/1495/2610
f 1279/1490/1367 1294/1496/1367 1295/1498/1367
f 1280/1478/1370 1295/1498/1370 1296/1502/1370
f 1273/1475/1371 1288/1500/1371 1289/1503/1371
f 1282/1481/1372 1281/1479/1372 1296/1502/1372
f 1274/1480/1373 1289/1503/1373 1290/1505/1373
f 1283/1483/1374 1282/1481/1374 1297/1504/1374
f 1275/1482/1375 1290/1505/1375 1291/1507/1375
f 1284/1485/1376 1283/1483/1376 1298/1506/1376
f 1295/1498/1377 1310/1521/1377 1311/1508/1377
f 1288/1500/1378 1303/1523/1378 1304/1509/1378
f 1297/1504/1379 1296/1502/1379 1311/1508/1379
f 1289/1503/1380 1304/1509/1380 1305/1511/1380
f 1298/1506/1381 1297/1504/1381 1312/1510/1381
f 1290/1505/2611 1305/1511/2611 1306/1513/2611
f 1299/1492/1383 1298/1506/1383 1313/1512/1383
f 1291/1507/1384 1306/1513/1384 1307/1515/1384
f 1300/1493/1385 1299/1492/1385 1314/1514/1385
f 1292/1491/1386 1307/1515/1386 1308/1517/1386
f 1301/1495/1387 1300/1493/1387 1315/1516/1387
f 1293/1494/1388 1308/1517/1388 1309/1519/1388
f 1302/1497/1389 1301/1495/1389 1316/1518/1389
f 1294/1496/1390 1309/1519/1390 1310/1521/1390
f 1315/1516/1393 1314/1514/1393 1329/1525/1393
f 1307/1515/1394 1322/1541/1394 1323/1527/1394
f 1316/1518/1395 1315/1516/1395 1330/1526/1395
f 1308/1517/1396 1323/1527/1396 1324/1529/1396
f 1317/1520/1397 1316/1518/1397 1331/1528/1397
f 1309/1519/1398 1324/1529/1398 1325/1531/1398
f 1310/1521/1401 1325/1531/1401 1326/1535/1401
f 1303/1523/1402 1318/1533/1402 1319/1536/1402
f 1311/1508/1403 1326/1535/1403 1327/1537/1403
f 1304/1509/1404 1319/1536/1404 1320/1538/1404
f 1313/1512/1405 1312/1510/1405 1327/1537/1405
f 1305/1511/1406 1320/1538/1406 1321/1540/1406
f 1314/1514/1407 1313/1512/1407 1328/1539/1407
f 1306/1513/1408 1321/1540/1408 1322/1541/1408
f 1319/1542/2612 1318/1570/2612 1333/1543/2612
f 1326/1545/1410 1341/1573/1410 1342/1546/1410
f 1320/1548/1411 1319/1542/1411 1334/1544/1411
f 1327/1547/1412 1342/1546/1412 1343/1550/1412
f 1321/1552/1413 1320/1548/1413 1335/1549/1413
f 1328/1551/1414 1343/1550/1414 1344/1554/1414
f 1322/1556/1415 1321/1552/1415 1336/1553/1415
f 1329/1555/1416 1344/1554/1416 1345/1558/1416
f 1323/1560/1417 1322/1556/1417 1337/1557/1417
f 1330/1559/1418 1345/1558/1418 1346/1562/1418
f 1323/1560/1419 1338/1561/1419 1339/1564/1419
f 1331/1563/1420 1346/1562/1420 1347/1566/1420
f 1324/1565/1421 1339/1564/1421 1340/1568/1421
f 1325/1569/1424 1340/1568/1424 1341/1573/1424
f 1338/1561/1425 1337/1557/1425 1352/1574/1425
f 1345/1558/1426 1360/1590/1426 1361/1576/1426
f 1339/1564/1427 1338/1561/1427 1353/1575/1427
f 1346/1562/1428 1361/1576/1428 1362/1578/1428
f 1339/1564/1429 1354/1577/1429 1355/1579/1429
f 1340/1568/1432 1355/1579/1432 1356/1583/1432
f 1334/1544/2613 1333/1543/2613 1348/1581/2613
f 1341/1573/1434 1356/1583/1434 1357/1585/1434
f 1335/1549/1435 1334/1544/1435 1349/1584/1435
f 1342/1546/1436 1357/1585/1436 1358/1587/1436
f 1336/1553/1437 1335/1549/1437 1350/1586/1437
f 1343/1550/1438 1358/1587/1438 1359/1589/1438
f 1337/1557/1439 1336/1553/1439 1351/1588/1439
f 1344/1554/1440 1359/1589/1440 1360/1590/1440
f 1356/1583/1441 1371/1607/1441 1372/1591/1441
f 1350/1586/1442 1349/1584/1442 1364/1592/1442
f 1357/1585/1443 1372/1591/1443 1373/1594/1443
f 1351/1588/1444 1350/1586/1444 1365/1593/1444
f 1358/1587/1445 1373/1594/1445 1374/1596/1445
f 1352/1574/1446 1351/1588/1446 1366/1595/1446
f 1359/1589/1447 1374/1596/1447 1375/1598/1447
f 1353/1575/1448 1352/1574/1448 1367/1597/1448
f 1360/1590/1449 1375/1598/1449 1376/1600/1449
f 1354/1577/1450 1353/1575/1450 1368/1599/1450
f 1361/1576/1451 1376/1600/1451 1377/1602/1451
f 1355/1579/1452 1354/1577/1452 1369/1601/1452
f 1355/1579/1455 1370/1603/1455 1371/1607/1455
f 1349/1584/1456 1348/1581/1456 1363/1605/1456
f 1375/1598/1457 1390/1624/1457 1391/1608/1457
f 1369/1601/1458 1368/1599/1458 1383/1609/1458
f 1376/1600/1459 1391/1608/1459 1392/1611/1459
f 1370/1603/1460 1369/1601/1460 1384/1610/1460
f 1370/1603/1463 1385/1612/1463 1386/1616/1463
f 1364/1592/1464 1363/1605/1464 1378/1614/1464
f 1371/1607/1465 1386/1616/1465 1387/1618/1465
f 1365/1593/1466 1364/1592/1466 1379/1617/1466
f 1372/1591/1467 1387/1618/1467 1388/1620/1467
f 1366/1595/1468 1365/1593/1468 1380/1619/1468
f 1373/1594/1469 1388/1620/1469 1389/1622/1469
f 1367/1597/1470 1366/1595/1470 1381/1621/1470
f 1374/1596/1471 1389/1622/1471 1390/1624/1471
f 1368/1599/1472 1367/1597/1472 1382/1623/1472
f 1387/1618/1473 1402/1641/1473 1403/1625/1473
f 1381/1621/2614 1380/1619/2614 1395/1626/2614
f 1388/1620/1475 1403/1625/1475 1404/1628/1475
f 1382/1623/1476 1381/1621/1476 1396/1627/1476
f 1389/1622/1477 1404/1628/1477 1405/1630/1477
f 1383/1609/1478 1382/1623/1478 1397/1629/1478
f 1390/1624/2615 1405/1630/2615 1406/1632/2615
f 1384/1610/1480 1383/1609/1480 1398/1631/1480
f 1391/1608/1481 1406/1632/1481 1407/1634/1481
f 1385/1612/1482 1384/1610/1482 1399/1633/1482
f 1385/1612/1485 1400/1635/1485 1401/1639/1485
f 1379/1617/2616 1378/1614/2616 1393/1637/2616
f 1386/1616/1487 1401/1639/1487 1402/1641/1487
f 1380/1619/1488 1379/1617/1488 1394/1640/1488
f 1406/1632/1489 1421/1658/1489 1422/1642/1489
f 1400/1635/1490 1399/1633/1490 1414/1643/1490
f 1400/1635/1493 1415/1644/1493 1416/1648/1493
f 1394/1640/2617 1393/1637/2617 1408/1646/2617
f 1401/1639/1495 1416/1648/1495 1417/1650/1495
f 1395/1626/1496 1394/1640/1496 1409/1649/1496
f 1402/1641/1497 1417/1650/1497 1418/1652/1497
f 1396/1627/1498 1395/1626/1498 1410/1651/1498
f 1403/1625/1499 1418/1652/1499 1419/1654/1499
f 1397/1629/1500 1396/1627/1500 1411/1653/1500
f 1404/1628/1501 1419/1654/1501 1420/1656/1501
f 1398/1631/1502 1397/1629/1502 1412/1655/1502
f 1405/1630/1503 1420/1656/1503 1421/1658/1503
f 1399/1633/1504 1398/1631/1504 1413/1657/1504
f 1411/1653/1505 1410/1651/1505 1425/1659/1505
f 1418/1652/1506 1433/1675/1506 1434/1661/1506
f 1412/1655/1507 1411/1653/1507 1426/1660/1507
f 1419/1654/1508 1434/1661/1508 1435/1663/1508
f 1413/1657/1509 1412/1655/1509 1427/1662/1509
f 1420/1656/1510 1435/1663/1510 1436/1665/1510
f 1414/1643/1511 1413/1657/1511 1428/1664/1511
f 1421/1658/1512 1436/1665/1512 1437/1667/1512
f 1415/1644/1513 1414/1643/1513 1429/1666/1513
f 1415/1644/1516 1430/1668/1516 1431/1672/1516
f 1409/1649/1517 1408/1646/1517 1423/1670/1517
f 1416/1648/1518 1431/1672/1518 1432/1674/1518
f 1410/1651/1519 1409/1649/1519 1424/1673/1519
f 1417/1650/1520 1432/1674/1520 1433/1675/1520
f 1430/1668/2618 1429/1666/2618 967/1150/2618
f 1431/1672/1524 1430/1668/1524 968/1122/1524
f 1424/1673/1525 1423/1670/1525 1438/1125/1525
f 1431/1672/2619 969/1129/2619 1442/1133/2619
f 1425/1659/1527 1424/1673/1527 1439/1132/1527
f 1432/1674/1528 1442/1133/1528 970/1137/1528
f 1426/1660/1529 1425/1659/1529 965/1136/1529
f 1433/1675/2620 970/1137/2620 1443/1141/2620
f 1427/1662/1531 1426/1660/1531 1440/1140/1531
f 1434/1661/1532 1443/1141/1532 1444/1145/1532
f 1428/1664/1533 1427/1662/1533 966/1144/1533
f 1435/1663/1534 1444/1145/1534 1445/1149/1534
f 1429/1666/1535 1428/1664/1535 1441/1148/1535
f 1436/1665/1536 1445/1149/1536 1446/1119/1536
f 1926/1678/1537 1925/1708/1537 1464/1679/1537
f 1923/1681/1538 1448/1709/1538 1457/1682/1538
f 1927/1684/1539 1926/1678/1539 1465/1680/1539
f 1449/1686/1540 1923/1681/1540 1458/1683/1540
f 1928/1688/1541 1927/1684/1541 1466/1685/1541
f 1450/1690/1542 1449/1686/1542 1459/1687/1542
f 1451/1696/1545 1450/1690/1545 1460/1691/1545
f 1920/1692/1546 1453/1694/1546 1454/1698/1546
f 1924/1700/1547 1451/1696/1547 1461/1697/1547
f 1921/1699/1548 1454/1698/1548 1455/1702/1548
f 1452/1704/1549 1924/1700/1549 1462/1701/1549
f 1447/1703/1550 1455/1702/1550 1456/1706/1550
f 1925/1708/2621 1452/1704/2621 1463/1705/2621
f 1448/1709/1552 1922/1707/1552 1456/1706/1552
f 1464/1679/1553 1463/1705/1553 1478/1710/1553
f 1456/1706/1554 1471/1726/1554 1472/1712/1554
f 1465/1680/1555 1464/1679/1555 1479/1711/1555
f 1457/1682/1556 1472/1712/1556 1473/1714/1556
f 1466/1685/1557 1465/1680/1557 1480/1713/1557
f 1459/1687/1558 1458/1683/1558 1473/1714/1558
f 1467/1689/1559 1466/1685/1559 1481/1715/1559
f 1460/1691/1560 1459/1687/1560 1474/1716/1560
f 1461/1697/1563 1460/1691/1563 1475/1718/1563
f 1453/1694/2622 1468/1720/2622 1469/1723/2622
f 1462/1701/1565 1461/1697/1565 1476/1722/1565
f 1454/1698/1566 1469/1723/1566 1470/1725/1566
f 1463/1705/1567 1462/1701/1567 1477/1724/1567
f 1455/1702/1568 1470/1725/1568 1471/1726/1568
f 1476/1722/1571 1475/1718/1571 1490/1731/1571
f 1468/1720/1572 1483/1728/1572 1484/1733/1572
f 1477/1724/1573 1476/1722/1573 1491/1732/1573
f 1469/1723/1574 1484/1733/1574 1485/1735/1574
f 1478/1710/1575 1477/1724/1575 1492/1734/1575
f 1470/1725/1576 1485/1735/1576 1486/1737/1576
f 1479/1711/1577 1478/1710/1577 1493/1736/1577
f 1471/1726/1578 1486/1737/1578 1487/1739/1578
f 1480/1713/1579 1479/1711/1579 1494/1738/1579
f 1472/1712/1580 1487/1739/1580 1488/1741/1580
f 1481/1715/1581 1480/1713/1581 1495/1740/1581
f 1473/1714/1582 1488/1741/1582 1489/1743/1582
f 1482/1717/1583 1481/1715/1583 1496/1742/1583
f 1475/1718/1584 1474/1716/1584 1489/1743/1584
f 1486/1737/1585 1501/1760/1585 1502/1744/1585
f 1495/1740/1586 1494/1738/1586 1509/1745/1586
f 1487/1739/1587 1502/1744/1587 1503/1747/1587
f 1496/1742/1588 1495/1740/1588 1510/1746/1588
f 1488/1741/1589 1503/1747/1589 1504/1749/1589
f 1497/1730/1590 1496/1742/1590 1511/1748/1590
f 1490/1731/1591 1489/1743/1591 1504/1749/1591
f 1491/1732/1594 1490/1731/1594 1505/1751/1594
f 1483/1728/1595 1498/1753/1595 1499/1756/1595
f 1492/1734/1596 1491/1732/1596 1506/1755/1596
f 1484/1733/1597 1499/1756/1597 1500/1758/1597
f 1493/1736/1598 1492/1734/1598 1507/1757/1598
f 1485/1735/1599 1500/1758/1599 1501/1760/1599
f 1494/1738/1600 1493/1736/1600 1508/1759/1600
f 1506/1755/1601 1505/1751/1601 1520/1761/1601
f 1498/1753/1602 1513/1776/1602 1514/1763/1602
f 1507/1757/1603 1506/1755/1603 1521/1762/1603
f 1499/1756/1604 1514/1763/1604 1515/1765/1604
f 1508/1759/1605 1507/1757/1605 1522/1764/1605
f 1500/1758/1606 1515/1765/1606 1516/1767/1606
f 1509/1745/1607 1508/1759/1607 1523/1766/1607
f 1501/1760/1608 1516/1767/1608 1517/1769/1608
f 1510/1746/1609 1509/1745/1609 1524/1768/1609
f 1502/1744/2623 1517/1769/2623 1518/1771/2623
f 1511/1748/1611 1510/1746/1611 1525/1770/1611
f 1503/1747/1612 1518/1771/1612 1519/1773/1612
f 1512/1750/1613 1511/1748/1613 1526/1772/1613
f 1505/1751/1614 1504/1749/1614 1519/1773/1614
f 1525/1770/1617 1524/1768/1617 1540/1778/1617
f 1517/1769/1618 1533/1794/1618 1534/1780/1618
f 1526/1772/1619 1525/1770/1619 1541/1779/1619
f 1519/1773/1620 1518/1771/1620 1534/1780/1620
f 1527/1774/1621 1526/1772/1621 1542/1781/1621
f 1520/1761/1622 1519/1773/1622 1535/1782/1622
f 1521/1762/1625 1520/1761/1625 1536/1784/1625
f 1513/1776/1626 1529/1786/1626 1530/1789/1626
f 1522/1764/1627 1521/1762/1627 1537/1788/1627
f 1514/1763/1628 1530/1789/1628 1531/1791/1628
f 1523/1766/1629 1522/1764/1629 1538/1790/1629
f 1515/1765/1630 1531/1791/1630 1532/1793/1630
f 1524/1768/1631 1523/1766/1631 1539/1792/1631
f 1516/1767/1632 1532/1793/1632 1533/1794/1632
f 1529/1786/1633 1544/1810/1633 1545/1795/1633
f 1538/1790/1634 1537/1788/1634 1552/1796/1634
f 1530/1789/1635 1545/1795/1635 1546/1798/1635
f 1539/1792/1636 1538/1790/1636 1553/1797/1636
f 1531/1791/1637 1546/1798/1637 1547/1800/1637
f 1540/1778/1638 1539/1792/1638 1554/1799/1638
f 1532/1793/1639 1547/1800/1639 1548/1802/1639
f 1541/1779/1640 1540/1778/1640 1555/1801/1640
f 1533/1794/1641 1548/1802/1641 1549/1804/1641
f 1542/1781/1642 1541/1779/1642 1556/1803/1642
f 1535/1782/1643 1534/1780/1643 1549/1804/1643
f 1543/1783/1644 1542/1781/1644 1557/1805/1644
f 1536/1784/1645 1535/1782/1645 1550/1806/1645
f 1537/1788/1648 1536/1784/1648 1551/1808/1648
f 1549/1804/1649 1548/1802/1649 1563/1812/1649
f 1557/1805/1650 1556/1803/1650 1571/1814/1650
f 1550/1806/1651 1549/1804/1651 1564/1813/1651
f 1558/1807/1652 1557/1805/1652 1572/1815/1652
f 1551/1808/1653 1550/1806/1653 1565/1816/1653
f 1552/1796/1656 1551/1808/1656 1566/1818/1656
f 1544/1810/1657 1559/1820/1657 1560/1823/1657
f 1553/1797/1658 1552/1796/1658 1567/1822/1658
f 1545/1795/1659 1560/1823/1659 1561/1825/1659
f 1554/1799/1660 1553/1797/1660 1568/1824/1660
f 1546/1798/1661 1561/1825/1661 1562/1827/1661
f 1555/1801/1662 1554/1799/1662 1569/1826/1662
f 1548/1802/1663 1547/1800/1663 1562/1827/1663
f 1556/1803/1664 1555/1801/1664 1570/1828/1664
f 1568/1824/1665 1567/1822/1665 1582/1829/1665
f 1561/1825/1666 1560/1823/1666 1575/1831/1666
f 1569/1826/1667 1568/1824/1667 1583/1830/1667
f 1562/1827/1668 1561/1825/1668 1576/1832/1668
f 1570/1828/1669 1569/1826/1669 1584/1833/1669
f 1563/1812/1670 1562/1827/1670 1577/1834/1670
f 1571/1814/1671 1570/1828/1671 1585/1835/1671
f 1564/1813/1672 1563/1812/1672 1578/1836/1672
f 1572/1815/1673 1571/1814/1673 1586/1837/1673
f 1565/1816/1674 1564/1813/1674 1579/1838/1674
f 1572/1815/1675 1587/1839/1675 1588/1841/1675
f 1566/1818/1676 1565/1816/1676 1580/1840/1676
f 1567/1822/1679 1566/1818/1679 1581/1842/1679
f 1560/1823/1680 1559/1820/1680 1574/1844/1680
f 1586/1837/1681 1601/1862/1681 1602/1846/1681
f 1580/1840/1682 1579/1838/1682 1594/1847/1682
f 1587/1839/1683 1602/1846/1683 1603/1849/1683
f 1581/1842/1684 1580/1840/1684 1595/1848/1684
f 1582/1829/1687 1581/1842/1687 1596/1850/1687
f 1575/1831/1688 1574/1844/1688 1589/1852/1688
f 1583/1830/1689 1582/1829/1689 1597/1854/1689
f 1576/1832/1690 1575/1831/1690 1590/1855/1690
f 1583/1830/2624 1598/1856/2624 1599/1858/2624
f 1577/1834/1692 1576/1832/1692 1591/1857/1692
f 1584/1833/1693 1599/1858/1693 1600/1860/1693
f 1578/1836/1694 1577/1834/1694 1592/1859/1694
f 1585/1835/1695 1600/1860/1695 1601/1862/1695
f 1579/1838/1696 1578/1836/1696 1593/1861/1696
f 1598/1856/1697 1613/1879/1697 1614/1863/1697
f 1592/1859/1698 1591/1857/1698 1606/1864/1698
f 1599/1858/1699 1614/1863/1699 1615/1866/1699
f 1593/1861/1700 1592/1859/1700 1607/1865/1700
f 1600/1860/1701 1615/1866/1701 1616/1868/1701
f 1594/1847/1702 1593/1861/1702 1608/1867/1702
f 1601/1862/1703 1616/1868/1703 1617/1870/1703
f 1595/1848/1704 1594/1847/1704 1609/1869/1704
f 1602/1846/1705 1617/1870/1705 1618/1872/1705
f 1596/1850/1706 1595/1848/1706 1610/1871/1706
f 1597/1854/1709 1596/1850/1709 1611/1873/1709
f 1590/1855/1710 1589/1852/1710 1604/1875/1710
f 1597/1854/1711 1612/1877/1711 1613/1879/1711
f 1591/1857/1712 1590/1855/1712 1605/1878/1712
f 1617/1870/1713 1632/1896/1713 1633/1880/1713
f 1611/1873/1714 1610/1871/1714 1625/1881/1714
f 1612/1877/1717 1611/1873/1717 1626/1882/1717
f 1605/1878/1718 1604/1875/1718 1619/1884/1718
f 1612/1877/1719 1627/1886/1719 1628/1888/1719
f 1606/1864/1720 1605/1878/1720 1620/1887/1720
f 1613/1879/1721 1628/1888/1721 1629/1890/1721
f 1607/1865/1722 1606/1864/1722 1621/1889/1722
f 1614/1863/1723 1629/1890/1723 1630/1892/1723
f 1608/1867/1724 1607/1865/1724 1622/1891/1724
f 1615/1866/1725 1630/1892/1725 1631/1894/1725
f 1609/1869/1726 1608/1867/1726 1623/1893/1726
f 1616/1868/1727 1631/1894/1727 1632/1896/1727
f 1610/1871/1728 1609/1869/1728 1624/1895/1728
f 1622/1891/1729 1621/1889/1729 1636/1897/1729
f 1629/1890/1730 1644/1913/1730 1645/1899/1730
f 1623/1893/1731 1622/1891/1731 1637/1898/1731
f 1630/1892/1732 1645/1899/1732 1646/1901/1732
f 1624/1895/1733 1623/1893/1733 1638/1900/1733
f 1631/1894/1734 1646/1901/1734 1647/1903/1734
f 1625/1881/1735 1624/1895/1735 1639/1902/1735
f 1632/1896/1736 1647/1903/1736 1648/1905/1736
f 1626/1882/1737 1625/1881/1737 1640/1904/1737
f 1627/1886/1740 1626/1882/1740 1641/1906/1740
f 1620/1887/1741 1619/1884/1741 1634/1908/1741
f 1627/1886/2625 1642/1910/2625 1643/1912/2625
f 1621/1889/1743 1620/1887/1743 1635/1911/1743
f 1628/1888/1744 1643/1912/1744 1644/1913/1744
f 1641/1906/2626 1640/1904/2626 1655/1914/2626
f 1641/1906/2627 1656/1915/2627 1657/1920/2627
f 1635/1911/1749 1634/1908/1749 1649/1917/1749
f 1642/1910/1750 1657/1920/1750 1658/1922/1750
f 1636/1897/1751 1635/1911/1751 1650/1921/1751
f 1643/1912/1752 1658/1922/1752 1659/1924/1752
f 1637/1898/1753 1636/1897/1753 1651/1923/1753
f 1644/1913/1754 1659/1924/1754 1660/1926/1754
f 1638/1900/1755 1637/1898/1755 1652/1925/1755
f 1645/1899/1756 1660/1926/1756 1661/1928/1756
f 1639/1902/1757 1638/1900/1757 1653/1927/1757
f 1646/1901/1758 1661/1928/1758 1662/1930/1758
f 1640/1904/1759 1639/1902/1759 1654/1929/1759
f 1647/1903/1760 1662/1930/1760 1663/1919/1760
f 1659/1924/1761 1674/1947/1761 1675/1931/1761
f 1653/1927/1762 1652/1925/1762 1667/1932/1762
f 1660/1926/1763 1675/1931/1763 1676/1934/1763
f 1654/1929/1764 1653/1927/1764 1668/1933/1764
f 1661/1928/1765 1676/1934/1765 1677/1936/1765
f 1655/1914/1766 1654/1929/1766 1669/1935/1766
f 1662/1930/2628 1677/1936/2628 1678/1938/2628
f 1656/1915/2629 1655/1914/2629 1670/1937/2629
f 1656/1915/1771 1671/1939/1771 1672/1943/1771
f 1650/1921/1772 1649/1917/1772 1664/1941/1772
f 1657/1920/1773 1672/1943/1773 1673/1945/1773
f 1651/1923/1774 1650/1921/1774 1665/1944/1774
f 1658/1922/1775 1673/1945/1775 1674/1947/1775
f 1652/1925/1776 1651/1923/1776 1666/1946/1776
f 1671/1939/1779 1686/1964/1779 1687/1952/1779
f 1665/1944/2630 1664/1941/2630 1679/1949/2630
f 1672/1943/2631 1687/1952/2631 1688/1954/2631
f 1666/1946/1782 1665/1944/1782 1680/1953/1782
f 1673/1945/1783 1688/1954/1783 1689/1956/1783
f 1667/1932/1784 1666/1946/1784 1681/1955/1784
f 1674/1947/1785 1689/1956/1785 1690/1958/1785
f 1668/1933/1786 1667/1932/1786 1682/1957/1786
f 1675/1931/1787 1690/1958/1787 1691/1960/1787
f 1669/1935/1788 1668/1933/1788 1683/1959/1788
f 1676/1934/1789 1691/1960/1789 1692/1962/1789
f 1670/1937/1790 1669/1935/1790 1684/1961/1790
f 1677/1936/1791 1692/1962/1791 1693/1951/1791
f 1670/1937/1792 1685/1963/1792 1686/1964/1792
f 1682/1957/2632 1697/1981/2632 1698/1965/2632
f 1691/1960/1794 1690/1958/1794 1705/1966/1794
f 1683/1959/1795 1698/1965/1795 1699/1968/1795
f 1692/1962/1796 1691/1960/1796 1706/1967/1796
f 1684/1961/1797 1699/1968/1797 1700/1970/1797
f 1693/1951/1798 1692/1962/1798 1707/1969/1798
f 1685/1963/1799 1700/1970/1799 1701/1972/1799
f 1686/1964/1802 1701/1972/1802 1702/1976/1802
f 1679/1949/1803 1694/1974/1803 1695/1977/1803
f 1687/1952/1804 1702/1976/1804 1703/1978/1804
f 1680/1953/1805 1695/1977/1805 1696/1979/1805
f 1688/1954/1806 1703/1978/1806 1704/1980/1806
f 1681/1955/1807 1696/1979/1807 1697/1981/1807
f 1689/1956/2633 1704/1980/2633 1705/1966/2633
f 1701/1972/1809 1716/1995/1809 1717/1982/1809
f 1694/1974/2634 1709/1997/2634 1710/1983/2634
f 1702/1976/1811 1717/1982/1811 1718/1984/1811
f 1695/1977/1812 1710/1983/1812 1711/1985/1812
f 1704/1980/1813 1703/1978/1813 1718/1984/1813
f 1696/1979/1814 1711/1985/1814 1712/1987/1814
f 1705/1966/1815 1704/1980/1815 1719/1986/1815
f 1697/1981/1816 1712/1987/1816 1713/1989/1816
f 1706/1967/1817 1705/1966/1817 1720/1988/1817
f 1698/1965/1818 1713/1989/1818 1714/1991/1818
f 1707/1969/1819 1706/1967/1819 1721/1990/1819
f 1699/1968/1820 1714/1991/1820 1715/1993/1820
f 1708/1971/2635 1707/1969/2635 1722/1992/2635
f 1700/1970/1822 1715/1993/1822 1716/1995/1822
f 1721/1990/1825 1720/1988/1825 1735/1999/1825
f 1713/1989/1826 1728/2015/1826 1729/2001/1826
f 1722/1992/1827 1721/1990/1827 1736/2000/1827
f 1714/1991/2636 1729/2001/2636 1730/2003/2636
f 1723/1994/1829 1722/1992/1829 1737/2002/1829
f 1715/1993/1830 1730/2003/1830 1731/2005/1830
f 1716/1995/1833 1731/2005/1833 1732/2009/1833
f 1709/1997/1834 1724/2007/1834 1725/2010/1834
f 1718/1984/1835 1717/1982/1835 1732/2009/1835
f 1710/1983/1836 1725/2010/1836 1726/2012/1836
f 1719/1986/1837 1718/1984/1837 1733/2011/1837
f 1711/1985/1838 1726/2012/1838 1727/2014/1838
f 1720/1988/1839 1719/1986/1839 1734/2013/1839
f 1712/1987/1840 1727/2014/1840 1728/2015/1840
f 1733/2011/1841 1732/2009/1841 1747/2016/1841
f 1725/2010/1842 1740/2032/1842 1741/2018/1842
f 1734/2013/1843 1733/2011/1843 1748/2017/1843
f 1726/2012/1844 1741/2018/1844 1742/2020/1844
f 1735/1999/1845 1734/2013/1845 1749/2019/1845
f 1727/2014/1846 1742/2020/1846 1743/2022/1846
f 1736/2000/1847 1735/1999/1847 1750/2021/1847
f 1728/2015/1848 1743/2022/1848 1744/2024/1848
f 1737/2002/1849 1736/2000/1849 1751/2023/1849
f 1729/2001/1850 1744/2024/1850 1745/2026/1850
f 1738/2004/1851 1737/2002/1851 1752/2025/1851
f 1730/2003/1852 1745/2026/1852 1746/2028/1852
f 1731/2005/1855 1746/2028/1855 1747/2016/1855
f 1724/2007/1856 1739/2030/1856 1740/2032/1856
f 1752/2025/1857 1751/2023/1857 1767/2033/1857
f 1744/2024/1858 1760/2049/1858 1761/2035/1858
f 1753/2027/1859 1752/2025/1859 1768/2034/1859
f 1745/2026/1860 1761/2035/1860 1762/2037/1860
f 1746/2028/1863 1762/2037/1863 1763/2041/1863
f 1739/2030/1864 1755/2039/1864 1756/2042/1864
f 1748/2017/1865 1747/2016/1865 1763/2041/1865
f 1740/2032/1866 1756/2042/1866 1757/2044/1866
f 1749/2019/2637 1748/2017/2637 1764/2043/2637
f 1741/2018/1868 1757/2044/1868 1758/2046/1868
f 1750/2021/1869 1749/2019/1869 1765/2045/1869
f 1742/2020/1870 1758/2046/1870 1759/2048/1870
f 1751/2023/1871 1750/2021/1871 1766/2047/1871
f 1743/2022/1872 1759/2048/1872 1760/2049/1872
f 1756/2042/1873 1771/2066/1873 1772/2050/1873
f 1765/2045/1874 1764/2043/1874 1779/2051/1874
f 1757/2044/1875 1772/2050/1875 1773/2053/1875
f 1766/2047/1876 1765/2045/1876 1780/2052/1876
f 1758/2046/1877 1773/2053/1877 1774/2055/1877
f 1767/2033/1878 1766/2047/1878 1781/2054/1878
f 1759/2048/1879 1774/2055/1879 1775/2057/1879
f 1768/2034/1880 1767/2033/1880 1782/2056/1880
f 1760/2049/1881 1775/2057/1881 1776/2059/1881
f 1769/2036/1882 1768/2034/1882 1783/2058/1882
f 1761/2035/1883 1776/2059/1883 1777/2061/1883
f 1762/2037/1886 1777/2061/1886 1778/2065/1886
f 1755/2039/1887 1770/2063/1887 1771/2066/1887
f 1763/2041/1888 1778/2065/1888 1779/2051/1888
f 1775/2057/1889 1790/2083/1889 1791/2067/1889
f 1784/2060/1890 1783/2058/1890 1798/2068/1890
f 1776/2059/1891 1791/2067/1891 1792/2070/1891
f 1777/2061/1894 1792/2070/1894 1793/2074/1894
f 1770/2063/1895 1785/2072/1895 1786/2075/1895
f 1778/2065/1896 1793/2074/1896 1794/2076/1896
f 1771/2066/1897 1786/2075/1897 1787/2077/1897
f 1780/2052/1898 1779/2051/1898 1794/2076/1898
f 1772/2050/1899 1787/2077/1899 1788/2079/1899
f 1781/2054/1900 1780/2052/1900 1795/2078/1900
f 1773/2053/1901 1788/2079/1901 1789/2081/1901
f 1782/2056/1902 1781/2054/1902 1796/2080/1902
f 1774/2055/1903 1789/2081/1903 1790/2083/1903
f 1783/2058/1904 1782/2056/1904 1797/2082/1904
f 1794/2076/1905 1809/2099/1905 1810/2084/1905
f 1787/2077/1906 1802/2100/1906 1803/2085/1906
f 1795/2078/1907 1810/2084/1907 1811/2086/1907
f 1788/2079/1908 1803/2085/1908 1804/2087/1908
f 1797/2082/1909 1796/2080/1909 1811/2086/1909
f 1789/2081/1910 1804/2087/1910 1805/2089/1910
f 1798/2068/1911 1797/2082/1911 1812/2088/1911
f 1790/2083/1912 1805/2089/1912 1806/2091/1912
f 1799/2069/2638 1798/2068/2638 1813/2090/2638
f 1791/2067/1914 1806/2091/1914 1807/2093/1914
f 1792/2070/1917 1807/2093/1917 1808/2097/1917
f 1785/2072/1918 1800/2095/1918 1801/2098/1918
f 1793/2074/1919 1808/2097/1919 1809/2099/1919
f 1786/2075/1920 1801/2098/1920 1802/2100/1920
f 1813/2101/1921 1828/2131/1921 1829/2102/1921
f 1806/2104/1922 1821/2132/1922 1822/2105/1922
f 1807/2106/1925 1822/2105/1925 1823/2111/1925
f 1801/2113/1926 1800/2107/1926 1815/2109/1926
f 1808/2112/1927 1823/2111/1927 1824/2115/1927
f 1801/2113/1928 1816/2114/1928 1817/2117/1928
f 1809/2116/1929 1824/2115/1929 1825/2119/1929
f 1802/2118/1930 1817/2117/1930 1818/2121/1930
f 1810/2120/1931 1825/2119/1931 1826/2123/1931
f 1803/2122/1932 1818/2121/1932 1819/2125/1932
f 1811/2124/1933 1826/2123/1933 1827/2127/1933
f 1804/2126/1934 1819/2125/1934 1820/2129/1934
f 1812/2128/1935 1827/2127/1935 1828/2131/1935
f 1805/2130/1936 1820/2129/1936 1821/2132/1936
f 1818/2121/1937 1817/2117/1937 1832/2133/1937
f 1825/2119/1938 1840/2149/1938 1841/2135/1938
f 1819/2125/1939 1818/2121/1939 1833/2134/1939
f 1826/2123/1940 1841/2135/1940 1842/2137/1940
f 1820/2129/1941 1819/2125/1941 1834/2136/1941
f 1827/2127/1942 1842/2137/1942 1843/2139/1942
f 1820/2129/1943 1835/2138/1943 1836/2140/1943
f 1828/2131/1944 1843/2139/1944 1844/2141/1944
f 1821/2132/1945 1836/2140/1945 1837/2142/1945
f 1822/2105/1948 1837/2142/1948 1838/2146/1948
f 1816/2114/1949 1815/2109/1949 1830/2144/1949
f 1823/2111/1950 1838/2146/1950 1839/2148/1950
f 1817/2117/1951 1816/2114/1951 1831/2147/1951
f 1824/2115/1952 1839/2148/1952 1840/2149/1952
f 1836/2140/1953 1851/2166/1953 1852/2150/1953
f 1837/2142/1956 1852/2150/1956 1853/2155/1956
f 1831/2147/1957 1830/2144/1957 1845/2152/1957
f 1838/2146/1958 1853/2155/1958 1854/2157/1958
f 1832/2133/1959 1831/2147/1959 1846/2156/1959
f 1839/2148/1960 1854/2157/1960 1855/2159/1960
f 1833/2134/1961 1832/2133/1961 1847/2158/1961
f 1840/2149/1962 1855/2159/1962 1856/2161/1962
f 1834/2136/1963 1833/2134/1963 1848/2160/1963
f 1841/2135/1964 1856/2161/1964 1857/2163/1964
f 1835/2138/1965 1834/2136/1965 1849/2162/1965
f 1842/2137/1966 1857/2163/1966 1858/2165/1966
f 1836/2140/1967 1835/2138/1967 1850/2164/1967
f 1843/2139/2639 1858/2165/2639 1859/2154/2639
f 1855/2159/1969 1870/2183/1969 1871/2167/1969
f 1849/2162/1970 1848/2160/1970 1863/2168/1970
f 1856/2161/1971 1871/2167/1971 1872/2170/1971
f 1850/2164/1972 1849/2162/1972 1864/2169/1972
f 1857/2163/1973 1872/2170/1973 1873/2172/1973
f 1851/2166/1974 1850/2164/1974 1865/2171/1974
f 1858/2165/1975 1873/2172/1975 1874/2174/1975
f 1851/2166/1976 1866/2173/1976 1867/2175/1976
f 1852/2150/1979 1867/2175/1979 1868/2179/1979
f 1846/2156/1980 1845/2152/1980 1860/2177/1980
f 1853/2155/1981 1868/2179/1981 1869/2181/1981
f 1847/2158/2640 1846/2156/2640 1861/2180/2640
f 1854/2157/1983 1869/2181/1983 1870/2183/1983
f 1848/2160/1984 1847/2158/1984 1862/2182/1984
f 1867/2175/1986 1882/2199/1986 1883/2186/1986
f 1861/2180/1987 1860/2177/1987 1875/2187/1987
f 1868/2179/1988 1883/2186/1988 1884/2189/1988
f 1862/2182/1989 1861/2180/1989 1876/2188/1989
f 1869/2181/1990 1884/2189/1990 1885/2191/1990
f 1863/2168/1991 1862/2182/1991 1877/2190/1991
f 1870/2183/1992 1885/2191/1992 1886/2193/1992
f 1864/2169/1993 1863/2168/1993 1878/2192/1993
f 1871/2167/1994 1886/2193/1994 1887/2195/1994
f 1865/2171/1995 1864/2169/1995 1879/2194/1995
f 1872/2170/1996 1887/2195/1996 1888/2197/1996
f 1866/2173/1997 1865/2171/1997 1880/2196/1997
f 1873/2172/1998 1888/2197/1998 1889/2185/1998
f 1866/2173/1999 1881/2198/1999 1882/2199/1999
f 1886/2193/2001 1901/2217/2001 1902/2201/2001
f 1880/2196/2002 1879/2194/2002 1894/2202/2002
f 1887/2195/2003 1902/2201/2003 1903/2204/2003
f 1881/2198/2004 1880/2196/2004 1895/2203/2004
f 1888/2197/2005 1903/2204/2005 1904/2206/2005
f 1882/2199/2006 1881/2198/2006 1896/2205/2006
f 1882/2199/2009 1897/2207/2009 1898/2211/2009
f 1876/2188/2010 1875/2187/2010 1890/2209/2010
f 1883/2186/2011 1898/2211/2011 1899/2213/2011
f 1877/2190/2012 1876/2188/2012 1891/2212/2012
f 1884/2189/2013 1899/2213/2013 1900/2215/2013
f 1878/2192/2014 1877/2190/2014 1892/2214/2014
f 1885/2191/2015 1900/2215/2015 1901/2217/2015
f 1879/2194/2016 1878/2192/2016 1893/2216/2016
f 1891/2212/2017 1890/2209/2017 1905/2218/2017
f 1898/2211/2018 1913/2234/2018 1914/2220/2018
f 1892/2214/2019 1891/2212/2019 1906/2219/2019
f 1899/2213/2020 1914/2220/2020 1915/2222/2020
f 1893/2216/2021 1892/2214/2021 1907/2221/2021
f 1900/2215/2022 1915/2222/2022 1916/2224/2022
f 1894/2202/2023 1893/2216/2023 1908/2223/2023
f 1901/2217/2024 1916/2224/2024 1917/2226/2024
f 1895/2203/2025 1894/2202/2025 1909/2225/2025
f 1902/2201/2026 1917/2226/2026 1918/2228/2026
f 1896/2205/2027 1895/2203/2027 1910/2227/2027
f 1903/2204/2641 1918/2228/2641 1919/2230/2641
f 1897/2207/2029 1896/2205/2029 1911/2229/2029
f 1897/2207/2032 1912/2231/2032 1913/2234/2032
f 1910/2227/2033 1909/2225/2033 1448/1709/2033
f 1917/2226/2034 1926/1678/2034 1927/1684/2034
f 1911/2229/2035 1910/2227/2035 1923/1681/2035
f 1918/2228/2642 1927/1684/2642 1928/1688/2642
f 1912/2231/2037 1911/2229/2037 1449/1686/2037
f 1913/2234/2040 1912/2231/2040 1450/1690/2040
f 1906/2219/2643 1905/2218/2643 1920/1692/2643
f 1913/2234/2042 1451/1696/2042 1924/1700/2042
f 1907/2221/2043 1906/2219/2043 1921/1699/2043
f 1914/2220/2044 1924/1700/2044 1452/1704/2044
f 1908/2223/2045 1907/2221/2045 1447/1703/2045
f 1915/2222/2046 1452/1704/2046 1925/1708/2046
f 1909/2225/2047 1908/2223/2047 1922/1707/2047
f 1916/2224/2048 1925/1708/2048 1926/1678/2048
f 2410/2237/2049 2409/2267/2049 1948/2238/2049
f 1932/2240/2050 1931/2268/2050 1941/2241/2050
f 1933/2247/2053 1932/2240/2053 1942/2242/2053
f 2402/2243/2054 1935/2245/2054 1936/2249/2054
f 2406/2251/2055 1933/2247/2055 1943/2248/2055
f 2403/2250/2056 1936/2249/2056 1937/2253/2056
f 1934/2255/2057 2406/2251/2057 1944/2252/2057
f 1929/2254/2058 1937/2253/2058 1938/2257/2058
f 2407/2259/2059 1934/2255/2059 1945/2256/2059
f 2404/2258/2060 1938/2257/2060 1939/2261/2060
f 2408/2263/2061 2407/2259/2061 1946/2260/2061
f 1930/2262/2062 1939/2261/2062 1940/2265/2062
f 2409/2267/2063 2408/2263/2063 1947/2264/2063
f 2405/2266/2064 1940/2265/2064 1941/2241/2064
f 1948/2238/2065 1947/2264/2065 1962/2269/2065
f 1940/2265/2066 1955/2285/2066 1956/2271/2066
f 1949/2239/2067 1948/2238/2067 1963/2270/2067
f 1942/2242/2068 1941/2241/2068 1956/2271/2068
f 1943/2248/2071 1942/2242/2071 1957/2273/2071
f 1935/2245/2072 1950/2275/2072 1951/2278/2072
f 1944/2252/2073 1943/2248/2073 1958/2277/2073
f 1936/2249/2074 1951/2278/2074 1952/2280/2074
f 1945/2256/2075 1944/2252/2075 1959/2279/2075
f 1937/2253/2076 1952/2280/2076 1953/2282/2076
f 1946/2260/2644 1945/2256/2644 1960/2281/2644
f 1938/2257/2078 1953/2282/2078 1954/2284/2078
f 1947/2264/2079 1946/2260/2079 1961/2283/2079
f 1939/2261/2080 1954/2284/2080 1955/2285/2080
f 1951/2278/2081 1966/2302/2081 1967/2286/2081
f 1960/2281/2082 1959/2279/2082 1974/2287/2082
f 1952/2280/2083 1967/2286/2083 1968/2289/2083
f 1961/2283/2084 1960/2281/2084 1975/2288/2084
f 1953/2282/2085 1968/2289/2085 1969/2291/2085
f 1962/2269/2086 1961/2283/2086 1976/2290/2086
f 1954/2284/2087 1969/2291/2087 1970/2293/2087
f 1963/2270/2088 1962/2269/2088 1977/2292/2088
f 1955/2285/2089 1970/2293/2089 1971/2295/2089
f 1964/2272/2645 1963/2270/2645 1978/2294/2645
f 1956/2271/2091 1971/2295/2091 1972/2297/2091
f 1958/2277/2094 1957/2273/2094 1972/2297/2094
f 1950/2275/2095 1965/2299/2095 1966/2302/2095
f 1959/2279/2096 1958/2277/2096 1973/2301/2096
f 1970/2293/2097 1985/2319/2097 1986/2303/2097
f 1979/2296/2098 1978/2294/2098 1993/2304/2098
f 1971/2295/2099 1986/2303/2099 1987/2306/2099
f 1973/2301/2102 1972/2297/2102 1987/2306/2102
f 1965/2299/2646 1980/2308/2646 1981/2311/2646
f 1974/2287/2104 1973/2301/2104 1988/2310/2104
f 1966/2302/2105 1981/2311/2105 1982/2313/2105
f 1975/2288/2106 1974/2287/2106 1989/2312/2106
f 1967/2286/2107 1982/2313/2107 1983/2315/2107
f 1976/2290/2647 1975/2288/2647 1990/2314/2647
f 1968/2289/2109 1983/2315/2109 1984/2317/2109
f 1977/2292/2648 1976/2290/2648 1991/2316/2648
f 1969/2291/2111 1984/2317/2111 1985/2319/2111
f 1978/2294/2112 1977/2292/2112 1992/2318/2112
f 1990/2314/2113 1989/2312/2113 2004/2320/2113
f 1982/2313/2114 1997/2336/2114 1998/2322/2114
f 1991/2316/2649 1990/2314/2649 2005/2321/2649
f 1983/2315/2116 1998/2322/2116 1999/2324/2116
f 1992/2318/2117 1991/2316/2117 2006/2323/2117
f 1984/2317/2118 1999/2324/2118 2000/2326/2118
f 1993/2304/2119 1992/2318/2119 2007/2325/2119
f 1985/2319/2120 2000/2326/2120 2001/2328/2120
f 1994/2305/2121 1993/2304/2121 2008/2327/2121
f 1986/2303/2122 2001/2328/2122 2002/2330/2122
f 1988/2310/2125 1987/2306/2125 2002/2330/2125
f 1980/2308/2126 1995/2332/2126 1996/2335/2126
f 1989/2312/2127 1988/2310/2127 2003/2334/2127
f 1981/2311/2128 1996/2335/2128 1997/2336/2128
f 2009/2329/2129 2008/2327/2129 2024/2337/2129
f 2002/2330/2130 2001/2328/2130 2017/2339/2130
f 2003/2334/2133 2002/2330/2133 2018/2340/2133
f 1995/2332/2134 2011/2342/2134 2012/2345/2134
f 2004/2320/2135 2003/2334/2135 2019/2344/2135
f 1996/2335/2136 2012/2345/2136 2013/2347/2136
f 2005/2321/2137 2004/2320/2137 2020/2346/2137
f 1997/2336/2138 2013/2347/2138 2014/2349/2138
f 2006/2323/2139 2005/2321/2139 2021/2348/2139
f 1998/2322/2140 2014/2349/2140 2015/2351/2140
f 2007/2325/2650 2006/2323/2650 2022/2350/2650
f 1999/2324/2142 2015/2351/2142 2016/2353/2142
f 2008/2327/2143 2007/2325/2143 2023/2352/2143
f 2000/2326/2144 2016/2353/2144 2017/2339/2144
f 2013/2347/2145 2028/2370/2145 2029/2354/2145
f 2022/2350/2146 2021/2348/2146 2036/2355/2146
f 2014/2349/2147 2029/2354/2147 2030/2357/2147
f 2023/2352/2148 2022/2350/2148 2037/2356/2148
f 2015/2351/2149 2030/2357/2149 2031/2359/2149
f 2024/2337/2150 2023/2352/2150 2038/2358/2150
f 2016/2353/2151 2031/2359/2151 2032/2361/2151
f 2025/2338/2152 2024/2337/2152 2039/2360/2152
f 2018/2340/2153 2017/2339/2153 2032/2361/2153
f 2019/2344/2156 2018/2340/2156 2033/2363/2156
f 2011/2342/2157 2026/2365/2157 2027/2368/2157
f 2020/2346/2158 2019/2344/2158 2034/2367/2158
f 2012/2345/2159 2027/2368/2159 2028/2370/2159
f 2021/2348/2160 2020/2346/2160 2035/2369/2160
f 2033/2363/2161 2032/2361/2161 2047/2371/2161
f 2034/2367/2164 2033/2363/2164 2048/2372/2164
f 2026/2365/2651 2041/2374/2651 2042/2378/2651
f 2035/2369/2166 2034/2367/2166 2049/2377/2166
f 2027/2368/2167 2042/2378/2167 2043/2380/2167
f 2036/2355/2168 2035/2369/2168 2050/2379/2168
f 2028/2370/2169 2043/2380/2169 2044/2382/2169
f 2037/2356/2170 2036/2355/2170 2051/2381/2170
f 2029/2354/2171 2044/2382/2171 2045/2384/2171
f 2038/2358/2172 2037/2356/2172 2052/2383/2172
f 2030/2357/2173 2045/2384/2173 2046/2386/2173
f 2039/2360/2174 2038/2358/2174 2053/2385/2174
f 2032/2361/2175 2031/2359/2175 2046/2386/2175
f 2040/2362/2176 2039/2360/2176 2054/2387/2176
f 2051/2381/2177 2066/2404/2177 2067/2388/2177
f 2045/2384/2178 2044/2382/2178 2059/2389/2178
f 2052/2383/2179 2067/2388/2179 2068/2391/2179
f 2046/2386/2180 2045/2384/2180 2060/2390/2180
f 2053/2385/2181 2068/2391/2181 2069/2393/2181
f 2047/2371/2182 2046/2386/2182 2061/2392/2182
f 2054/2387/2652 2069/2393/2652 2070/2395/2652
f 2048/2372/2184 2047/2371/2184 2062/2394/2184
f 2049/2377/2187 2048/2372/2187 2063/2396/2187
f 2042/2378/2188 2041/2374/2188 2056/2398/2188
f 2050/2379/2189 2049/2377/2189 2064/2400/2189
f 2043/2380/2190 2042/2378/2190 2057/2401/2190
f 2050/2379/2191 2065/2402/2191 2066/2404/2191
f 2044/2382/2192 2043/2380/2192 2058/2403/2192
f 2064/2400/2194 2063/2396/2194 2078/2407/2194
f 2057/2401/2195 2056/2398/2195 2071/2409/2195
f 2064/2400/2196 2079/2408/2196 2080/2411/2196
f 2058/2403/2197 2057/2401/2197 2072/2410/2197
f 2065/2402/2198 2080/2411/2198 2081/2413/2198
f 2059/2389/2199 2058/2403/2199 2073/2412/2199
f 2066/2404/2200 2081/2413/2200 2082/2415/2200
f 2060/2390/2201 2059/2389/2201 2074/2414/2201
f 2067/2388/2202 2082/2415/2202 2083/2417/2202
f 2061/2392/2203 2060/2390/2203 2075/2416/2203
f 2068/2391/2204 2083/2417/2204 2084/2419/2204
f 2062/2394/2205 2061/2392/2205 2076/2418/2205
f 2069/2393/2206 2084/2419/2206 2085/2406/2206
f 2063/2396/2207 2062/2394/2207 2077/2420/2207
f 2082/2415/2209 2097/2438/2209 2098/2422/2209
f 2076/2418/2210 2075/2416/2210 2090/2423/2210
f 2083/2417/2653 2098/2422/2653 2099/2425/2653
f 2077/2420/2212 2076/2418/2212 2091/2424/2212
f 2084/2419/2213 2099/2425/2213 2100/2427/2213
f 2078/2407/2214 2077/2420/2214 2092/2426/2214
f 2078/2407/2217 2093/2428/2217 2094/2432/2217
f 2072/2410/2654 2071/2409/2654 2086/2430/2654
f 2079/2408/2219 2094/2432/2219 2095/2434/2219
f 2073/2412/2220 2072/2410/2220 2087/2433/2220
f 2080/2411/2221 2095/2434/2221 2096/2436/2221
f 2074/2414/2222 2073/2412/2222 2088/2435/2222
f 2081/2413/2223 2096/2436/2223 2097/2438/2223
f 2075/2416/2224 2074/2414/2224 2089/2437/2224
f 2087/2433/2225 2086/2430/2225 2101/2439/2225
f 2094/2432/2226 2109/2455/2226 2110/2441/2226
f 2088/2435/2227 2087/2433/2227 2102/2440/2227
f 2095/2434/2228 2110/2441/2228 2111/2443/2228
f 2089/2437/2229 2088/2435/2229 2103/2442/2229
f 2096/2436/2655 2111/2443/2655 2112/2445/2655
f 2090/2423/2231 2089/2437/2231 2104/2444/2231
f 2097/2438/2232 2112/2445/2232 2113/2447/2232
f 2091/2424/2233 2090/2423/2233 2105/2446/2233
f 2098/2422/2234 2113/2447/2234 2114/2449/2234
f 2092/2426/2235 2091/2424/2235 2106/2448/2235
f 2099/2425/2236 2114/2449/2236 2115/2451/2236
f 2093/2428/2237 2092/2426/2237 2107/2450/2237
f 2093/2428/2240 2108/2452/2240 2109/2455/2240
f 2106/2448/2241 2105/2446/2241 2120/2456/2241
f 2113/2447/2242 2128/2472/2242 2129/2458/2242
f 2107/2450/2243 2106/2448/2243 2121/2457/2243
f 2114/2449/2244 2129/2458/2244 2130/2460/2244
f 2108/2452/2245 2107/2450/2245 2122/2459/2245
f 2108/2452/2248 2123/2461/2248 2124/2465/2248
f 2102/2440/2249 2101/2439/2249 2116/2463/2249
f 2109/2455/2250 2124/2465/2250 2125/2467/2250
f 2103/2442/2251 2102/2440/2251 2117/2466/2251
f 2110/2441/2252 2125/2467/2252 2126/2469/2252
f 2104/2444/2253 2103/2442/2253 2118/2468/2253
f 2111/2443/2254 2126/2469/2254 2127/2471/2254
f 2105/2446/2255 2104/2444/2255 2119/2470/2255
f 2112/2445/2256 2127/2471/2256 2128/2472/2256
f 2124/2465/2257 2139/2489/2257 2140/2473/2257
f 2118/2468/2258 2117/2466/2258 2132/2474/2258
f 2125/2467/2259 2140/2473/2259 2141/2476/2259
f 2119/2470/2260 2118/2468/2260 2133/2475/2260
f 2126/2469/2261 2141/2476/2261 2142/2478/2261
f 2120/2456/2262 2119/2470/2262 2134/2477/2262
f 2127/2471/2263 2142/2478/2263 2143/2480/2263
f 2121/2457/2264 2120/2456/2264 2135/2479/2264
f 2128/2472/2265 2143/2480/2265 2144/2482/2265
f 2122/2459/2266 2121/2457/2266 2136/2481/2266
f 2129/2458/2267 2144/2482/2267 2145/2484/2267
f 2123/2461/2268 2122/2459/2268 2137/2483/2268
f 2123/2461/2271 2138/2485/2271 2139/2489/2271
f 2117/2466/2272 2116/2463/2272 2131/2487/2272
f 2143/2480/2273 2158/2506/2273 2159/2490/2273
f 2137/2483/2274 2136/2481/2274 2151/2491/2274
f 2144/2482/2275 2159/2490/2275 2160/2493/2275
f 2138/2485/2656 2137/2483/2656 2152/2492/2656
f 2138/2485/2279 2153/2494/2279 2154/2498/2279
f 2132/2474/2280 2131/2487/2280 2146/2496/2280
f 2139/2489/2281 2154/2498/2281 2155/2500/2281
f 2133/2475/2282 2132/2474/2282 2147/2499/2282
f 2140/2473/2283 2155/2500/2283 2156/2502/2283
f 2134/2477/2284 2133/2475/2284 2148/2501/2284
f 2141/2476/2285 2156/2502/2285 2157/2504/2285
f 2135/2479/2657 2134/2477/2657 2149/2503/2657
f 2142/2478/2287 2157/2504/2287 2158/2506/2287
f 2136/2481/2288 2135/2479/2288 2150/2505/2288
f 2148/2501/2289 2147/2499/2289 2162/2507/2289
f 2155/2500/2290 2170/2523/2290 2171/2509/2290
f 2149/2503/2291 2148/2501/2291 2163/2508/2291
f 2156/2502/2292 2171/2509/2292 2172/2511/2292
f 2150/2505/2293 2149/2503/2293 2164/2510/2293
f 2157/2504/2294 2172/2511/2294 2173/2513/2294
f 2151/2491/2295 2150/2505/2295 2165/2512/2295
f 2158/2506/2296 2173/2513/2296 2174/2515/2296
f 2152/2492/2297 2151/2491/2297 2166/2514/2297
f 2159/2490/2298 2174/2515/2298 2175/2517/2298
f 2153/2494/2299 2152/2492/2299 2167/2516/2299
f 2153/2494/2302 2168/2518/2302 2169/2522/2302
f 2147/2499/2303 2146/2496/2303 2161/2520/2303
f 2154/2498/2304 2169/2522/2304 2170/2523/2304
f 2166/2514/2305 2181/2540/2305 2182/2524/2305
f 2175/2517/2306 2174/2515/2306 2189/2525/2306
f 2167/2516/2307 2182/2524/2307 2183/2527/2307
f 2168/2518/2310 2183/2527/2310 2184/2531/2310
f 2161/2520/2311 2176/2529/2311 2177/2532/2311
f 2170/2523/2312 2169/2522/2312 2184/2531/2312
f 2162/2507/2313 2177/2532/2313 2178/2534/2313
f 2171/2509/2314 2170/2523/2314 2185/2533/2314
f 2163/2508/2315 2178/2534/2315 2179/2536/2315
f 2172/2511/2316 2171/2509/2316 2186/2535/2316
f 2164/2510/2317 2179/2536/2317 2180/2538/2317
f 2173/2513/2318 2172/2511/2318 2187/2537/2318
f 2165/2512/2319 2180/2538/2319 2181/2540/2319
f 2174/2515/2320 2173/2513/2320 2188/2539/2320
f 2186/2535/2321 2185/2533/2321 2200/2541/2321
f 2178/2534/2322 2193/2557/2322 2194/2543/2322
f 2187/2537/2323 2186/2535/2323 2201/2542/2323
f 2179/2536/2324 2194/2543/2324 2195/2545/2324
f 2188/2539/2325 2187/2537/2325 2202/2544/2325
f 2180/2538/2326 2195/2545/2326 2196/2547/2326
f 2189/2525/2327 2188/2539/2327 2203/2546/2327
f 2181/2540/2328 2196/2547/2328 2197/2549/2328
f 2190/2526/2329 2189/2525/2329 2204/2548/2329
f 2182/2524/2330 2197/2549/2330 2198/2551/2330
f 2183/2527/2333 2198/2551/2333 2199/2555/2333
f 2176/2529/2334 2191/2553/2334 2192/2556/2334
f 2185/2533/2335 2184/2531/2335 2199/2555/2335
f 2177/2532/2336 2192/2556/2336 2193/2557/2336
f 2205/2550/2337 2204/2548/2337 2219/2558/2337
f 2197/2549/2338 2212/2574/2338 2213/2560/2338
f 2199/2555/2341 2198/2551/2341 2213/2560/2341
f 2191/2553/2342 2206/2562/2342 2207/2565/2342
f 2200/2541/2343 2199/2555/2343 2214/2564/2343
f 2192/2556/2344 2207/2565/2344 2208/2567/2344
f 2201/2542/2345 2200/2541/2345 2215/2566/2345
f 2193/2557/2346 2208/2567/2346 2209/2569/2346
f 2202/2544/2347 2201/2542/2347 2216/2568/2347
f 2194/2543/2348 2209/2569/2348 2210/2571/2348
f 2203/2546/2349 2202/2544/2349 2217/2570/2349
f 2195/2545/2350 2210/2571/2350 2211/2573/2350
f 2204/2548/2351 2203/2546/2351 2218/2572/2351
f 2196/2547/2352 2211/2573/2352 2212/2574/2352
f 2217/2570/2353 2216/2568/2353 2231/2575/2353
f 2209/2569/2354 2224/2591/2354 2225/2577/2354
f 2218/2572/2658 2217/2570/2658 2232/2576/2658
f 2210/2571/2356 2225/2577/2356 2226/2579/2356
f 2219/2558/2357 2218/2572/2357 2233/2578/2357
f 2211/2573/2358 2226/2579/2358 2227/2581/2358
f 2220/2559/2359 2219/2558/2359 2234/2580/2359
f 2212/2574/2659 2227/2581/2659 2228/2583/2659
f 2214/2564/2363 2213/2560/2363 2228/2583/2363
f 2206/2562/2364 2221/2585/2364 2222/2588/2364
f 2215/2566/2365 2214/2564/2365 2229/2587/2365
f 2207/2565/2366 2222/2588/2366 2223/2590/2366
f 2216/2568/2367 2215/2566/2367 2230/2589/2367
f 2208/2567/2368 2223/2590/2368 2224/2591/2368
f 2229/2587/2371 2228/2583/2371 2244/2596/2371
f 2221/2585/2372 2237/2593/2372 2238/2598/2372
f 2230/2589/2373 2229/2587/2373 2245/2597/2373
f 2222/2588/2374 2238/2598/2374 2239/2600/2374
f 2231/2575/2375 2230/2589/2375 2246/2599/2375
f 2223/2590/2376 2239/2600/2376 2240/2602/2376
f 2232/2576/2377 2231/2575/2377 2247/2601/2377
f 2224/2591/2378 2240/2602/2378 2241/2604/2378
f 2233/2578/2379 2232/2576/2379 2248/2603/2379
f 2225/2577/2380 2241/2604/2380 2242/2606/2380
f 2234/2580/2381 2233/2578/2381 2249/2605/2381
f 2226/2579/2382 2242/2606/2382 2243/2608/2382
f 2235/2582/2383 2234/2580/2383 2250/2607/2383
f 2227/2581/2660 2243/2608/2660 2244/2596/2660
f 2240/2602/2385 2255/2625/2385 2256/2609/2385
f 2249/2605/2386 2248/2603/2386 2263/2610/2386
f 2241/2604/2387 2256/2609/2387 2257/2612/2387
f 2250/2607/2388 2249/2605/2388 2264/2611/2388
f 2242/2606/2389 2257/2612/2389 2258/2614/2389
f 2251/2595/2390 2250/2607/2390 2265/2613/2390
f 2243/2608/2391 2258/2614/2391 2259/2616/2391
f 2244/2596/2394 2259/2616/2394 2260/2620/2394
f 2237/2593/2395 2252/2618/2395 2253/2621/2395
f 2246/2599/2396 2245/2597/2396 2260/2620/2396
f 2238/2598/2397 2253/2621/2397 2254/2623/2397
f 2247/2601/2398 2246/2599/2398 2261/2622/2398
f 2239/2600/2661 2254/2623/2661 2255/2625/2661
f 2248/2603/2400 2247/2601/2400 2262/2624/2400
f 2259/2616/2401 2274/2639/2401 2275/2626/2401
f 2252/2618/2402 2267/2641/2402 2268/2627/2402
f 2261/2622/2403 2260/2620/2403 2275/2626/2403
f 2253/2621/2404 2268/2627/2404 2269/2629/2404
f 2262/2624/2405 2261/2622/2405 2276/2628/2405
f 2254/2623/2406 2269/2629/2406 2270/2631/2406
f 2263/2610/2407 2262/2624/2407 2277/2630/2407
f 2255/2625/2408 2270/2631/2408 2271/2633/2408
f 2264/2611/2409 2263/2610/2409 2278/2632/2409
f 2256/2609/2410 2271/2633/2410 2272/2635/2410
f 2265/2613/2411 2264/2611/2411 2279/2634/2411
f 2257/2612/2412 2272/2635/2412 2273/2637/2412
f 2266/2615/2662 2265/2613/2662 2280/2636/2662
f 2258/2614/2414 2273/2637/2414 2274/2639/2414
f 2279/2634/2417 2278/2632/2417 2293/2643/2417
f 2271/2633/2418 2286/2659/2418 2287/2645/2418
f 2280/2636/2419 2279/2634/2419 2294/2644/2419
f 2272/2635/2420 2287/2645/2420 2288/2647/2420
f 2281/2638/2663 2280/2636/2663 2295/2646/2663
f 2273/2637/2422 2288/2647/2422 2289/2649/2422
f 2274/2639/2425 2289/2649/2425 2290/2653/2425
f 2267/2641/2426 2282/2651/2426 2283/2654/2426
f 2275/2626/2427 2290/2653/2427 2291/2655/2427
f 2268/2627/2428 2283/2654/2428 2284/2656/2428
f 2277/2630/2429 2276/2628/2429 2291/2655/2429
f 2269/2629/2430 2284/2656/2430 2285/2658/2430
f 2278/2632/2431 2277/2630/2431 2292/2657/2431
f 2270/2631/2432 2285/2658/2432 2286/2659/2432
f 2283/2660/2433 2282/2688/2433 2297/2661/2433
f 2290/2663/2434 2305/2691/2434 2306/2664/2434
f 2284/2666/2435 2283/2660/2435 2298/2662/2435
f 2291/2665/2436 2306/2664/2436 2307/2668/2436
f 2285/2670/2437 2284/2666/2437 2299/2667/2437
f 2292/2669/2438 2307/2668/2438 2308/2672/2438
f 2286/2674/2439 2285/2670/2439 2300/2671/2439
f 2293/2673/2440 2308/2672/2440 2309/2676/2440
f 2287/2678/2441 2286/2674/2441 2301/2675/2441
f 2294/2677/2442 2309/2676/2442 2310/2680/2442
f 2287/2678/2443 2302/2679/2443 2303/2682/2443
f 2295/2681/2444 2310/2680/2444 2311/2684/2444
f 2288/2683/2445 2303/2682/2445 2304/2686/2445
f 2289/2687/2448 2304/2686/2448 2305/2691/2448
f 2302/2679/2449 2301/2675/2449 2316/2692/2449
f 2309/2676/2450 2324/2708/2450 2325/2694/2450
f 2303/2682/2451 2302/2679/2451 2317/2693/2451
f 2310/2680/2452 2325/2694/2452 2326/2696/2452
f 2303/2682/2453 2318/2695/2453 2319/2697/2453
f 2304/2686/2456 2319/2697/2456 2320/2701/2456
f 2298/2662/2457 2297/2661/2457 2312/2699/2457
f 2305/2691/2458 2320/2701/2458 2321/2703/2458
f 2299/2667/2459 2298/2662/2459 2313/2702/2459
f 2306/2664/2460 2321/2703/2460 2322/2705/2460
f 2300/2671/2461 2299/2667/2461 2314/2704/2461
f 2307/2668/2462 2322/2705/2462 2323/2707/2462
f 2301/2675/2463 2300/2671/2463 2315/2706/2463
f 2308/2672/2464 2323/2707/2464 2324/2708/2464
f 2320/2701/2465 2335/2725/2465 2336/2709/2465
f 2314/2704/2466 2313/2702/2466 2328/2710/2466
f 2321/2703/2467 2336/2709/2467 2337/2712/2467
f 2315/2706/2664 2314/2704/2664 2329/2711/2664
f 2322/2705/2469 2337/2712/2469 2338/2714/2469
f 2316/2692/2470 2315/2706/2470 2330/2713/2470
f 2323/2707/2471 2338/2714/2471 2339/2716/2471
f 2317/2693/2472 2316/2692/2472 2331/2715/2472
f 2324/2708/2473 2339/2716/2473 2340/2718/2473
f 2318/2695/2474 2317/2693/2474 2332/2717/2474
f 2325/2694/2665 2340/2718/2665 2341/2720/2665
f 2319/2697/2476 2318/2695/2476 2333/2719/2476
f 2319/2697/2479 2334/2721/2479 2335/2725/2479
f 2313/2702/2480 2312/2699/2480 2327/2723/2480
f 2339/2716/2666 2354/2742/2666 2355/2726/2666
f 2333/2719/2482 2332/2717/2482 2347/2727/2482
f 2340/2718/2483 2355/2726/2483 2356/2729/2483
f 2334/2721/2484 2333/2719/2484 2348/2728/2484
f 2334/2721/2487 2349/2730/2487 2350/2734/2487
f 2328/2710/2488 2327/2723/2488 2342/2732/2488
f 2335/2725/2489 2350/2734/2489 2351/2736/2489
f 2329/2711/2490 2328/2710/2490 2343/2735/2490
f 2336/2709/2491 2351/2736/2491 2352/2738/2491
f 2330/2713/2492 2329/2711/2492 2344/2737/2492
f 2337/2712/2493 2352/2738/2493 2353/2740/2493
f 2331/2715/2667 2330/2713/2667 2345/2739/2667
f 2338/2714/2495 2353/2740/2495 2354/2742/2495
f 2332/2717/2496 2331/2715/2496 2346/2741/2496
f 2351/2736/2497 2366/2759/2497 2367/2743/2497
f 2345/2739/2668 2344/2737/2668 2359/2744/2668
f 2352/2738/2499 2367/2743/2499 2368/2746/2499
f 2346/2741/2500 2345/2739/2500 2360/2745/2500
f 2353/2740/2501 2368/2746/2501 2369/2748/2501
f 2347/2727/2502 2346/2741/2502 2361/2747/2502
f 2354/2742/2503 2369/2748/2503 2370/2750/2503
f 2348/2728/2504 2347/2727/2504 2362/2749/2504
f 2355/2726/2505 2370/2750/2505 2371/2752/2505
f 2349/2730/2506 2348/2728/2506 2363/2751/2506
f 2349/2730/2509 2364/2753/2509 2365/2757/2509
f 2343/2735/2669 2342/2732/2669 2357/2755/2669
f 2350/2734/2511 2365/2757/2511 2366/2759/2511
f 2344/2737/2512 2343/2735/2512 2358/2758/2512
f 2370/2750/2670 2385/2776/2670 2386/2760/2670
f 2364/2753/2514 2363/2751/2514 2378/2761/2514
f 2364/2753/2517 2379/2762/2517 2380/2766/2517
f 2358/2758/2518 2357/2755/2518 2372/2764/2518
f 2365/2757/2519 2380/2766/2519 2381/2768/2519
f 2359/2744/2520 2358/2758/2520 2373/2767/2520
f 2366/2759/2521 2381/2768/2521 2382/2770/2521
f 2360/2745/2522 2359/2744/2522 2374/2769/2522
f 2367/2743/2523 2382/2770/2523 2383/2772/2523
f 2361/2747/2524 2360/2745/2524 2375/2771/2524
f 2368/2746/2525 2383/2772/2525 2384/2774/2525
f 2362/2749/2526 2361/2747/2526 2376/2773/2526
f 2369/2748/2527 2384/2774/2527 2385/2776/2527
f 2363/2751/2528 2362/2749/2528 2377/2775/2528
f 2375/2771/2529 2374/2769/2529 2389/2777/2529
f 2382/2770/2671 2397/2793/2671 2398/2779/2671
f 2376/2773/2531 2375/2771/2531 2390/2778/2531
f 2383/2772/2672 2398/2779/2672 2399/2781/2672
f 2377/2775/2533 2376/2773/2533 2391/2780/2533
f 2384/2774/2534 2399/2781/2534 2400/2783/2534
f 2378/2761/2535 2377/2775/2535 2392/2782/2535
f 2385/2776/2536 2400/2783/2536 2401/2785/2536
f 2379/2762/2537 2378/2761/2537 2393/2784/2537
f 2379/2762/2673 2394/2786/2673 2395/2790/2673
f 2373/2767/2541 2372/2764/2541 2387/2788/2541
f 2380/2766/2542 2395/2790/2542 2396/2792/2542
f 2374/2769/2674 2373/2767/2674 2388/2791/2674
f 2381/2768/2544 2396/2792/2544 2397/2793/2544
f 2394/2786/2545 2393/2784/2545 1931/2268/2545
f 2394/2786/2548 1932/2240/2548 1933/2247/2548
f 2388/2791/2549 2387/2788/2549 2402/2243/2549
f 2395/2790/2550 1933/2247/2550 2406/2251/2550
f 2389/2777/2551 2388/2791/2551 2403/2250/2551
f 2396/2792/2552 2406/2251/2552 1934/2255/2552
f 2390/2778/2553 2389/2777/2553 1929/2254/2553
f 2397/2793/2554 1934/2255/2554 2407/2259/2554
f 2391/2780/2555 2390/2778/2555 2404/2258/2555
f 2398/2779/2556 2407/2259/2556 2408/2263/2556
f 2392/2782/2557 2391/2780/2557 1930/2262/2557
f 2399/2781/2558 2408/2263/2558 2409/2267/2558
f 2393/2784/2559 2392/2782/2559 2405/2266/2559
f 2400/2783/2560 2409/2267/2560 2410/2237/2560
